serial_no,facility_name,provider_type,state,lga,city,address,phone,email,accreditation_hint,latitude,longitude,geocode_status,source_url,extracted_at,source_code
nhia_hcp_0001,Sancta Maria Specialist & Mat.,hospital,Abia,,,"No. 22 Constitution Crescent, Aba, P.O.BOX 3332,Abia state.",,,NHIA directory code AB/0001/P,,,area,https://integratedhealthcareltd.com/provider-directory-nhia/,2026-04-23T11:40:35Z,AB/0001/P
nhia_hcp_0002,ABIA STATE UNIVERSITY TEACHING HOSPITAL,hospital,Abia,,,"Ayaba, Umueze Abayi Aba",,,NHIA directory code AB/0004/P,,,area,https://integratedhealthcareltd.com/provider-directory-nhia/,2026-04-23T11:40:35Z,AB/0004/P
nhia_hcp_0003,AMARA JANE HOSPITAL AND MATERNAL,hospital,Abia,,,,,,NHIA directory code AB/0200/P,,,area,https://integratedhealthcareltd.com/provider-directory-nhia/,2026-04-23T11:40:35Z,AB/0200/P
nhia_hcp_0004,Austin Grace Hospital,hospital,Abia,,,"16, Okigwe Road, Aba.",,,NHIA directory code AB/0031/P,,,area,https://integratedhealthcareltd.com/provider-directory-nhia/,2026-04-23T11:40:35Z,AB/0031/P
nhia_hcp_0005,Daughters Of Mary Mother Of Mercy Hospital,hospital,Abia,,,"AhiaekeNdume, UmuahiaAbia State",,,NHIA directory code AB/0175/P,,,area,https://integratedhealthcareltd.com/provider-directory-nhia/,2026-04-23T11:40:35Z,AB/0175/P
nhia_hcp_0006,DSS Clinic,clinic,Abia,,,"Umuahia, Abia State",,,NHIA directory code AB/0090/P,,,area,https://integratedhealthcareltd.com/provider-directory-nhia/,2026-04-23T11:40:35Z,AB/0090/P
nhia_hcp_0007,El-Shaddai hospital,hospital,Abia,,,"40 AHOADA STREET, UMUAHIA.",,,NHIA directory code AB/0113/P,,,area,https://integratedhealthcareltd.com/provider-directory-nhia/,2026-04-23T11:40:35Z,AB/0113/P
nhia_hcp_0008,"Federal Medical Centre, Umuahia",clinic,Abia,,,"Aba Road, Umuahia, Abia State.",,,NHIA directory code AB/0014/P,,,area,https://integratedhealthcareltd.com/provider-directory-nhia/,2026-04-23T11:40:35Z,AB/0014/P
nhia_hcp_0009,"General Hospital, Ama-Achara",hospital,Abia,,,"Ama-Achara, Umuahia",,,NHIA directory code AB/0018/P,,,area,https://integratedhealthcareltd.com/provider-directory-nhia/,2026-04-23T11:40:35Z,AB/0018/P
nhia_hcp_0010,HEALING CROSS HOSPITAL,hospital,Abia,,,"KLM 2, OFF BENDE ROAD, UMUAHIA, ABIA STATE.",,,NHIA directory code AB/0107/P,,,area,https://integratedhealthcareltd.com/provider-directory-nhia/,2026-04-23T11:40:35Z,AB/0107/P
nhia_hcp_0011,John Okorie Memorial Hospital,hospital,Abia,,,"12-14 AKABUOGU STREET OFF P.H ROAD, ABA",,,NHIA directory code AB/0007/P,,,area,https://integratedhealthcareltd.com/provider-directory-nhia/,2026-04-23T11:40:35Z,AB/0007/P
nhia_hcp_0012,Living Word Hospital,hospital,Abia,,,"5/7 Umuocham Street, Aba.",,,NHIA directory code AB/0024/P,,,area,https://integratedhealthcareltd.com/provider-directory-nhia/,2026-04-23T11:40:35Z,AB/0024/P
nhia_hcp_0013,LIVING WORD HOSPITAL ABA NORTH-,hospital,Abia,,,ABIA STATE,,,NHIA directory code AB/0026/P,,,area,https://integratedhealthcareltd.com/provider-directory-nhia/,2026-04-23T11:40:35Z,AB/0026/P
nhia_hcp_0014,Madonna Catholic Hospital,hospital,Abia,,,"Ohokobe Afaraukwu Aba Road,Umuahia. Abia State",,,NHIA directory code AB/0194/P,,,area,https://integratedhealthcareltd.com/provider-directory-nhia/,2026-04-23T11:40:35Z,AB/0194/P
nhia_hcp_0015,New Era Hospital & Maternity,clinic,Abia,,,90b Oji River Street Umuzukwu Layout,,,NHIA directory code AB/0041/P,,,area,https://integratedhealthcareltd.com/provider-directory-nhia/,2026-04-23T11:40:35Z,AB/0041/P
nhia_hcp_0016,New Era Specialist Hospital,hospital,Abia,,,"213-215 Azikiwe Road, Aba, Abia State",,,NHIA directory code AB/0006/P,,,area,https://integratedhealthcareltd.com/provider-directory-nhia/,2026-04-23T11:40:35Z,AB/0006/P
nhia_hcp_0017,"Police Hospital, Umuahia",hospital,Abia,,,"Abia State Police Command, bende road, Abia State",,,NHIA directory code AB/0093/P,,,area,https://integratedhealthcareltd.com/provider-directory-nhia/,2026-04-23T11:40:35Z,AB/0093/P
nhia_hcp_0018,Princess May Specialist Hospital,hospital,Abia,,,"45, New Umuahia Road Ogbor Hill, Aba",,,NHIA directory code AB/0030/P,,,area,https://integratedhealthcareltd.com/provider-directory-nhia/,2026-04-23T11:40:35Z,AB/0030/P
nhia_hcp_0019,St. Vincent's Hospital,hospital,Abia,,,"9 Timber Road Umuahia, Abia State.",,,NHIA directory code AB/0039/P,,,area,https://integratedhealthcareltd.com/provider-directory-nhia/,2026-04-23T11:40:35Z,AB/0039/P
nhia_hcp_0020,The Nazareth Clinics,hospital,Abia,,,"57 Pound Road, Aba. Abia State",,,NHIA directory code AB/0095/P,,,area,https://integratedhealthcareltd.com/provider-directory-nhia/,2026-04-23T11:40:35Z,AB/0095/P
nhia_hcp_0021,ADAMAWA HOSPITAL,hospital,Adamawa,,,"ABUJA ROAD, YOLA TOWN,ADAMAWA STATE",,,NHIA directory code AD/0025/P,,,area,https://integratedhealthcareltd.com/provider-directory-nhia/,2026-04-23T11:40:35Z,AD/0025/P
nhia_hcp_0022,BELL DOME CONSULT HOSPITAL,hospital,Adamawa,,,,,,NHIA directory code AD/0366/P,,,area,https://integratedhealthcareltd.com/provider-directory-nhia/,2026-04-23T11:40:35Z,AD/0366/P
nhia_hcp_0023,"Cottage Hospital, Fufore",hospital,Adamawa,,,"Fufore, Adamawa State",,,NHIA directory code AD/0078/P,,,area,https://integratedhealthcareltd.com/provider-directory-nhia/,2026-04-23T11:40:35Z,AD/0078/P
nhia_hcp_0024,"COTTAGE HOSPITAL, MAYO-BELWA",hospital,Adamawa,,,"MAYO-BELWA, Adamawa State.",,,NHIA directory code AD/0006/P,,,area,https://integratedhealthcareltd.com/provider-directory-nhia/,2026-04-23T11:40:35Z,AD/0006/P
nhia_hcp_0025,"COTTAGE HOSPITAL, SONG",hospital,Adamawa,,,"SONG, ADAMAWA STATE",,,NHIA directory code AD/0015/P,,,area,https://integratedhealthcareltd.com/provider-directory-nhia/,2026-04-23T11:40:35Z,AD/0015/P
nhia_hcp_0026,Da'ama Specialist Hospital,hospital,Adamawa,,,"70/72 Atiku Abubakar Road, Yola",,,NHIA directory code AD/0125/P,,,area,https://integratedhealthcareltd.com/provider-directory-nhia/,2026-04-23T11:40:35Z,AD/0125/P
nhia_hcp_0027,"Federal College of Education, College Clinic",clinic,Adamawa,,,"Jimeta, Yola Road, Adamawa State",,,NHIA directory code AD/0083/P,,,area,https://integratedhealthcareltd.com/provider-directory-nhia/,2026-04-23T11:40:35Z,AD/0083/P
nhia_hcp_0028,Federal Medical Centre,clinic,Adamawa,,,"Lamido Zubairu Raod P.M.B. 2017 Yola, Bye-Pass Yola Town, Adamawa State.",,,NHIA directory code AD/0048/P,,,area,https://integratedhealthcareltd.com/provider-directory-nhia/,2026-04-23T11:40:35Z,AD/0048/P
nhia_hcp_0029,"Federal University of Tech. Medical Centre, Yola",clinic,Adamawa,,,"Yola, Adamawa State",,,NHIA directory code AD/0098/P,,,area,https://integratedhealthcareltd.com/provider-directory-nhia/,2026-04-23T11:40:35Z,AD/0098/P
nhia_hcp_0030,Fombina Diagnosis And Clinic,clinic,Adamawa,,,yola,,,NHIA directory code AD/0367/P,,,area,https://integratedhealthcareltd.com/provider-directory-nhia/,2026-04-23T11:40:35Z,AD/0367/P
nhia_hcp_0031,GALBOSE CLINIC,clinic,Adamawa,,,No 22 Atiku Abubakar Way Jimeta Yola.Adamawa State,,,NHIA directory code AD/0021/P,,,area,https://integratedhealthcareltd.com/provider-directory-nhia/,2026-04-23T11:40:35Z,AD/0021/P
nhia_hcp_0032,"General Hospital, Ganye",hospital,Adamawa,,,"Adamu Sanda Street P.M.B 2032 Ganye, Adamawa State.",,,NHIA directory code AD/0002/P,,,area,https://integratedhealthcareltd.com/provider-directory-nhia/,2026-04-23T11:40:35Z,AD/0002/P
nhia_hcp_0033,"GENERAL HOSPITAL, GARKIDA",hospital,Adamawa,,,"GARKIDA,ADAMAWA STATE,GOMBI LOCAL GOVT",,,NHIA directory code AD/0054/P,,,area,https://integratedhealthcareltd.com/provider-directory-nhia/,2026-04-23T11:40:35Z,AD/0054/P
nhia_hcp_0034,"General Hospital, Michika",hospital,Adamawa,,,"Michika, Adamawa State",,,NHIA directory code AD/0077/P,,,area,https://integratedhealthcareltd.com/provider-directory-nhia/,2026-04-23T11:40:35Z,AD/0077/P
nhia_hcp_0035,"GENERAL HOSPITAL, MUBI",hospital,Adamawa,,,"General Hospital Mubi,P.M.B 06 Mubi, ADAMAWA STATE.",,,NHIA directory code AD/0052/P,,,area,https://integratedhealthcareltd.com/provider-directory-nhia/,2026-04-23T11:40:35Z,AD/0052/P
nhia_hcp_0036,"GENERAL HOSPITAL, NUMAN",hospital,Adamawa,,,"NUMAN, ADAMAWA STATE",,,NHIA directory code AD/0013/P,,,area,https://integratedhealthcareltd.com/provider-directory-nhia/,2026-04-23T11:40:35Z,AD/0013/P
nhia_hcp_0037,Jimeta Clinics & Maternity,clinic,Adamawa,,,"43, Bishop Street, Jimeta, Yola.",,,NHIA directory code AD/0030/P,,,area,https://integratedhealthcareltd.com/provider-directory-nhia/,2026-04-23T11:40:35Z,AD/0030/P
nhia_hcp_0038,KAUNA IBJ SPECIALIST CLINIC,clinic,Adamawa,,,ADAMAWA STATE,,,NHIA directory code AD/0376/P,,,area,https://integratedhealthcareltd.com/provider-directory-nhia/,2026-04-23T11:40:35Z,AD/0376/P
nhia_hcp_0039,Meddy private clinic yola,clinic,Adamawa,,,yola,,,NHIA directory code AD/0129/P,,,area,https://integratedhealthcareltd.com/provider-directory-nhia/,2026-04-23T11:40:35Z,AD/0129/P
nhia_hcp_0040,NEWLIFE HOSPITAL,hospital,Adamawa,,,"SABON LAYI, MUBI,ADAMAWA STATE",,,NHIA directory code AD/0053/P,,,area,https://integratedhealthcareltd.com/provider-directory-nhia/,2026-04-23T11:40:35Z,AD/0053/P
nhia_hcp_0041,Peace Hospital,hospital,Adamawa,,,"No. 2 upper Luggere Street, Beside St. Theresa''s Cathedral, Yola, Adamawa State.",,,NHIA directory code AD/0024/P,,,area,https://integratedhealthcareltd.com/provider-directory-nhia/,2026-04-23T11:40:35Z,AD/0024/P
nhia_hcp_0042,"Specialist Hospital, Yola",hospital,Adamawa,,,"HOSPITAL ROAD YOLA NORTH, ADAMAWA STATE.",,,NHIA directory code AD/0017/P,,,area,https://integratedhealthcareltd.com/provider-directory-nhia/,2026-04-23T11:40:35Z,AD/0017/P
nhia_hcp_0043,THE FREEDOM POLYCLINIC,clinic,Adamawa,,,"9B HOSPITAL ROAD, JIMETA, YOLA, ADAMAWA STATE.",,,NHIA directory code AD/0028/P,,,area,https://integratedhealthcareltd.com/provider-directory-nhia/,2026-04-23T11:40:35Z,AD/0028/P
nhia_hcp_0044,The New Boshang Clinic and maternity Ltd,clinic,Adamawa,,,"Karewa GRA, Jimeta-Yola",,,NHIA directory code AD/0118/P,,,area,https://integratedhealthcareltd.com/provider-directory-nhia/,2026-04-23T11:40:35Z,AD/0118/P
nhia_hcp_0045,"UNITY MULTI SPECIALTY HOSPITAL, Y",hospital,Adamawa,,,"3 Mustapha Ismail Ave.Army Barracks Road, Malamre, Yola",,,NHIA directory code AD/0020/P,,,area,https://integratedhealthcareltd.com/provider-directory-nhia/,2026-04-23T11:40:35Z,AD/0020/P
nhia_hcp_0046,6 Bn MRS Abak,hospital,Akwa Ibom,,,"6 Battilion Medical Reception Station, Willington Bassay Barracks, Ibagwa, Abak, Akwa Ibom State.",,,NHIA directory code AK/0032/P,,,area,https://integratedhealthcareltd.com/provider-directory-nhia/,2026-04-23T11:40:35Z,AK/0032/P
nhia_hcp_0047,Dammy memorial hospital,hospital,Akwa Ibom,,,"34, ukana offot street, uyo, Akwa-ibom",,,NHIA directory code AK/0048/P,,,area,https://integratedhealthcareltd.com/provider-directory-nhia/,2026-04-23T11:40:35Z,AK/0048/P
nhia_hcp_0048,Domingo hospital,hospital,Akwa Ibom,,,"Plot 9, unit E, Ben Udo Street, Ewet Housing estate, uyo",,,NHIA directory code AK/0050/P,,,area,https://integratedhealthcareltd.com/provider-directory-nhia/,2026-04-23T11:40:35Z,AK/0050/P
nhia_hcp_0049,Etuknwa Specialist Clinic,clinic,Akwa Ibom,,,"120,Udo-Umana Street, Uyo Akwa Ibom State",,,NHIA directory code AK/0084/P,,,area,https://integratedhealthcareltd.com/provider-directory-nhia/,2026-04-23T11:40:35Z,AK/0084/P
nhia_hcp_0050,FULCARE SPECIALIST CLINICS & HOSPITAL,hospital,Akwa Ibom,,,"15B EKPANYA STREET, OFF IKOT EKPENE ROAD UYO",,,NHIA directory code AK/0118/P,,,area,https://integratedhealthcareltd.com/provider-directory-nhia/,2026-04-23T11:40:35Z,AK/0118/P
nhia_hcp_0051,"General Hospital, Ikot Ekpene",hospital,Akwa Ibom,,,"Ikot Ekpene, Akwa Ibom",,,NHIA directory code AK/0007/P,,,area,https://integratedhealthcareltd.com/provider-directory-nhia/,2026-04-23T11:40:35Z,AK/0007/P
nhia_hcp_0052,"GENERAL HOSPITAL, IQUITA-ORON",hospital,Akwa Ibom,,,"IQUITA-ORON,AKWA IBOM STATE",,,NHIA directory code AK/0010/P,,,area,https://integratedhealthcareltd.com/provider-directory-nhia/,2026-04-23T11:40:35Z,AK/0010/P
nhia_hcp_0053,Immanuel General Hospital,hospital,Akwa Ibom,,,"Eket, Akwa Ibom",,,NHIA directory code AK/0002/P,,,area,https://integratedhealthcareltd.com/provider-directory-nhia/,2026-04-23T11:40:35Z,AK/0002/P
nhia_hcp_0054,Kokobo Specialist Clinc,hospital,Akwa Ibom,,,Akwa Ibom,,,NHIA directory code BY/0068/P,,,area,https://integratedhealthcareltd.com/provider-directory-nhia/,2026-04-23T11:40:35Z,BY/0068/P
nhia_hcp_0055,Lifecare Hospital,hospital,Akwa Ibom,,,"No 8 Udosen uko street, Off Nwaniba Rd,Uyo, Akwa Ibom.",,,NHIA directory code AK/0016/P,,,area,https://integratedhealthcareltd.com/provider-directory-nhia/,2026-04-23T11:40:35Z,AK/0016/P
nhia_hcp_0056,Majesty Hospital & Eye Clinics,optical,Akwa Ibom,,,"No 60 Wellinton Bassey Way, Uyo, Akwa Ibom State.",,,NHIA directory code AK/0035/P,,,area,https://integratedhealthcareltd.com/provider-directory-nhia/,2026-04-23T11:40:35Z,AK/0035/P
nhia_hcp_0057,Mercy hospital,hospital,Akwa Ibom,,,"95 hospital road, Abak, Ak/Ibom",,,NHIA directory code AK/0058/P,,,area,https://integratedhealthcareltd.com/provider-directory-nhia/,2026-04-23T11:40:35Z,AK/0058/P
nhia_hcp_0058,Mfon Abasi Medical Centre,clinic,Akwa Ibom,,,"No 10 Gibbs street, Uyo, Akwa Ibom",,,NHIA directory code AK/0013/P,,,area,https://integratedhealthcareltd.com/provider-directory-nhia/,2026-04-23T11:40:35Z,AK/0013/P
nhia_hcp_0059,Mount Olive Clinic & Maternity,clinic,Akwa Ibom,,,"8 Ebonny Essien Street, off Ikot Ekpene Rd, Uyo, A/Ibom State",,,NHIA directory code AK/0037/P,,,area,https://integratedhealthcareltd.com/provider-directory-nhia/,2026-04-23T11:40:35Z,AK/0037/P
nhia_hcp_0060,NAF Medical Centre,clinic,Akwa Ibom,,,"Air Force Comp Sec. Sch., Uyo",,,NHIA directory code AK/0030/P,,,area,https://integratedhealthcareltd.com/provider-directory-nhia/,2026-04-23T11:40:35Z,AK/0030/P
nhia_hcp_0061,"Police Clinics, Akwa Ibom",hospital,Akwa Ibom,,,"Ikot Akpau Abia,uyo, Akwa Ibom State.",,,NHIA directory code AK/0044/P,,,area,https://integratedhealthcareltd.com/provider-directory-nhia/,2026-04-23T11:40:35Z,AK/0044/P
nhia_hcp_0062,Premier Medical Services,hospital,Akwa Ibom,,,"3,High Tension Line,Edet Akpan Avenue, Uyo Akwa Ibom State",,,NHIA directory code AK/0092/P,,,area,https://integratedhealthcareltd.com/provider-directory-nhia/,2026-04-23T11:40:35Z,AK/0092/P
nhia_hcp_0063,St. Athanasius hospital,hospital,Akwa Ibom,,,"1, ufeh street,F.H.estate , Abak road, Uyo.",,,NHIA directory code AK/0059/P,,,area,https://integratedhealthcareltd.com/provider-directory-nhia/,2026-04-23T11:40:35Z,AK/0059/P
nhia_hcp_0064,St. Lukes Hospital,hospital,Akwa Ibom,,,"Anua P.M.B. 3, Uyo, Akwa Ibom State",,,NHIA directory code AK/0095/P,,,area,https://integratedhealthcareltd.com/provider-directory-nhia/,2026-04-23T11:40:35Z,AK/0095/P
nhia_hcp_0065,The Brigde Clinic,clinic,Akwa Ibom,,,"111 Umuahia Road, Ikot Ekpene, Akwa Ibom State.",,,NHIA directory code AK/0110/P,,,area,https://integratedhealthcareltd.com/provider-directory-nhia/,2026-04-23T11:40:35Z,AK/0110/P
nhia_hcp_0066,Ubong Abasi specialist clinic,clinic,Akwa Ibom,,,"5, clement Isong street, FHA estate, Abak road, Uyo.",,,NHIA directory code AK/0060/P,,,area,https://integratedhealthcareltd.com/provider-directory-nhia/,2026-04-23T11:40:35Z,AK/0060/P
nhia_hcp_0067,"University of Uyo Health Centre, Uyo",clinic,Akwa Ibom,,,"Uyo, A/Ibom State",,,NHIA directory code AK/0045/P,,,area,https://integratedhealthcareltd.com/provider-directory-nhia/,2026-04-23T11:40:35Z,AK/0045/P
nhia_hcp_0068,"University Of Uyo Teaching Hospital, Uyo",hospital,Akwa Ibom,,,"Ediene Ikot Obio Imo, Olusegun Obasegun Way Uyo, Akwa Ibom.",,,NHIA directory code AK/0012/P,,,area,https://integratedhealthcareltd.com/provider-directory-nhia/,2026-04-23T11:40:35Z,AK/0012/P
nhia_hcp_0069,Uwakmfon Specialist Clinics & Hospital,hospital,Akwa Ibom,,,"27 Nwaniba Road, Uyo, Akwa Ibom State.",,,NHIA directory code AK/0017/P,,,area,https://integratedhealthcareltd.com/provider-directory-nhia/,2026-04-23T11:40:35Z,AK/0017/P
nhia_hcp_0070,Uwana Family Hospital,hospital,Akwa Ibom,,,"16a,Nkemba street, Uyo, Akwa Ibom",,,NHIA directory code AK/0014/P,,,area,https://integratedhealthcareltd.com/provider-directory-nhia/,2026-04-23T11:40:35Z,AK/0014/P
nhia_hcp_0071,Zoe Consultants Hospital,hospital,Akwa Ibom,,,Akwa ibom state,,,NHIA directory code AK/0111/P,,,area,https://integratedhealthcareltd.com/provider-directory-nhia/,2026-04-23T11:40:35Z,AK/0111/P
nhia_hcp_0072,Anambra State University Teaching Hospital,hospital,Anambra,,,Awka Amaku Anambra State,,,NHIA directory code AN/0235/P,,,area,https://integratedhealthcareltd.com/provider-directory-nhia/,2026-04-23T11:40:35Z,AN/0235/P
nhia_hcp_0073,Beacon Hospital,hospital,Anambra,,,No 10 Beacon Hospital street off Enugu- Onitsha Express way(Near Regina caeli Hospital Road Juction Awka.,,,NHIA directory code AN/0004/P,,,area,https://integratedhealthcareltd.com/provider-directory-nhia/,2026-04-23T11:40:35Z,AN/0004/P
nhia_hcp_0074,Beluchukwu Memorial Hospital,hospital,Anambra,,,"Nkwo, Enugu-Ukwu, Anambra State",,,NHIA directory code AN/0088/P,,,area,https://integratedhealthcareltd.com/provider-directory-nhia/,2026-04-23T11:40:35Z,AN/0088/P
nhia_hcp_0075,Chimex Specialist Hospital,hospital,Anambra,,,"No. 87 Ezemewi Road, Nnewichi, Nnewi, Anambra State",,,NHIA directory code AN/0099/P,,,area,https://integratedhealthcareltd.com/provider-directory-nhia/,2026-04-23T11:40:35Z,AN/0099/P
nhia_hcp_0076,Christ the King Hospital,hospital,Anambra,,,"Off Nkwura Street, Awka, Anambra State",,,NHIA directory code AN/0085/P,,,area,https://integratedhealthcareltd.com/provider-directory-nhia/,2026-04-23T11:40:35Z,AN/0085/P
nhia_hcp_0077,Cottage Hospital/Comprehensive Health Centre,clinic,Anambra,,,"Anambra State Police Command, Anambra State",,,NHIA directory code AN/0084/P,,,area,https://integratedhealthcareltd.com/provider-directory-nhia/,2026-04-23T11:40:35Z,AN/0084/P
nhia_hcp_0078,CREST SPECIALIST CLINIC,clinic,Anambra,,,"AWKA, ANAMBRA STATE",,,NHIA directory code AN/0198/P,,,area,https://integratedhealthcareltd.com/provider-directory-nhia/,2026-04-23T11:40:35Z,AN/0198/P
nhia_hcp_0079,CROWN HOSPITAL,hospital,Anambra,,,"UMUOJI ROAD,NKPOR, ANAMBRA STATE",,,NHIA directory code AN/0133/P,,,area,https://integratedhealthcareltd.com/provider-directory-nhia/,2026-04-23T11:40:35Z,AN/0133/P
nhia_hcp_0080,Divine Hospital & Maternity,clinic,Anambra,,,"57, Nnamdi Azikiwe Avenue Awka, Anambra State",,,NHIA directory code AN/0005/P,,,area,https://integratedhealthcareltd.com/provider-directory-nhia/,2026-04-23T11:40:35Z,AN/0005/P
nhia_hcp_0081,Eldorado Muili-Specialist Hospital,hospital,Anambra,,,ANAMBRA STATE,,,NHIA directory code AN/0280/P,,,area,https://integratedhealthcareltd.com/provider-directory-nhia/,2026-04-23T11:40:35Z,AN/0280/P
nhia_hcp_0082,General Hospital Onitsha,hospital,Anambra,,,"Hospital Road, Onitsha, Anambra State.",,,NHIA directory code AN/0012/P,,,area,https://integratedhealthcareltd.com/provider-directory-nhia/,2026-04-23T11:40:35Z,AN/0012/P
nhia_hcp_0083,Holy Rosary Specialist Hospital,hospital,Anambra,,,"Waterside, Along Bank of the Niger, Onitsha, Anambra State",,,NHIA directory code AN/0086/P,,,area,https://integratedhealthcareltd.com/provider-directory-nhia/,2026-04-23T11:40:35Z,AN/0086/P
nhia_hcp_0084,Ifebi Medical Centre,clinic,Anambra,,,"16A, Igwebuike School Road, Awka, Anambra State.",,,NHIA directory code AN/0087/P,,,area,https://integratedhealthcareltd.com/provider-directory-nhia/,2026-04-23T11:40:35Z,AN/0087/P
nhia_hcp_0085,IMMACULATE HEART HOSPITAL AND MAT.,hospital,Anambra,,,OLD ENUGU-ONITSHA,,,NHIA directory code AN/0138/P,,,area,https://integratedhealthcareltd.com/provider-directory-nhia/,2026-04-23T11:40:35Z,AN/0138/P
nhia_hcp_0086,Infant Jesus Hospital & Children Clinic,clinic,Anambra,,,"NO I EMENIKE CRESCENT, OREMOHU STREET, AWADA, ANAMBARA STATE.",,,NHIA directory code AN/0202/P,,,area,https://integratedhealthcareltd.com/provider-directory-nhia/,2026-04-23T11:40:35Z,AN/0202/P
nhia_hcp_0087,Iyienu Hospital,hospital,Anambra,,,"Iyienu Hospital Road, Ogidi",,,NHIA directory code AN/0193/P,,,area,https://integratedhealthcareltd.com/provider-directory-nhia/,2026-04-23T11:40:35Z,AN/0193/P
nhia_hcp_0088,King David Hospital,hospital,Anambra,,,"Agulu, Anambra State",,,NHIA directory code AN/0100/P,,,area,https://integratedhealthcareltd.com/provider-directory-nhia/,2026-04-23T11:40:35Z,AN/0100/P
nhia_hcp_0089,Life Specialist Hospital,hospital,Anambra,,,"No. 7 Ikemba Drive, Umudim, Nnewi, Anambra State",,,NHIA directory code AN/0098/P,,,area,https://integratedhealthcareltd.com/provider-directory-nhia/,2026-04-23T11:40:35Z,AN/0098/P
nhia_hcp_0090,Mezie Hospital & Maternity,clinic,Anambra,,,"103b Upper New Market, Onitsha, Anambra",,,NHIA directory code AN/0027/P,,,area,https://integratedhealthcareltd.com/provider-directory-nhia/,2026-04-23T11:40:35Z,AN/0027/P
nhia_hcp_0091,New Hope Medical Centre,clinic,Anambra,,,"80, Modebe Avenue, Odoakpu, Onitsha, Anambra State.",,,NHIA directory code AN/0017/P,,,area,https://integratedhealthcareltd.com/provider-directory-nhia/,2026-04-23T11:40:35Z,AN/0017/P
nhia_hcp_0092,Nnamdi Azikiwe University Teaching Hospital,hospital,Anambra,,,"Nnewi, Anambra State",,,NHIA directory code AN/0008/P,,,area,https://integratedhealthcareltd.com/provider-directory-nhia/,2026-04-23T11:40:35Z,AN/0008/P
nhia_hcp_0093,Obiwanne Hospital & Maternity,clinic,Anambra,,,"102 Limka Road, Nkpor Anambra State.",,,NHIA directory code AN/0030/P,,,area,https://integratedhealthcareltd.com/provider-directory-nhia/,2026-04-23T11:40:35Z,AN/0030/P
nhia_hcp_0094,Prime Specialist Hospital,hospital,Anambra,,,"5, Nwufo Meniru Street Beside Bishop Crother Seminary, Awka Anambra State",,,NHIA directory code AN/0243/P,,,area,https://integratedhealthcareltd.com/provider-directory-nhia/,2026-04-23T11:40:35Z,AN/0243/P
nhia_hcp_0095,Regina Caeli Specialist Hospital,hospital,Anambra,,,"17, Regina Caeli Road, Awka",,,NHIA directory code AN/0257/P,,,area,https://integratedhealthcareltd.com/provider-directory-nhia/,2026-04-23T11:40:35Z,AN/0257/P
nhia_hcp_0096,Rock Foundation Hospital & Maternity,clinic,Anambra,,,"5,Igwebuike Road Awka Anambra State",,,NHIA directory code AN/0236/P,,,area,https://integratedhealthcareltd.com/provider-directory-nhia/,2026-04-23T11:40:35Z,AN/0236/P
nhia_hcp_0097,Sefton Specialist Medical Centre,clinic,Anambra,,,"5, Onwubuya Street, off Court Road, Akwa",,,NHIA directory code AN/0123/P,,,area,https://integratedhealthcareltd.com/provider-directory-nhia/,2026-04-23T11:40:35Z,AN/0123/P
nhia_hcp_0098,St Victoria Specialist Hospital & Maternity,clinic,Anambra,,,61 Orlu Ekwulobia,,,NHIA directory code AN/0195/P,,,area,https://integratedhealthcareltd.com/provider-directory-nhia/,2026-04-23T11:40:35Z,AN/0195/P
nhia_hcp_0099,St. Annes Hospital & Maternity,clinic,Anambra,,,"7, Enugu Road, Nkpor, Anambra State.",,,NHIA directory code AN/0031/P,,,area,https://integratedhealthcareltd.com/provider-directory-nhia/,2026-04-23T11:40:35Z,AN/0031/P
nhia_hcp_0100,St. Catherines Hospital & Maternity,clinic,Anambra,,,"Umumze, Anambra State",,,NHIA directory code AN/0129/P,,,area,https://integratedhealthcareltd.com/provider-directory-nhia/,2026-04-23T11:40:35Z,AN/0129/P
nhia_hcp_0101,St. Charles Borromeo Hospital,hospital,Anambra,,,"Off Limca Road, Onitsha, Anambra State",,,NHIA directory code AN/0091/P,,,area,https://integratedhealthcareltd.com/provider-directory-nhia/,2026-04-23T11:40:35Z,AN/0091/P
nhia_hcp_0102,TIME TO FORTE CARE-,hospital,Anambra,,,,,,NHIA directory code AN/0277/P,,,area,https://integratedhealthcareltd.com/provider-directory-nhia/,2026-04-23T11:40:35Z,AN/0277/P
nhia_hcp_0103,Urban Hospital & Maternity,clinic,Anambra,,,Enugu/Onitsha Express Way,,,NHIA directory code AN/0178/P,,,area,https://integratedhealthcareltd.com/provider-directory-nhia/,2026-04-23T11:40:35Z,AN/0178/P
nhia_hcp_0104,Venik Specalist Hospital,hospital,Anambra,,,"No. 1 Olo Street, Omagba Layout Onitsha, Anambra State",,,NHIA directory code AN/0018/P,,,area,https://integratedhealthcareltd.com/provider-directory-nhia/,2026-04-23T11:40:35Z,AN/0018/P
nhia_hcp_0105,A.T.B.U BAUCHI MEDICAL CENTRE HU,clinic,Bauchi,,,Abubakar Tafawa Balewa University,,,NHIA directory code BA/0102/P,,,area,https://integratedhealthcareltd.com/provider-directory-nhia/,2026-04-23T11:40:35Z,BA/0102/P
nhia_hcp_0106,Abubakar Tafawa Balewa University Teaching Hospital,hospital,Bauchi,,,"Bauchi,Bauchi State",,,NHIA directory code BA/0006/P,,,area,https://integratedhealthcareltd.com/provider-directory-nhia/,2026-04-23T11:40:35Z,BA/0006/P
nhia_hcp_0107,ACCS MIR Bauchi,hospital,Bauchi,,,"HQ NAAC Bauchi, Bauchi State.",,,NHIA directory code BA/0030/P,,,area,https://integratedhealthcareltd.com/provider-directory-nhia/,2026-04-23T11:40:35Z,BA/0030/P
nhia_hcp_0108,Albashir Clinic & Maternity,clinic,Bauchi,,,"2,Sunday Awoniyi Road GRA Bauchi",,,NHIA directory code BA/0083/P,,,area,https://integratedhealthcareltd.com/provider-directory-nhia/,2026-04-23T11:40:35Z,BA/0083/P
nhia_hcp_0109,APEX SPECIALIST-BA/0106/P,hospital,Bauchi,,,,,,NHIA directory code BA/0106/P,,,area,https://integratedhealthcareltd.com/provider-directory-nhia/,2026-04-23T11:40:35Z,BA/0106/P
nhia_hcp_0110,Apple Clinic And Maternity,clinic,Bauchi,,,Bauchi state,,,NHIA directory code BA/0090/P,,,area,https://integratedhealthcareltd.com/provider-directory-nhia/,2026-04-23T11:40:35Z,BA/0090/P
nhia_hcp_0111,As-Salam Hospital Bauchi,hospital,Bauchi,,,Bauchi,,,NHIA directory code BA/0099/P,,,area,https://integratedhealthcareltd.com/provider-directory-nhia/,2026-04-23T11:40:35Z,BA/0099/P
nhia_hcp_0112,Bauchi State Police Clinic,clinic,Bauchi,,,"Bauchi, Bauchi State",,,NHIA directory code BA/0032/P,,,area,https://integratedhealthcareltd.com/provider-directory-nhia/,2026-04-23T11:40:35Z,BA/0032/P
nhia_hcp_0113,Bauchi State Specialist Hospital,hospital,Bauchi,,,"Bauchi,tashan babiye",,,NHIA directory code BA/0026/P,,,area,https://integratedhealthcareltd.com/provider-directory-nhia/,2026-04-23T11:40:35Z,BA/0026/P
nhia_hcp_0114,DSS Clinic,clinic,Bauchi,,,"Bauchi, Bauchi State",,,NHIA directory code BA/0024/P,,,area,https://integratedhealthcareltd.com/provider-directory-nhia/,2026-04-23T11:40:35Z,BA/0024/P
nhia_hcp_0115,Federal Medical Centre - Azare,clinic,Bauchi,,,"NO. 5 Sule Katagum Road, P.M.B. 005, Azare, Bauchi State.",,,NHIA directory code BA/0025/P,,,area,https://integratedhealthcareltd.com/provider-directory-nhia/,2026-04-23T11:40:35Z,BA/0025/P
nhia_hcp_0116,GENERAL HOSPITAL TORO,hospital,Bauchi,,,TORO - BAUCHI STATE,,,NHIA directory code BA/0043/P,,,area,https://integratedhealthcareltd.com/provider-directory-nhia/,2026-04-23T11:40:35Z,BA/0043/P
nhia_hcp_0117,Mai Jama'A Clinic,clinic,Bauchi,,,"Wunti Street, Bauchi, Bauchi State,",,,NHIA directory code BA/0002/P,,,area,https://integratedhealthcareltd.com/provider-directory-nhia/,2026-04-23T11:40:35Z,BA/0002/P
nhia_hcp_0118,NAGARI MEDICAL CLINIC AND MATER,clinic,Bauchi,,,BAUCHI,,,NHIA directory code BA/0098/P,,,area,https://integratedhealthcareltd.com/provider-directory-nhia/,2026-04-23T11:40:35Z,BA/0098/P
nhia_hcp_0119,Niima Consultant Hospital - Bauchi,hospital,Bauchi,,,"Niima Close, Off Airport Rd.P.O.Box 3018, Bauchi.",,,NHIA directory code BA/0023/P,,,area,https://integratedhealthcareltd.com/provider-directory-nhia/,2026-04-23T11:40:35Z,BA/0023/P
nhia_hcp_0120,Reemee Medicare Nigeria Limited,hospital,Bauchi,,,"6, Rimi Road, GRA Bauchi.",,,NHIA directory code BA/0005/P,,,area,https://integratedhealthcareltd.com/provider-directory-nhia/,2026-04-23T11:40:35Z,BA/0005/P
nhia_hcp_0121,Shifa Royal Hospital,hospital,Bauchi,,,BAUCHI STATE,,,NHIA directory code BA/0086/P,,,area,https://integratedhealthcareltd.com/provider-directory-nhia/,2026-04-23T11:40:35Z,BA/0086/P
nhia_hcp_0122,SHIFA'A MEDICAL CLINIC,clinic,Bauchi,,,"SULE KATAGUM ROAD, AZARE BAUCHI STATE",,,NHIA directory code BA/0018/P,,,area,https://integratedhealthcareltd.com/provider-directory-nhia/,2026-04-23T11:40:35Z,BA/0018/P
nhia_hcp_0123,Urban Mat. & Child Welfare Clinic,clinic,Bauchi,,,"Kofan Ran Bauchi, Bauchi",,,NHIA directory code BA/0004/P,,,area,https://integratedhealthcareltd.com/provider-directory-nhia/,2026-04-23T11:40:35Z,BA/0004/P
nhia_hcp_0124,Asueifa New Life Clinic,clinic,Bayelsa,,,"Onopa, Yenagoa",,,NHIA directory code BY/0002/P,,,area,https://integratedhealthcareltd.com/provider-directory-nhia/,2026-04-23T11:40:35Z,BY/0002/P
nhia_hcp_0125,CREEK SPECIALIST HOSPITAL.,hospital,Bayelsa,,,,,,NHIA directory code BY/0083/P,,,area,https://integratedhealthcareltd.com/provider-directory-nhia/,2026-04-23T11:40:35Z,BY/0083/P
nhia_hcp_0126,Crest Consultants Hospital and Fertility Centre,hospital,Bayelsa,,,"48 Yenagoa road Isaac Boro Express Way, Yenagoa, Bayelsa State.",,,NHIA directory code BY/0004/P,,,area,https://integratedhealthcareltd.com/provider-directory-nhia/,2026-04-23T11:40:35Z,BY/0004/P
nhia_hcp_0127,FAMILY CARE CLINIC AND SERVICES-,clinic,Bayelsa,,,Bayelsa state,,,NHIA directory code BY/0085/P,,,area,https://integratedhealthcareltd.com/provider-directory-nhia/,2026-04-23T11:40:35Z,BY/0085/P
nhia_hcp_0128,"Federal Medical Centre, Yenagoa",clinic,Bayelsa,,,"Yenagoa, Bayelsa State.",,,NHIA directory code BY/0057/P,,,area,https://integratedhealthcareltd.com/provider-directory-nhia/,2026-04-23T11:40:35Z,BY/0057/P
nhia_hcp_0129,FRANK-WEST SPECIALIST HOSPITAL L,hospital,Bayelsa,,,No 35 Imgbe Road Amerata Yenagoa,,,NHIA directory code BY/0013/P,,,area,https://integratedhealthcareltd.com/provider-directory-nhia/,2026-04-23T11:40:35Z,BY/0013/P
nhia_hcp_0130,Gloryland-inri med. Center,hospital,Bayelsa,,,"7 DSP-Julius Berger Expressway, Yenagoa",,,NHIA directory code BY/0061/P,,,area,https://integratedhealthcareltd.com/provider-directory-nhia/,2026-04-23T11:40:35Z,BY/0061/P
nhia_hcp_0131,"Niger Delta University Teaching Hospital, Bayelsa",hospital,Bayelsa,,,"Okolobiri, Gbarain-Ekpetiama Yenagoa, Bayelsa State.",,,NHIA directory code BY/0075/P,,,area,https://integratedhealthcareltd.com/provider-directory-nhia/,2026-04-23T11:40:35Z,BY/0075/P
nhia_hcp_0132,NIGERIAN LAW SCHOOL CLINIC-BY/00,clinic,Bayelsa,,,,,,NHIA directory code BY/0097/P,,,area,https://integratedhealthcareltd.com/provider-directory-nhia/,2026-04-23T11:40:35Z,BY/0097/P
nhia_hcp_0133,RIPUS HOSPITAL LTD,hospital,Bayelsa,,,"No. 5 Dikebi Lott street Ekeki Yenagoa, Bayelsa state.",,,NHIA directory code BY/0070/P,,,area,https://integratedhealthcareltd.com/provider-directory-nhia/,2026-04-23T11:40:35Z,BY/0070/P
nhia_hcp_0134,St. Peter's Hospital,hospital,Bayelsa,,,"No. 27 St Peter's Hospital Street Amarata, Yenogoa",,,NHIA directory code BY/0007/P,,,area,https://integratedhealthcareltd.com/provider-directory-nhia/,2026-04-23T11:40:35Z,BY/0007/P
nhia_hcp_0135,Tobis Clinic,clinic,Bayelsa,,,"KM 14 Melford Okilo Express Way,Akenfa- Yenogoa, Bayelsa State.",,,NHIA directory code BY/0012/P,,,area,https://integratedhealthcareltd.com/provider-directory-nhia/,2026-04-23T11:40:35Z,BY/0012/P
nhia_hcp_0136,Yenogoa Hospital & Maternity,clinic,Bayelsa,,,"Yenogoa, Bayelsa",,,NHIA directory code BY/0067/P,,,area,https://integratedhealthcareltd.com/provider-directory-nhia/,2026-04-23T11:40:35Z,BY/0067/P
nhia_hcp_0137,45 Nigerian Airforce Hospital,hospital,Benue,,,"Nigeria Air Force Base, Makurdi, Benue State.",,,NHIA directory code BN/0059/P,,,area,https://integratedhealthcareltd.com/provider-directory-nhia/,2026-04-23T11:40:35Z,BN/0059/P
nhia_hcp_0138,Baki Hospital,hospital,Benue,,,"47 Gyado Hospital road Opp. Base Garden GRA, Gboko",,,NHIA directory code BN/0007/P,,,area,https://integratedhealthcareltd.com/provider-directory-nhia/,2026-04-23T11:40:35Z,BN/0007/P
nhia_hcp_0139,Benonil Hospital,hospital,Benue,,,"7, Zion Str Wurukum Makurdi, Benue State",,,NHIA directory code BN/0065/P,,,area,https://integratedhealthcareltd.com/provider-directory-nhia/,2026-04-23T11:40:35Z,BN/0065/P
nhia_hcp_0140,Benue State University Teaching Hospital.,hospital,Benue,,,BSUTH Gboko rd.,,,NHIA directory code BN/0163/P,,,area,https://integratedhealthcareltd.com/provider-directory-nhia/,2026-04-23T11:40:35Z,BN/0163/P
nhia_hcp_0141,Benue State University Teaching Hospital.,hospital,Benue,,,"BSUTH Gboko rd. Behind Tile Ankpa Ward Makurdi, Benue State.",,,NHIA directory code BN/0162/P,,,area,https://integratedhealthcareltd.com/provider-directory-nhia/,2026-04-23T11:40:35Z,BN/0162/P
nhia_hcp_0142,Bishop Murray Medical Centre,clinic,Benue,,,"Close To St. Theresa Church, High Level Makurdip.o.box 50",,,NHIA directory code BN/0018/P,,,area,https://integratedhealthcareltd.com/provider-directory-nhia/,2026-04-23T11:40:35Z,BN/0018/P
nhia_hcp_0143,Cottage Hospital/Comprehensive Health Centre,clinic,Benue,,,"Benue State Police Command, Makurdi, Benue State",,,NHIA directory code BN/0064/P,,,area,https://integratedhealthcareltd.com/provider-directory-nhia/,2026-04-23T11:40:35Z,BN/0064/P
nhia_hcp_0144,Federal Medical Centre - Makurdi,clinic,Benue,,,"Makurdi, Benue State. 08052636256, 07032553541,",,,NHIA directory code BN/0012/P,,,area,https://integratedhealthcareltd.com/provider-directory-nhia/,2026-04-23T11:40:35Z,BN/0012/P
nhia_hcp_0145,FEDERAL UNIVERSITY OF HEALTH SC,hospital,Benue,,,,,,NHIA directory code BN/0527/P,,,area,https://integratedhealthcareltd.com/provider-directory-nhia/,2026-04-23T11:40:35Z,BN/0527/P
nhia_hcp_0146,First Fertility Hospital Ltd.,hospital,Benue,,,"Plot BNB 5827, Behind Tile AnkpaWard Benue State",,,NHIA directory code BN/0155/P,,,area,https://integratedhealthcareltd.com/provider-directory-nhia/,2026-04-23T11:40:35Z,BN/0155/P
nhia_hcp_0147,FOUNDATION MEMORIAL HOSPITAL,hospital,Benue,,,Benue State,,,NHIA directory code BN/0194/P,,,area,https://integratedhealthcareltd.com/provider-directory-nhia/,2026-04-23T11:40:35Z,BN/0194/P
nhia_hcp_0148,"GENERAL HOSPITAL, GBOKO",hospital,Benue,,,"OFF FGGC LESSEL ROAD GBOKO, BENUE STATE",,,NHIA directory code BN/0005/P,,,area,https://integratedhealthcareltd.com/provider-directory-nhia/,2026-04-23T11:40:35Z,BN/0005/P
nhia_hcp_0149,Grace Cottage Hospital,hospital,Benue,,,"7, David Mark Bye Pass, Makurdi",,,NHIA directory code BN/0030/P,,,area,https://integratedhealthcareltd.com/provider-directory-nhia/,2026-04-23T11:40:35Z,BN/0030/P
nhia_hcp_0150,Hemko Hospital,hospital,Benue,,,"km7 Alaide rd,kanshio village, p.o.box 1561 makurdi, Benue state.",,,NHIA directory code BN/0025/P,,,area,https://integratedhealthcareltd.com/provider-directory-nhia/,2026-04-23T11:40:35Z,BN/0025/P
nhia_hcp_0151,Homa Hospital,hospital,Benue,,,"Plot H4/18 Hudco Estate, High level, Makurdi, Benue state.",,,NHIA directory code BN/0504/P,,,area,https://integratedhealthcareltd.com/provider-directory-nhia/,2026-04-23T11:40:35Z,BN/0504/P
nhia_hcp_0152,IHOTU CLINIC & MATERNITY,clinic,Benue,,,OTUKPO BENUE STATE,,,NHIA directory code BN/0111/P,,,area,https://integratedhealthcareltd.com/provider-directory-nhia/,2026-04-23T11:40:35Z,BN/0111/P
nhia_hcp_0153,Immaculate Conception Hospital,hospital,Benue,,,"No 10 WaILOMayo, High Level, Makurdi",,,NHIA directory code BN/0020/P,,,area,https://integratedhealthcareltd.com/provider-directory-nhia/,2026-04-23T11:40:35Z,BN/0020/P
nhia_hcp_0154,Madonna Health Service Ltd.,hospital,Benue,,,"(MADONNA HOSPITAL) NEW BRIDGE ROAD, BEHIND UNION BANK MKD, BENUE STATE",,,NHIA directory code BN/0015/P,,,area,https://integratedhealthcareltd.com/provider-directory-nhia/,2026-04-23T11:40:35Z,BN/0015/P
nhia_hcp_0155,Myom Hospital,hospital,Benue,,,,,,NHIA directory code BN/0158/P,,,area,https://integratedhealthcareltd.com/provider-directory-nhia/,2026-04-23T11:40:35Z,BN/0158/P
nhia_hcp_0156,NKST Hospital,hospital,Benue,,,"Mkar- Gboko , Benue State.",,,NHIA directory code BN/0137/P,,,area,https://integratedhealthcareltd.com/provider-directory-nhia/,2026-04-23T11:40:35Z,BN/0137/P
nhia_hcp_0157,Pampas Hospital & Maternity,clinic,Benue,,,"27, Iyorchia Ayu Road, Wurukum Makurdi.",,,NHIA directory code BN/0028/P,,,area,https://integratedhealthcareltd.com/provider-directory-nhia/,2026-04-23T11:40:35Z,BN/0028/P
nhia_hcp_0158,Pishon Women Specialist Clinic,clinic,Benue,,,,,,NHIA directory code BN/0130/P,,,area,https://integratedhealthcareltd.com/provider-directory-nhia/,2026-04-23T11:40:35Z,BN/0130/P
nhia_hcp_0159,Queen's Clinic,clinic,Benue,,,"16, Railway Close, High Level Makurdi",,,NHIA directory code BN/0029/P,,,area,https://integratedhealthcareltd.com/provider-directory-nhia/,2026-04-23T11:40:35Z,BN/0029/P
nhia_hcp_0160,Rahama Clinic & Maternity,clinic,Benue,,,"12, Brewery Qtrs Opp Benue State University Medical School Gboko Rd Makurdi,",,,NHIA directory code BN/0068/P,,,area,https://integratedhealthcareltd.com/provider-directory-nhia/,2026-04-23T11:40:35Z,BN/0068/P
nhia_hcp_0161,Sandra Hospital,hospital,Benue,,,"24, J.S. Tarka Road, Opp. Maltino Filling Station Barrack , Road, Makurdi.",,,NHIA directory code BN/0019/P,,,area,https://integratedhealthcareltd.com/provider-directory-nhia/,2026-04-23T11:40:35Z,BN/0019/P
nhia_hcp_0162,St Mary's Hospital,hospital,Benue,,,"Ichama Road, Okpoga",,,NHIA directory code BN/0114/P,,,area,https://integratedhealthcareltd.com/provider-directory-nhia/,2026-04-23T11:40:35Z,BN/0114/P
nhia_hcp_0163,ST. DANIEL'S HOSPITAL,hospital,Benue,,,"No 5 Ochalefu Street, P.O.Box 1122 Otikpo, Benue State.",,,NHIA directory code BN/0052/P,,,area,https://integratedhealthcareltd.com/provider-directory-nhia/,2026-04-23T11:40:35Z,BN/0052/P
nhia_hcp_0164,ST. HELEN SPECIALIST HOSPITAL AND,hospital,Benue,,,Otukpo,,,NHIA directory code BN/0473/P,,,area,https://integratedhealthcareltd.com/provider-directory-nhia/,2026-04-23T11:40:35Z,BN/0473/P
nhia_hcp_0165,ST. JOHNS HOSPITAL GBOKO-BN/0520,hospital,Benue,,,,,,NHIA directory code BN/0520/P,,,area,https://integratedhealthcareltd.com/provider-directory-nhia/,2026-04-23T11:40:35Z,BN/0520/P
nhia_hcp_0166,St. Vincent Hospital.,hospital,Benue,,,"Aliade, Benue State",,,NHIA directory code BN/0154/P,,,area,https://integratedhealthcareltd.com/provider-directory-nhia/,2026-04-23T11:40:35Z,BN/0154/P
nhia_hcp_0167,Abbott Clinic & Maternity,clinic,Borno,,,"Damaturu Road, Biu, Borno State",,,NHIA directory code BO/0092/P,,,area,https://integratedhealthcareltd.com/provider-directory-nhia/,2026-04-23T11:40:35Z,BO/0092/P
nhia_hcp_0168,Alkome Polyclinic,clinic,Borno,,,"Baga Road, Maiduguri, Borno State",,,NHIA directory code BO/0062/P,,,area,https://integratedhealthcareltd.com/provider-directory-nhia/,2026-04-23T11:40:35Z,BO/0062/P
nhia_hcp_0169,BORNO MEDICAL CLINIC,clinic,Borno,,,"NO.8, SIR KASHIM IBRAHIM WAY BORNO STATE",,,NHIA directory code BO/0012/P,,,area,https://integratedhealthcareltd.com/provider-directory-nhia/,2026-04-23T11:40:35Z,BO/0012/P
nhia_hcp_0170,City Medical Centre,clinic,Borno,,,"Galadima Ward, Borno State",,,NHIA directory code BO/0051/P,,,area,https://integratedhealthcareltd.com/provider-directory-nhia/,2026-04-23T11:40:35Z,BO/0051/P
nhia_hcp_0171,Federal Neuropshychiatry Hospital,hospital,Borno,,,"Off, Baga Road, Fed. Low Cost, Maiduguri",,,NHIA directory code BO/0030/P,,,area,https://integratedhealthcareltd.com/provider-directory-nhia/,2026-04-23T11:40:35Z,BO/0030/P
nhia_hcp_0172,Foundation Hospital,hospital,Borno,,,"No. 340, Sabon Lamba Street, Galadima Junction, Maiduguri",,,NHIA directory code BO/0013/P,,,area,https://integratedhealthcareltd.com/provider-directory-nhia/,2026-04-23T11:40:35Z,BO/0013/P
nhia_hcp_0173,"GENERAL HOSPITAL, ASKIRA/UBA",hospital,Borno,,,"ASKIRA UBA, LASSA TOWN, BORNO STATE",,,NHIA directory code BO/0001/P,,,area,https://integratedhealthcareltd.com/provider-directory-nhia/,2026-04-23T11:40:35Z,BO/0001/P
nhia_hcp_0174,"GENERAL HOSPITAL, BIU",hospital,Borno,,,"ALONG YOLA ROAD, BIU LGA, BORNO STATE,",,,NHIA directory code BO/0003/P,,,area,https://integratedhealthcareltd.com/provider-directory-nhia/,2026-04-23T11:40:35Z,BO/0003/P
nhia_hcp_0175,Hirku Clinic & Maternity,clinic,Borno,,,"Damaturu Road, Biu, Borno State.",,,NHIA directory code BO/0067/P,,,area,https://integratedhealthcareltd.com/provider-directory-nhia/,2026-04-23T11:40:35Z,BO/0067/P
nhia_hcp_0176,Kanem Hospital & Maternity,clinic,Borno,,,"152, Tafawa Balewa Way. Opp. Lamisula Police Barrack, Maiduguri",,,NHIA directory code BO/0017/P,,,area,https://integratedhealthcareltd.com/provider-directory-nhia/,2026-04-23T11:40:35Z,BO/0017/P
nhia_hcp_0177,Kwatam Medical Clinic,clinic,Borno,,,"Opposite Confer Cleaner, Baga Road, Maiduguri, Borno State,",,,NHIA directory code BO/0065/P,,,area,https://integratedhealthcareltd.com/provider-directory-nhia/,2026-04-23T11:40:35Z,BO/0065/P
nhia_hcp_0178,Nakowa Specialist Hospital,hospital,Borno,,,"16 Lagos Street Along Govt. House Road, Maidugurin",,,NHIA directory code BO/0018/P,,,area,https://integratedhealthcareltd.com/provider-directory-nhia/,2026-04-23T11:40:35Z,BO/0018/P
nhia_hcp_0179,Nig Arabic Language Village Hospital,hospital,Borno,,,Ngalla Borno,,,NHIA directory code BO/0095/P,,,area,https://integratedhealthcareltd.com/provider-directory-nhia/,2026-04-23T11:40:35Z,BO/0095/P
nhia_hcp_0180,"Nursing Home, Maiduguri",hospital,Borno,,,"Behind Nhis Zonal Office, Off Shehu Laminu Way, Maiduguri",,,NHIA directory code BO/0015/P,,,area,https://integratedhealthcareltd.com/provider-directory-nhia/,2026-04-23T11:40:35Z,BO/0015/P
nhia_hcp_0181,Royal Specialist Hospital,hospital,Borno,,,"Opp Gombole Road, Maiduguri",,,NHIA directory code BO/0142/P,,,area,https://integratedhealthcareltd.com/provider-directory-nhia/,2026-04-23T11:40:35Z,BO/0142/P
nhia_hcp_0182,STATE SPECIALIST HOSPITAL,hospital,Borno,,,"ALONG SHEHU LAMINU WAY,BORNO STATE",,,NHIA directory code BO/0014/P,,,area,https://integratedhealthcareltd.com/provider-directory-nhia/,2026-04-23T11:40:35Z,BO/0014/P
nhia_hcp_0183,Taimakon Jama A Clinic & Mat.,clinic,Borno,,,"Maiduguri, Borno.",,,NHIA directory code BO/0011/P,,,area,https://integratedhealthcareltd.com/provider-directory-nhia/,2026-04-23T11:40:35Z,BO/0011/P
nhia_hcp_0184,University of Maiduguri Staff Clinic,clinic,Borno,,,"Bama Road, Maiduguri, Borno State",,,NHIA directory code BO/0093/P,,,area,https://integratedhealthcareltd.com/provider-directory-nhia/,2026-04-23T11:40:35Z,BO/0093/P
nhia_hcp_0185,University Of Maiduguri Teaching Hospital,hospital,Borno,,,"P.M.B.1068 Along Bama Rd., Maiduguri",,,NHIA directory code BO/0007/P,,,area,https://integratedhealthcareltd.com/provider-directory-nhia/,2026-04-23T11:40:35Z,BO/0007/P
nhia_hcp_0186,Zaman Clinic & Annex,clinic,Borno,,,"87/89 Sir Kashim road, Maiduguri, P.O.BOX 173, Gamboru Ward, Maiduguri",,,NHIA directory code BO/0019/P,,,area,https://integratedhealthcareltd.com/provider-directory-nhia/,2026-04-23T11:40:35Z,BO/0019/P
nhia_hcp_0187,Alheri Hospital,hospital,Bornu,,,Borno state,,,NHIA directory code BO/0150/P,,,area,https://integratedhealthcareltd.com/provider-directory-nhia/,2026-04-23T11:40:35Z,BO/0150/P
nhia_hcp_0188,Alpine Specialist Hospital,hospital,Bornu,,,BORNO STATE,,,NHIA directory code BO/0154/P,,,area,https://integratedhealthcareltd.com/provider-directory-nhia/,2026-04-23T11:40:35Z,BO/0154/P
nhia_hcp_0189,Hawfad Memorial Clinic,clinic,Bornu,,,Borno state,,,NHIA directory code BO/0159/P,,,area,https://integratedhealthcareltd.com/provider-directory-nhia/,2026-04-23T11:40:35Z,BO/0159/P
nhia_hcp_0190,"146 Bn MRS, Calabar",hospital,Cross River,,,"Calabar, Cross River State",,,NHIA directory code CR/0062/P,,,area,https://integratedhealthcareltd.com/provider-directory-nhia/,2026-04-23T11:40:35Z,CR/0062/P
nhia_hcp_0191,Arubah specialist hospital,hospital,Cross River,,,cross river,,,NHIA directory code CR/0159/P,,,area,https://integratedhealthcareltd.com/provider-directory-nhia/,2026-04-23T11:40:35Z,CR/0159/P
nhia_hcp_0192,Bakor Medical Centre,clinic,Cross River,,,"124 MURTALA MUHAMMED HIGHWAY OPPOSITE OANDO/NNPC PETROL STATIONS FEDERAL HOUSING ESTATE, Calabar.",,,NHIA directory code CR/0007/P,,,area,https://integratedhealthcareltd.com/provider-directory-nhia/,2026-04-23T11:40:35Z,CR/0007/P
nhia_hcp_0193,BENSON CLINIC & MATERNITY,clinic,Cross River,,,"OPP. MOTOR PARK, FOUR CORNERS, IKOM, CRS",,,NHIA directory code CR/0033/P,,,area,https://integratedhealthcareltd.com/provider-directory-nhia/,2026-04-23T11:40:35Z,CR/0033/P
nhia_hcp_0194,Calabar Women and Children Hospital,hospital,Cross River,,,164/165 Murtala Mohammed Way Calabar,,,NHIA directory code CR/0149/P,,,area,https://integratedhealthcareltd.com/provider-directory-nhia/,2026-04-23T11:40:35Z,CR/0149/P
nhia_hcp_0195,City Clinic,clinic,Cross River,,,"101 Ndidem Isang, Isong Road, Calabar",,,NHIA directory code CR/0006/P,,,area,https://integratedhealthcareltd.com/provider-directory-nhia/,2026-04-23T11:40:35Z,CR/0006/P
nhia_hcp_0196,COUNTY SPECIALIST HOSPITAL,hospital,Cross River,,,"18 CALABAR ROAD,FOUR CORNER SQUARE, IKOM,C.R.S",,,NHIA directory code CR/0051/P,,,area,https://integratedhealthcareltd.com/provider-directory-nhia/,2026-04-23T11:40:35Z,CR/0051/P
nhia_hcp_0197,DANEX MEDICAL CENTRE,clinic,Cross River,,,"5, Danex Road, Ugep, CRS.",,,NHIA directory code CR/0046/P,,,area,https://integratedhealthcareltd.com/provider-directory-nhia/,2026-04-23T11:40:35Z,CR/0046/P
nhia_hcp_0198,Efkam Clinic,clinic,Cross River,,,"107 Ndidem Usang Iso Road, Calabar",,,NHIA directory code CR/0010/P,,,area,https://integratedhealthcareltd.com/provider-directory-nhia/,2026-04-23T11:40:35Z,CR/0010/P
nhia_hcp_0199,Faith Foundation Specialist Clinic,clinic,Cross River,,,"57 Ndidem Usang, Iso Road, Calabar.",,,NHIA directory code CR/0004/P,,,area,https://integratedhealthcareltd.com/provider-directory-nhia/,2026-04-23T11:40:35Z,CR/0004/P
nhia_hcp_0200,General Hospital Akamkpa,hospital,Cross River,,,"Akamkpa, C/River State",,,NHIA directory code CR/0093/P,,,area,https://integratedhealthcareltd.com/provider-directory-nhia/,2026-04-23T11:40:35Z,CR/0093/P
nhia_hcp_0201,General Hospital Ugep,hospital,Cross River,,,"Ugep, C/River State",,,NHIA directory code CR/0094/P,,,area,https://integratedhealthcareltd.com/provider-directory-nhia/,2026-04-23T11:40:35Z,CR/0094/P
nhia_hcp_0202,"GENERAL HOSPITAL, IGOLI",hospital,Cross River,,,"ABAKPA ROAD, IGOLI, OGOJA CRS.",,,NHIA directory code CR/0042/P,,,area,https://integratedhealthcareltd.com/provider-directory-nhia/,2026-04-23T11:40:35Z,CR/0042/P
nhia_hcp_0203,"General Hospital,Mary Sclessor Avenue",hospital,Cross River,,,"Mary Sclessor Avenue, Calabar",,,NHIA directory code CR/0001/P,,,area,https://integratedhealthcareltd.com/provider-directory-nhia/,2026-04-23T11:40:35Z,CR/0001/P
nhia_hcp_0204,Goldie Clinic,clinic,Cross River,,,"4 Ekong Nyong close, calabar,CRS",,,NHIA directory code CR/0009/P,,,area,https://integratedhealthcareltd.com/provider-directory-nhia/,2026-04-23T11:40:35Z,CR/0009/P
nhia_hcp_0205,Hannah Foundation Clinic & Trauma Centre,clinic,Cross River,,,"13 Akim Close, CRS Housing Estate, Calabar",,,NHIA directory code CR/0003/P,,,area,https://integratedhealthcareltd.com/provider-directory-nhia/,2026-04-23T11:40:35Z,CR/0003/P
nhia_hcp_0206,Holy Family Catholic Hospital,hospital,Cross River,,,"Beside Holy Family Parish, Ikom, C/River State",,,NHIA directory code CR/0096/P,,,area,https://integratedhealthcareltd.com/provider-directory-nhia/,2026-04-23T11:40:35Z,CR/0096/P
nhia_hcp_0207,Ikpeme Medical Centre,clinic,Cross River,,,"18/20 Ambo Street, Calabar, Cross River State.",,,NHIA directory code CR/0075/P,,,area,https://integratedhealthcareltd.com/provider-directory-nhia/,2026-04-23T11:40:35Z,CR/0075/P
nhia_hcp_0208,Immanuel Infirmary,hospital,Cross River,,,"No. 1 Assemblies of God Rd., Army Junction, Calabar",,,NHIA directory code CR/0071/P,,,area,https://integratedhealthcareltd.com/provider-directory-nhia/,2026-04-23T11:40:35Z,CR/0071/P
nhia_hcp_0209,Luciama Memorial Specialist Hospital,hospital,Cross River,,,"No.10 Luciama Hospital Road, Off Water Intake Road-Ikot Effanga, Calabar Cross River State.",,,NHIA directory code CR/0152/P,,,area,https://integratedhealthcareltd.com/provider-directory-nhia/,2026-04-23T11:40:35Z,CR/0152/P
nhia_hcp_0210,Luksana Foundation Medical Centre,clinic,Cross River,,,"1,Ntol Mgbeje Street, Igoli, Ogoja Cross River State",,,NHIA directory code CR/0148/P,,,area,https://integratedhealthcareltd.com/provider-directory-nhia/,2026-04-23T11:40:35Z,CR/0148/P
nhia_hcp_0211,MAMBO CLINIC & MATERNITY,clinic,Cross River,,,"12 ATAMUNU STREET, CALABAR, CRS",,,NHIA directory code CR/0014/P,,,area,https://integratedhealthcareltd.com/provider-directory-nhia/,2026-04-23T11:40:35Z,CR/0014/P
nhia_hcp_0212,MELROSE HOSPITAL,hospital,Cross River,,,"Block 7-9 MELROSE Estate, Border Rd, Ikom, Cross Rivers State.",,,NHIA directory code CR/0032/P,,,area,https://integratedhealthcareltd.com/provider-directory-nhia/,2026-04-23T11:40:35Z,CR/0032/P
nhia_hcp_0213,Mevon Specialist Clinic,clinic,Cross River,,,"30 Akim Road, Calabar",,,NHIA directory code CR/0008/P,,,area,https://integratedhealthcareltd.com/provider-directory-nhia/,2026-04-23T11:40:35Z,CR/0008/P
nhia_hcp_0214,Mission Hill Clinic & Maternity,clinic,Cross River,,,"8, Miles, Calabar",,,NHIA directory code CR/0124/P,,,area,https://integratedhealthcareltd.com/provider-directory-nhia/,2026-04-23T11:40:35Z,CR/0124/P
nhia_hcp_0215,MONAIYA CATHOLIC HOSPITAL & MATERNITY,clinic,Cross River,,,"IGOLI, OGOJA,CRS",,,NHIA directory code CR/0041/P,,,area,https://integratedhealthcareltd.com/provider-directory-nhia/,2026-04-23T11:40:35Z,CR/0041/P
nhia_hcp_0216,Mount Zion Medical Centre,clinic,Cross River,,,"28b Yellow Duke Street, Calabar",,,NHIA directory code CR/0052/P,,,area,https://integratedhealthcareltd.com/provider-directory-nhia/,2026-04-23T11:40:35Z,CR/0052/P
nhia_hcp_0217,NAF Medical Centre,clinic,Cross River,,,"NAF Station, Calabar",,,NHIA directory code CR/0056/P,,,area,https://integratedhealthcareltd.com/provider-directory-nhia/,2026-04-23T11:40:35Z,CR/0056/P
nhia_hcp_0218,Navy Medical Centre,clinic,Cross River,,,"Club road Calabar, Cross River State",,,NHIA directory code CR/0068/P,,,area,https://integratedhealthcareltd.com/provider-directory-nhia/,2026-04-23T11:40:35Z,CR/0068/P
nhia_hcp_0219,Nigerian Navy Medical Clinic,clinic,Cross River,,,"7, Club Road, Calabar, Cross River State",,,NHIA directory code CR/0070/P,,,area,https://integratedhealthcareltd.com/provider-directory-nhia/,2026-04-23T11:40:35Z,CR/0070/P
nhia_hcp_0220,Obudu Clinic Ltd,clinic,Cross River,,,"105-108 Ogoja Road, Obudu, Cross River State.",,,NHIA directory code CR/0072/P,,,area,https://integratedhealthcareltd.com/provider-directory-nhia/,2026-04-23T11:40:35Z,CR/0072/P
nhia_hcp_0221,"Police Clinics, Cross River",hospital,Cross River,,,Cross River State,,,NHIA directory code CR/0084/P,,,area,https://integratedhealthcareltd.com/provider-directory-nhia/,2026-04-23T11:40:35Z,CR/0084/P
nhia_hcp_0222,SACRED HEART CATHOLIC HOSPITAL,hospital,Cross River,,,"RANCH ROAD, OBUDU, CRS",,,NHIA directory code CR/0039/P,,,area,https://integratedhealthcareltd.com/provider-directory-nhia/,2026-04-23T11:40:35Z,CR/0039/P
nhia_hcp_0223,SANTA MARIA CLINICS,hospital,Cross River,,,"11 EROKORO STREET, ABAKPA, OGOJA, CRS",,,NHIA directory code CR/0043/P,,,area,https://integratedhealthcareltd.com/provider-directory-nhia/,2026-04-23T11:40:35Z,CR/0043/P
nhia_hcp_0224,St. Joseph Hospital,hospital,Cross River,,,"Ikot Ene Ekpabuyo, Cross River State",,,NHIA directory code CR/0091/P,,,area,https://integratedhealthcareltd.com/provider-directory-nhia/,2026-04-23T11:40:35Z,CR/0091/P
nhia_hcp_0225,University of Calabar Health Centre,clinic,Cross River,,,"University of Calabar, Calabar, Cross River State.",,,NHIA directory code CR/0066/P,,,area,https://integratedhealthcareltd.com/provider-directory-nhia/,2026-04-23T11:40:35Z,CR/0066/P
nhia_hcp_0226,University of Calabar Teaching Hospital,hospital,Cross River,,,"Moore Road, Calabar, Cross River State.P.M.B 1278 Calabar, Nigeria.",,,NHIA directory code CR/0058/P,,,area,https://integratedhealthcareltd.com/provider-directory-nhia/,2026-04-23T11:40:35Z,CR/0058/P
nhia_hcp_0227,Ussy Medicals Consulting Room,hospital,Cross River,,,"3 Baney Ntui Street,Isong Inyang Akampa.",,,NHIA directory code CR/0125/P,,,area,https://integratedhealthcareltd.com/provider-directory-nhia/,2026-04-23T11:40:35Z,CR/0125/P
nhia_hcp_0228,VICTORIA MEDICAL CENTRE,clinic,Cross River,,,Cross River State,,,NHIA directory code CR/0164/P,,,area,https://integratedhealthcareltd.com/provider-directory-nhia/,2026-04-23T11:40:35Z,CR/0164/P
nhia_hcp_0229,Anioma Hospital,hospital,Delta,,,"No 13,Memeh Street, Boji Boji,Owa,Agbor, Delta State",,,NHIA directory code DT/0183/P,,,area,https://integratedhealthcareltd.com/provider-directory-nhia/,2026-04-23T11:40:35Z,DT/0183/P
nhia_hcp_0230,Capitol Hill Clinic,clinic,Delta,,,2 Omamofe Silo Str Warri,,,NHIA directory code DT/0065/P,,,area,https://integratedhealthcareltd.com/provider-directory-nhia/,2026-04-23T11:40:35Z,DT/0065/P
nhia_hcp_0231,CELIAN DIAGNOSTIC CENTRE,lab,Delta,,,,,,NHIA directory code DT/0225/P,,,area,https://integratedhealthcareltd.com/provider-directory-nhia/,2026-04-23T11:40:35Z,DT/0225/P
nhia_hcp_0232,CENTRAL HOSPITAL SAPELE-DT/0650,hospital,Delta,,,,,,NHIA directory code DT/0650/P,,,area,https://integratedhealthcareltd.com/provider-directory-nhia/,2026-04-23T11:40:35Z,DT/0650/P
nhia_hcp_0233,Central Hospital Ughelli,hospital,Delta,,,"OTERI Ughelli, Delta State",,,NHIA directory code DT/0084/P,,,area,https://integratedhealthcareltd.com/provider-directory-nhia/,2026-04-23T11:40:35Z,DT/0084/P
nhia_hcp_0234,CENTRAL HOSPITAL WARRI,hospital,Delta,,,"NPA, Delta State",,,NHIA directory code DT/0064/P,,,area,https://integratedhealthcareltd.com/provider-directory-nhia/,2026-04-23T11:40:35Z,DT/0064/P
nhia_hcp_0235,Crest Clinics,hospital,Delta,,,"30, Ezenei Avenue, Asaba,",,,NHIA directory code DT/0004/P,,,area,https://integratedhealthcareltd.com/provider-directory-nhia/,2026-04-23T11:40:35Z,DT/0004/P
nhia_hcp_0236,Ebony Clinic & Maternity,clinic,Delta,,,"Plot 9, DDPA Housing Estate, Jeddo near Warri, Delta State",,,NHIA directory code DT/0096/P,,,area,https://integratedhealthcareltd.com/provider-directory-nhia/,2026-04-23T11:40:35Z,DT/0096/P
nhia_hcp_0237,El-comfort Hospital,hospital,Delta,,,"1,Fear God Street, BONSASC, Asaba, Delta Street",,,NHIA directory code DT/0202/P,,,area,https://integratedhealthcareltd.com/provider-directory-nhia/,2026-04-23T11:40:35Z,DT/0202/P
nhia_hcp_0238,Federal Medical Centre Asaba,clinic,Delta,,,"Asaba, Delta State.",,,NHIA directory code DT/0060/P,,,area,https://integratedhealthcareltd.com/provider-directory-nhia/,2026-04-23T11:40:35Z,DT/0060/P
nhia_hcp_0239,Group Christian Medical Centre,clinic,Delta,,,"Inside Mosheshe Estate, off Airport Road, Effurun-Warri.",,,NHIA directory code DT/0116/P,,,area,https://integratedhealthcareltd.com/provider-directory-nhia/,2026-04-23T11:40:35Z,DT/0116/P
nhia_hcp_0240,Group Christian Medical Hospital,hospital,Delta,,,,,,NHIA directory code DT/0209/P,,,area,https://integratedhealthcareltd.com/provider-directory-nhia/,2026-04-23T11:40:35Z,DT/0209/P
nhia_hcp_0241,Icon Clinic & Maternity,clinic,Delta,,,"303 Off Nnebisi Road, Asaba.",,,NHIA directory code DT/0003/P,,,area,https://integratedhealthcareltd.com/provider-directory-nhia/,2026-04-23T11:40:35Z,DT/0003/P
nhia_hcp_0242,Komfort Consult & Surgery,hospital,Delta,,,,,,NHIA directory code DT/0212/P,,,area,https://integratedhealthcareltd.com/provider-directory-nhia/,2026-04-23T11:40:35Z,DT/0212/P
nhia_hcp_0243,LAKELAND SPECIALIST CLINIC-DT/058,clinic,Delta,,,,,,NHIA directory code DT/0589/P,,,area,https://integratedhealthcareltd.com/provider-directory-nhia/,2026-04-23T11:40:35Z,DT/0589/P
nhia_hcp_0244,Liberal Clinic And Diagnostic Centre,lab,Delta,,,"187,Sapele-Warri RD, Opp. Zenith Bank Sapele Delta State",,,NHIA directory code DT/0180/P,,,area,https://integratedhealthcareltd.com/provider-directory-nhia/,2026-04-23T11:40:35Z,DT/0180/P
nhia_hcp_0245,Lily Clinic/Hospital,clinic,Delta,,,"6 Brisbe Street Off Deco Rd, Warri Delta",,,NHIA directory code DT/0103/P,,,area,https://integratedhealthcareltd.com/provider-directory-nhia/,2026-04-23T11:40:35Z,DT/0103/P
nhia_hcp_0246,Lonia Clinic,clinic,Delta,,,"15, Udu Road, Delta",,,NHIA directory code DT/0120/P,,,area,https://integratedhealthcareltd.com/provider-directory-nhia/,2026-04-23T11:40:35Z,DT/0120/P
nhia_hcp_0247,May Flower Clinic & Maternity,clinic,Delta,,,"No 5 Eng Leo Chuckwuocha st opp summit junction, by Zenith Block Industry KM 14 Asaba/Benin Expressway Asaba",,,NHIA directory code DT/0001/P,,,area,https://integratedhealthcareltd.com/provider-directory-nhia/,2026-04-23T11:40:35Z,DT/0001/P
nhia_hcp_0248,Navy Medical Centre,clinic,Delta,,,"Naval Base Ogorode-Sapele, Delta State.",,,NHIA directory code DT/0094/P,,,area,https://integratedhealthcareltd.com/provider-directory-nhia/,2026-04-23T11:40:35Z,DT/0094/P
nhia_hcp_0249,OBULE MEDICAL CENTRE,clinic,Delta,,,"115, Okpe Road, Sapele",,,NHIA directory code DT/0131/P,,,area,https://integratedhealthcareltd.com/provider-directory-nhia/,2026-04-23T11:40:35Z,DT/0131/P
nhia_hcp_0250,Queen Of Apostles Catholic Hospital,hospital,Delta,,,,,,NHIA directory code DT/0213/P,,,area,https://integratedhealthcareltd.com/provider-directory-nhia/,2026-04-23T11:40:35Z,DT/0213/P
nhia_hcp_0251,Regal Clinic & Maternity,clinic,Delta,,,"226, Jakpa Road, Effurun, Delta State",,,NHIA directory code DT/0125/P,,,area,https://integratedhealthcareltd.com/provider-directory-nhia/,2026-04-23T11:40:35Z,DT/0125/P
nhia_hcp_0252,SABA SPECIALIST HOSPITAL-DT/0683/,hospital,Delta,,,,,,NHIA directory code DT/0683/P,,,area,https://integratedhealthcareltd.com/provider-directory-nhia/,2026-04-23T11:40:35Z,DT/0683/P
nhia_hcp_0253,SAGE CLINIC,clinic,Delta,,,"36 EYESAL STRT. OKUMAGBO LAYOUT, Deltat State",,,NHIA directory code DT/0063/P,,,area,https://integratedhealthcareltd.com/provider-directory-nhia/,2026-04-23T11:40:35Z,DT/0063/P
nhia_hcp_0254,SHABACH HOSPITALS LTD,hospital,Delta,,,,,,NHIA directory code DT/0207/P,,,area,https://integratedhealthcareltd.com/provider-directory-nhia/,2026-04-23T11:40:35Z,DT/0207/P
nhia_hcp_0255,Sick bay NNS DELTA,hospital,Delta,,,"Warri, Delta State",,,NHIA directory code DT/0095/P,,,area,https://integratedhealthcareltd.com/provider-directory-nhia/,2026-04-23T11:40:35Z,DT/0095/P
nhia_hcp_0256,St. Joseph's Catholic Hospital,hospital,Delta,,,"142, Nnebisi Road, Delta. ,",,,NHIA directory code DT/0129/P,,,area,https://integratedhealthcareltd.com/provider-directory-nhia/,2026-04-23T11:40:35Z,DT/0129/P
nhia_hcp_0257,St. Luke Hospital Asaba,hospital,Delta,,,"Opp Delta Broadcasting Office Asaba, Delta State",,,NHIA directory code DT/0201/P,,,area,https://integratedhealthcareltd.com/provider-directory-nhia/,2026-04-23T11:40:35Z,DT/0201/P
nhia_hcp_0258,St.John The Baptist Catholic Hospital And Maternity,clinic,Delta,,,"Alika Street , Boji-Boji Owa ,Delta State",,,NHIA directory code DT/0193/P,,,area,https://integratedhealthcareltd.com/provider-directory-nhia/,2026-04-23T11:40:35Z,DT/0193/P
nhia_hcp_0259,Twin City Hospital & Diagnostic Centre,lab,Delta,,,,,,NHIA directory code DT/0208/P,,,area,https://integratedhealthcareltd.com/provider-directory-nhia/,2026-04-23T11:40:35Z,DT/0208/P
nhia_hcp_0260,UFOR HOSPITAL,hospital,Delta,,,"19, ULOHO AVENUE OFF ISOKO RD UGHELLI, Delta State.",,,NHIA directory code DT/0029/P,,,area,https://integratedhealthcareltd.com/provider-directory-nhia/,2026-04-23T11:40:35Z,DT/0029/P
nhia_hcp_0261,Veenell Hospital,hospital,Delta,,,"Okumagba Avenue, Warri",,,NHIA directory code DT/0070/P,,,area,https://integratedhealthcareltd.com/provider-directory-nhia/,2026-04-23T11:40:35Z,DT/0070/P
nhia_hcp_0262,WINROSE CLINIC,clinic,Delta,,,"No. 7 Petibi Lane, Off ENERHEN ROAD, Enerhen Via Warri, Delta State.",,,NHIA directory code DT/0039/P,,,area,https://integratedhealthcareltd.com/provider-directory-nhia/,2026-04-23T11:40:35Z,DT/0039/P
nhia_hcp_0263,AFIKPO MEDICAL CENTRE,clinic,Ebonyi,,,"22, Amachi road, Afikpo EKE MARKET ROAD, Ebonyi State.",,,NHIA directory code EB/0027/P,,,area,https://integratedhealthcareltd.com/provider-directory-nhia/,2026-04-23T11:40:35Z,EB/0027/P
nhia_hcp_0264,Christ The King Hospital,hospital,Ebonyi,,,"85, Afikpo Road, Abakaliki",,,NHIA directory code EB/0004/P,,,area,https://integratedhealthcareltd.com/provider-directory-nhia/,2026-04-23T11:40:35Z,EB/0004/P
nhia_hcp_0265,"Federal Teaching Hospital, Abakaliki",hospital,Ebonyi,,,"OPPOSITE POLICE BARRACKS, Abakaliki, Ebonyi State",,,NHIA directory code EB/0007/P,,,area,https://integratedhealthcareltd.com/provider-directory-nhia/,2026-04-23T11:40:35Z,EB/0007/P
nhia_hcp_0266,Felix Memorial Hospital,hospital,Ebonyi,,,"Hilltop RdAbakaliki, Ebonyi State",,,NHIA directory code EB/0037/P,,,area,https://integratedhealthcareltd.com/provider-directory-nhia/,2026-04-23T11:40:35Z,EB/0037/P
nhia_hcp_0267,Mater Misericodiae Hospital,hospital,Ebonyi,,,Afikpo North LGA,,,NHIA directory code EB/0056/P,,,area,https://integratedhealthcareltd.com/provider-directory-nhia/,2026-04-23T11:40:35Z,EB/0056/P
nhia_hcp_0268,Mercy Hospital,hospital,Ebonyi,,,"26, Obi Street, Abakaliki. P.O.Box 442",,,NHIA directory code EB/0001/P,,,area,https://integratedhealthcareltd.com/provider-directory-nhia/,2026-04-23T11:40:35Z,EB/0001/P
nhia_hcp_0269,Mile Four Hospital Abakaliki,hospital,Ebonyi,,,Abakaliki,,,NHIA directory code EB/0217/P,,,area,https://integratedhealthcareltd.com/provider-directory-nhia/,2026-04-23T11:40:35Z,EB/0217/P
nhia_hcp_0270,National Obstetric Fistula Centre,hospital,Ebonyi,,,,,,NHIA directory code EB/0224/P,,,area,https://integratedhealthcareltd.com/provider-directory-nhia/,2026-04-23T11:40:35Z,EB/0224/P
nhia_hcp_0271,St. Theresa's Hospital & Mate,hospital,Ebonyi,,,18 Jemeni Street Abakaliki.,,,NHIA directory code EB/0003/P,,,area,https://integratedhealthcareltd.com/provider-directory-nhia/,2026-04-23T11:40:35Z,EB/0003/P
nhia_hcp_0272,81 AMG Medical Centre,clinic,Edo,,,"NAF Station, Benin",,,NHIA directory code ED/0121/P,,,area,https://integratedhealthcareltd.com/provider-directory-nhia/,2026-04-23T11:40:35Z,ED/0121/P
nhia_hcp_0273,Akemekhai Medical Centre,clinic,Edo,,,"3, Oyerekhau Lane, Jattu, Esako West, Auchi, Edo State",,,NHIA directory code ED/0165/P,,,area,https://integratedhealthcareltd.com/provider-directory-nhia/,2026-04-23T11:40:35Z,ED/0165/P
nhia_hcp_0274,Aniso Specialist Medical Center,clinic,Edo,,,"No. 11 2nd Fed. Road, Off 4th St. S & T Road,Off Benin. Technical College Road, Uselu, Benin City, Edo State. Nigeria. PO.Box 5083,",,,NHIA directory code ED/0145/P,,,area,https://integratedhealthcareltd.com/provider-directory-nhia/,2026-04-23T11:40:35Z,ED/0145/P
nhia_hcp_0275,ASRIEL MEDICARE,hospital,Edo,,,EDO STATE,,,NHIA directory code ED/0499/P,,,area,https://integratedhealthcareltd.com/provider-directory-nhia/,2026-04-23T11:40:35Z,ED/0499/P
nhia_hcp_0276,Auchi Polytechnic Medical Centre,clinic,Edo,,,"P.M.B. 13, Auchi, Edo State, Nigeria,",,,NHIA directory code ED/0167/P,,,area,https://integratedhealthcareltd.com/provider-directory-nhia/,2026-04-23T11:40:35Z,ED/0167/P
nhia_hcp_0277,Bamby Hospital,hospital,Edo,,,"147, Siluko Road, Benin",,,NHIA directory code ED/0182/P,,,area,https://integratedhealthcareltd.com/provider-directory-nhia/,2026-04-23T11:40:35Z,ED/0182/P
nhia_hcp_0278,BENIN MEDICAL CARE,hospital,Edo,,,,,,NHIA directory code ED/0500/P,,,area,https://integratedhealthcareltd.com/provider-directory-nhia/,2026-04-23T11:40:35Z,ED/0500/P
nhia_hcp_0279,Bethel Faith Medical Centre,clinic,Edo,,,"Plot 11 and 12,Jos Bazuaye Layout, Erediawa Street, Off Ekenwan Road, Benin City,Edo State",,,NHIA directory code ED/0255/P,,,area,https://integratedhealthcareltd.com/provider-directory-nhia/,2026-04-23T11:40:35Z,ED/0255/P
nhia_hcp_0280,"CENTRAL HOSPITAL, AUCHI",hospital,Edo,,,"AUCHI, Edo State",,,NHIA directory code ED/0036/P,,,area,https://integratedhealthcareltd.com/provider-directory-nhia/,2026-04-23T11:40:35Z,ED/0036/P
nhia_hcp_0281,"Central Hospital, Benin",hospital,Edo,,,"Along Sapele Road, Near Ring Road, Benin",,,NHIA directory code ED/0050/P,,,area,https://integratedhealthcareltd.com/provider-directory-nhia/,2026-04-23T11:40:35Z,ED/0050/P
nhia_hcp_0282,"Central Hospital, Uromi",hospital,Edo,,,"UROMI, Edo State",,,NHIA directory code ED/0021/P,,,area,https://integratedhealthcareltd.com/provider-directory-nhia/,2026-04-23T11:40:35Z,ED/0021/P
nhia_hcp_0283,Cottage Hospital/Comprehensive Health Centre,clinic,Edo,,,"Edo State Police Command, Edo State",,,NHIA directory code ED/0129/P,,,area,https://integratedhealthcareltd.com/provider-directory-nhia/,2026-04-23T11:40:35Z,ED/0129/P
nhia_hcp_0284,Dekins First Trinity Medical Centre,clinic,Edo,,,"1, Bieni Avenue, off court road, Abudu, Benin",,,NHIA directory code ED/0180/P,,,area,https://integratedhealthcareltd.com/provider-directory-nhia/,2026-04-23T11:40:35Z,ED/0180/P
nhia_hcp_0285,Ebony Medical Centre,clinic,Edo,,,"59 Uwasota Rd, Ugbowo Benin City Edo State",,,NHIA directory code ED/0253/P,,,area,https://integratedhealthcareltd.com/provider-directory-nhia/,2026-04-23T11:40:35Z,ED/0253/P
nhia_hcp_0286,EKPEN HOSPITAL,hospital,Edo,,,"OFF AGHO STREET, OFF EKWENWAN ROAD, Edo State",,,NHIA directory code ED/0049/P,,,area,https://integratedhealthcareltd.com/provider-directory-nhia/,2026-04-23T11:40:35Z,ED/0049/P
nhia_hcp_0287,Faith Mediplex,hospital,Edo,,,"Igiwa-Amadi/Airport Road GRA, Benin City, Edo State",,,NHIA directory code ED/0135/P,,,area,https://integratedhealthcareltd.com/provider-directory-nhia/,2026-04-23T11:40:35Z,ED/0135/P
nhia_hcp_0288,FATE MEDICAL CENTRE,clinic,Edo,,,"99, Okene / Abuja Highway,Jatt / Auchi Junction, Auchi, Edo State",,,NHIA directory code ED/0037/P,,,area,https://integratedhealthcareltd.com/provider-directory-nhia/,2026-04-23T11:40:35Z,ED/0037/P
nhia_hcp_0289,"GENERAL HOSPITAL, AGBEDE",hospital,Edo,,,"AGBEDE, Edo State",,,NHIA directory code ED/0035/P,,,area,https://integratedhealthcareltd.com/provider-directory-nhia/,2026-04-23T11:40:35Z,ED/0035/P
nhia_hcp_0290,"GENERAL HOSPITAL, ANEGBETTE",hospital,Edo,,,"ANEGBETTE, Edo State",,,NHIA directory code ED/0032/P,,,area,https://integratedhealthcareltd.com/provider-directory-nhia/,2026-04-23T11:40:35Z,ED/0032/P
nhia_hcp_0291,"GENERAL HOSPITAL, ORHIONMWOM",hospital,Edo,,,"ABUDU TOWN, ORHIONMWOM, Edo state",,,NHIA directory code ED/0055/P,,,area,https://integratedhealthcareltd.com/provider-directory-nhia/,2026-04-23T11:40:35Z,ED/0055/P
nhia_hcp_0292,Gift Medical Clinic,clinic,Edo,,,"6a, Iyamu Str., off Erie Str., Benin(26, Evibiemwen street, off Wire road. Benin city.)",,,NHIA directory code ED/0178/P,,,area,https://integratedhealthcareltd.com/provider-directory-nhia/,2026-04-23T11:40:35Z,ED/0178/P
nhia_hcp_0293,God's Victory Clinic & Maternity,clinic,Edo,,,"15 Obayuwuna Street, Off Siluko Road, Benin City.",,,NHIA directory code ED/0091/P,,,area,https://integratedhealthcareltd.com/provider-directory-nhia/,2026-04-23T11:40:35Z,ED/0091/P
nhia_hcp_0294,GOVERNMENT HOSPITAL,hospital,Edo,,,"IBILLO, Edo State",,,NHIA directory code ED/0003/P,,,area,https://integratedhealthcareltd.com/provider-directory-nhia/,2026-04-23T11:40:35Z,ED/0003/P
nhia_hcp_0295,"Government Hospital, Uzeba",hospital,Edo,,,"UZEBA, Edo State",,,NHIA directory code ED/0072/P,,,area,https://integratedhealthcareltd.com/provider-directory-nhia/,2026-04-23T11:40:35Z,ED/0072/P
nhia_hcp_0296,Health Field Specialist Hospital,hospital,Edo,,,"25, Reuben Agbor Ave. off 2nd Ugbor road, G.R.A., Benin City",,,NHIA directory code ED/0293/P,,,area,https://integratedhealthcareltd.com/provider-directory-nhia/,2026-04-23T11:40:35Z,ED/0293/P
nhia_hcp_0297,Hope Clinic & Maternity,clinic,Edo,,,"No. 1 Whytehouse Street, Jatau, Auchi, Edo State",,,NHIA directory code ED/0134/P,,,area,https://integratedhealthcareltd.com/provider-directory-nhia/,2026-04-23T11:40:35Z,ED/0134/P
nhia_hcp_0298,IGBINEDION HOSPITAL & MED. RESEARCH,hospital,Edo,,,"OKADA WONDERLAND, Edo State",,,NHIA directory code ED/0061/P,,,area,https://integratedhealthcareltd.com/provider-directory-nhia/,2026-04-23T11:40:35Z,ED/0061/P
nhia_hcp_0299,Ihenyen Medical Centre,clinic,Edo,,,"No. 22, Ogbefun Street, Off College Road, Benin City",,,NHIA directory code ED/0089/P,,,area,https://integratedhealthcareltd.com/provider-directory-nhia/,2026-04-23T11:40:35Z,ED/0089/P
nhia_hcp_0300,Irowa Medical Centre,clinic,Edo,,,"Jos-Bazuaye Est. off Sapele Road, Benin, Edo State",,,NHIA directory code ED/0184/P,,,area,https://integratedhealthcareltd.com/provider-directory-nhia/,2026-04-23T11:40:35Z,ED/0184/P
nhia_hcp_0301,IRRUA SPECIALIST HOSPITAL,hospital,Edo,,,"IRRUA, Edo State",,,NHIA directory code ED/0016/P,,,area,https://integratedhealthcareltd.com/provider-directory-nhia/,2026-04-23T11:40:35Z,ED/0016/P
nhia_hcp_0302,Iyare Clinic,clinic,Edo,,,"10, Second Edokpolor Street, Off Med. Stores Road, Benin",,,NHIA directory code ED/0114/P,,,area,https://integratedhealthcareltd.com/provider-directory-nhia/,2026-04-23T11:40:35Z,ED/0114/P
nhia_hcp_0303,Life Medical Centre,clinic,Edo,,,"34 Guobadia Street, Off Ugbor Rd, G.R.A, Benin City Edo State.",,,NHIA directory code ED/0233/P,,,area,https://integratedhealthcareltd.com/provider-directory-nhia/,2026-04-23T11:40:35Z,ED/0233/P
nhia_hcp_0304,Lily Hospitals Limited,hospital,Edo,,,Edo state,,,NHIA directory code ED/0294/P,,,area,https://integratedhealthcareltd.com/provider-directory-nhia/,2026-04-23T11:40:35Z,ED/0294/P
nhia_hcp_0305,MADONNA CLINIC,clinic,Edo,,,"opp semu semu IBILLO, Edo State.",,,NHIA directory code ED/0117/P,,,area,https://integratedhealthcareltd.com/provider-directory-nhia/,2026-04-23T11:40:35Z,ED/0117/P
nhia_hcp_0306,Maviscope Hospital and Fertility Centre,hospital,Edo,,,"No 2, Ewemade Street, Off Sapele Road, Benin, Edo State.",,,NHIA directory code ED/0295/P,,,area,https://integratedhealthcareltd.com/provider-directory-nhia/,2026-04-23T11:40:35Z,ED/0295/P
nhia_hcp_0307,"Military Hospital, Benin",hospital,Edo,,,"Benin City, Edo State",,,NHIA directory code ED/0120/P,,,area,https://integratedhealthcareltd.com/provider-directory-nhia/,2026-04-23T11:40:35Z,ED/0120/P
nhia_hcp_0308,Modic Medical Centre,clinic,Edo,,,"No. 6 Akenzue Street, Ogbe, Benin City",,,NHIA directory code ED/0085/P,,,area,https://integratedhealthcareltd.com/provider-directory-nhia/,2026-04-23T11:40:35Z,ED/0085/P
nhia_hcp_0309,Mount Gilead Hospital,hospital,Edo,,,"Off Uselu, Lagos Road, Benin City.",,,NHIA directory code ED/0011/P,,,area,https://integratedhealthcareltd.com/provider-directory-nhia/,2026-04-23T11:40:35Z,ED/0011/P
nhia_hcp_0310,NARROW WAY CLINIC,clinic,Edo,,,"NO.9, S. AHAHOR STREET, OFF BENIN-AUCHI EXPRESSWAY, ADUWAWA, Edo State",,,NHIA directory code ED/0043/P,,,area,https://integratedhealthcareltd.com/provider-directory-nhia/,2026-04-23T11:40:35Z,ED/0043/P
nhia_hcp_0311,Oriaifo Medical Center,clinic,Edo,,,"No 1,Oriaifo Close, Uromi-Illushi Road, Uromi Edo State",,,NHIA directory code ED/0276/P,,,area,https://integratedhealthcareltd.com/provider-directory-nhia/,2026-04-23T11:40:35Z,ED/0276/P
nhia_hcp_0312,Ovbioise Hospital,hospital,Edo,,,"2 Isibor Aigbontaen Street, Aduwawa, Benin City",,,NHIA directory code ED/0223/P,,,area,https://integratedhealthcareltd.com/provider-directory-nhia/,2026-04-23T11:40:35Z,ED/0223/P
nhia_hcp_0313,Police Hospital Benin G.R.A,hospital,Edo,,,"Plot 12,Dennis Osadebey Avenue, Benin Edo State",,,NHIA directory code ED/0261/P,,,area,https://integratedhealthcareltd.com/provider-directory-nhia/,2026-04-23T11:40:35Z,ED/0261/P
nhia_hcp_0314,PSYCHIATRIC HOSPITAL,hospital,Edo,,,"USELU, Edo State",,,NHIA directory code ED/0009/P,,,area,https://integratedhealthcareltd.com/provider-directory-nhia/,2026-04-23T11:40:35Z,ED/0009/P
nhia_hcp_0315,St Philomena Catholic Hospital,hospital,Edo,,,"23 Dawson road, P.O. Box 2434, Benin city. Edo state,",,,NHIA directory code ED/0217/P,,,area,https://integratedhealthcareltd.com/provider-directory-nhia/,2026-04-23T11:40:35Z,ED/0217/P
nhia_hcp_0316,ST. MARGARET'S HOSPITAL & MATERNITY,clinic,Edo,,,"NO.1, ST. MARGARET'S HOSPITAL DRIVE, UPPER SAKPOBA ROAD, BEN, Edo State",,,NHIA directory code ED/0082/P,,,area,https://integratedhealthcareltd.com/provider-directory-nhia/,2026-04-23T11:40:35Z,ED/0082/P
nhia_hcp_0317,St. Mary Magdalene Hospital,hospital,Edo,,,"8 Isibor Street off 3rd East Corator Rd., Off Murtala Mohd Way, Benin City",,,NHIA directory code ED/0131/P,,,area,https://integratedhealthcareltd.com/provider-directory-nhia/,2026-04-23T11:40:35Z,ED/0131/P
nhia_hcp_0318,St. Rapheal Hospital,hospital,Edo,,,"12, Adesua Road, Oredo LGA, Benin City, Edo State",,,NHIA directory code ED/0144/P,,,area,https://integratedhealthcareltd.com/provider-directory-nhia/,2026-04-23T11:40:35Z,ED/0144/P
nhia_hcp_0319,The Rock Hospital,hospital,Edo,,,"78B IHAMA RD GRA, Edo State",,,NHIA directory code ED/0139/P,,,area,https://integratedhealthcareltd.com/provider-directory-nhia/,2026-04-23T11:40:35Z,ED/0139/P
nhia_hcp_0320,Time Hospital,hospital,Edo,,,"3,2, Agbonma Lane, Off Ekwenwa Road, Benin City.",,,NHIA directory code ED/0090/P,,,area,https://integratedhealthcareltd.com/provider-directory-nhia/,2026-04-23T11:40:35Z,ED/0090/P
nhia_hcp_0321,Tona Hospital,hospital,Edo,,,"No. 2,Ighodalo Street, Off Benin- Agbor Road ,Ikpoba Hill, Benin City, Edo State",,,NHIA directory code ED/0267/P,,,area,https://integratedhealthcareltd.com/provider-directory-nhia/,2026-04-23T11:40:35Z,ED/0267/P
nhia_hcp_0322,University Of Benin Teaching Hospital,hospital,Edo,,,Edo,,,NHIA directory code ED/0012/P,,,area,https://integratedhealthcareltd.com/provider-directory-nhia/,2026-04-23T11:40:35Z,ED/0012/P
nhia_hcp_0323,University Of Benin Teaching Hospital Ugbowo,hospital,Edo,,,"Ugbowo, Benin City. Edo State",,,NHIA directory code ED/0118/P,,,area,https://integratedhealthcareltd.com/provider-directory-nhia/,2026-04-23T11:40:35Z,ED/0118/P
nhia_hcp_0324,URBAN MEDICAL CENTRE,clinic,Edo,,,"WARRAKE, Edo State",,,NHIA directory code ED/0087/P,,,area,https://integratedhealthcareltd.com/provider-directory-nhia/,2026-04-23T11:40:35Z,ED/0087/P
nhia_hcp_0325,Vinda Medical Clinic,clinic,Edo,,,"10A First Uwa Lane, Opp. Adesuwa RD Junction, Off Sapele RD, Benin City Edo State",,,NHIA directory code ED/0225/P,,,area,https://integratedhealthcareltd.com/provider-directory-nhia/,2026-04-23T11:40:35Z,ED/0225/P
nhia_hcp_0326,ABUAD MULTI SYSTEM HOSPITAL- EK,hospital,Ekiti,,,,,,NHIA directory code EK/0080/P,,,area,https://integratedhealthcareltd.com/provider-directory-nhia/,2026-04-23T11:40:35Z,EK/0080/P
nhia_hcp_0327,Ade-Tade Hospital,hospital,Ekiti,,,"55, Okebola Street, Ado Ekiti.",,,NHIA directory code EK/0004/P,,,area,https://integratedhealthcareltd.com/provider-directory-nhia/,2026-04-23T11:40:35Z,EK/0004/P
nhia_hcp_0328,Adetoyin Hospital,hospital,Ekiti,,,"No. L16 Onigari, Secretariat Rd., Ado Ekiti",,,NHIA directory code EK/0029/P,,,area,https://integratedhealthcareltd.com/provider-directory-nhia/,2026-04-23T11:40:35Z,EK/0029/P
nhia_hcp_0329,Federal Teaching Hospital,hospital,Ekiti,,,Ido Ekiti P.M.B 201 Ido Ekiti.,,,NHIA directory code EK/0007/P,,,area,https://integratedhealthcareltd.com/provider-directory-nhia/,2026-04-23T11:40:35Z,EK/0007/P
nhia_hcp_0330,Joe Jane Medical Centre,clinic,Ekiti,,,"27 Dallimore Street, Ado Ekiti",,,NHIA directory code EK/0011/P,,,area,https://integratedhealthcareltd.com/provider-directory-nhia/,2026-04-23T11:40:35Z,EK/0011/P
nhia_hcp_0331,Lovely Queen-care specialist,hospital,Ekiti,,,"unity avenue klm 4,iyin roadbasin,behind faglo filling station",,,NHIA directory code EK/0059/P,,,area,https://integratedhealthcareltd.com/provider-directory-nhia/,2026-04-23T11:40:35Z,EK/0059/P
nhia_hcp_0332,Maria Assumptia Catholic Hospital,hospital,Ekiti,,,"87 Ireje Street, Ikere Road, Ado Ekiti",,,NHIA directory code EK/0047/P,,,area,https://integratedhealthcareltd.com/provider-directory-nhia/,2026-04-23T11:40:35Z,EK/0047/P
nhia_hcp_0333,Maternal-Child Specialists Clinics,hospital,Ekiti,,,Ekiti,,,NHIA directory code EK/0064/P,,,area,https://integratedhealthcareltd.com/provider-directory-nhia/,2026-04-23T11:40:35Z,EK/0064/P
nhia_hcp_0334,OGUNTOYE HOSPITAL,hospital,Ekiti,,,"136 ILAWE RD, ADO EKITI",,,NHIA directory code EK/0037/P,,,area,https://integratedhealthcareltd.com/provider-directory-nhia/,2026-04-23T11:40:35Z,EK/0037/P
nhia_hcp_0335,Olives Specialist Clinic & Meternity,clinic,Ekiti,,,12 Ekiti,,,NHIA directory code EK/0062/P,,,area,https://integratedhealthcareltd.com/provider-directory-nhia/,2026-04-23T11:40:35Z,EK/0062/P
nhia_hcp_0336,"Police Clinics, Ekiti",hospital,Ekiti,,,Ekiti State,,,NHIA directory code EK/0031/P,,,area,https://integratedhealthcareltd.com/provider-directory-nhia/,2026-04-23T11:40:35Z,EK/0031/P
nhia_hcp_0337,Potter Family Care specialist clinic,clinic,Ekiti,,,"114 oke-ila housing road,ado-ekiti",,,NHIA directory code EK/0061/P,,,area,https://integratedhealthcareltd.com/provider-directory-nhia/,2026-04-23T11:40:35Z,EK/0061/P
nhia_hcp_0338,PRAISE THE LORD MEDICAL CENTRE,clinic,Ekiti,,,"7 ISATO STR, IRONA ADO EKITI",,,NHIA directory code EK/0036/P,,,area,https://integratedhealthcareltd.com/provider-directory-nhia/,2026-04-23T11:40:35Z,EK/0036/P
nhia_hcp_0339,ST. DAVIDS MEDICAL CENTER,clinic,Ekiti,,,"Ifaki-Ekiti, Ekiti state",,,NHIA directory code EK/0082/P,,,area,https://integratedhealthcareltd.com/provider-directory-nhia/,2026-04-23T11:40:35Z,EK/0082/P
nhia_hcp_0340,St.Gregory Hospital,hospital,Ekiti,,,"Km 2, Basiri, Iyin Road, P.O.Box 1136, Ado Ekiti State",,,NHIA directory code EK/0001/P,,,area,https://integratedhealthcareltd.com/provider-directory-nhia/,2026-04-23T11:40:35Z,EK/0001/P
nhia_hcp_0341,"State Speacialist Hospital, Ikere Ekiti",hospital,Ekiti,,,Ekiti,,,NHIA directory code EK/0076/P,,,area,https://integratedhealthcareltd.com/provider-directory-nhia/,2026-04-23T11:40:35Z,EK/0076/P
nhia_hcp_0342,STATE SPECIALIST HOSPITAL,hospital,Ekiti,,,"EKITI STATE HOSPITALS' MANAGEMENT BOARD SPECIALIST HOSPITAL, IKOLE-EKITI P.O BOX 5011",,,NHIA directory code EK/0034/P,,,area,https://integratedhealthcareltd.com/provider-directory-nhia/,2026-04-23T11:40:35Z,EK/0034/P
nhia_hcp_0343,SUPREME FAITH HOSPITAL,hospital,Ekiti,,,ADO. Ekiti,,,NHIA directory code EK/0010/P,,,area,https://integratedhealthcareltd.com/provider-directory-nhia/,2026-04-23T11:40:35Z,EK/0010/P
nhia_hcp_0344,"University Teaching Hospital, Ado Ekiti",hospital,Ekiti,,,"ADO, Ekiti, 08033470483,",,,NHIA directory code EK/0006/P,,,area,https://integratedhealthcareltd.com/provider-directory-nhia/,2026-04-23T11:40:35Z,EK/0006/P
nhia_hcp_0345,337 BSG NAF Medical Centre,clinic,Enugu,,,"NAF Base, Enugu,",,,NHIA directory code EN/0104/P,,,area,https://integratedhealthcareltd.com/provider-directory-nhia/,2026-04-23T11:40:35Z,EN/0104/P
nhia_hcp_0346,82 Div Hospital,hospital,Enugu,,,"Enugu, Enugu State.",,,NHIA directory code EN/0103/P,,,area,https://integratedhealthcareltd.com/provider-directory-nhia/,2026-04-23T11:40:35Z,EN/0103/P
nhia_hcp_0347,AICKON SPECIALIST HOSPITAL,hospital,Enugu,,,"NO.136 UPPER CHIME AVENUE, NEW HAVEN, ENUGU",,,NHIA directory code EN/0266/P,,,area,https://integratedhealthcareltd.com/provider-directory-nhia/,2026-04-23T11:40:35Z,EN/0266/P
nhia_hcp_0348,Akulue Memorial Hospital,hospital,Enugu,,,"16/18 Akulue Road, Onuiyi, Nsukka, Enugu.",,,NHIA directory code EN/0017/P,,,area,https://integratedhealthcareltd.com/provider-directory-nhia/,2026-04-23T11:40:35Z,EN/0017/P
nhia_hcp_0349,All Saints Medical Centre,clinic,Enugu,,,"No 7 Edem -Ani Road, Odenigbo Nsuka.",,,NHIA directory code EN/0118/P,,,area,https://integratedhealthcareltd.com/provider-directory-nhia/,2026-04-23T11:40:35Z,EN/0118/P
nhia_hcp_0350,Annuciation Hospital,hospital,Enugu,,,"no. 27 Annuciation Hospital Road, P.O.Box 50, Emene,Enugu.Rev. Sr. Jane-Frances Chike",,,NHIA directory code EN/0042/P,,,area,https://integratedhealthcareltd.com/provider-directory-nhia/,2026-04-23T11:40:35Z,EN/0042/P
nhia_hcp_0351,Benem Hospital,hospital,Enugu,,,"Along Nsukka Exp. Road 9yh mile comer Ngwo,C/o P.O. Box 2681 Enugu, Enugu State.",,,NHIA directory code EN/0019/P,,,area,https://integratedhealthcareltd.com/provider-directory-nhia/,2026-04-23T11:40:35Z,EN/0019/P
nhia_hcp_0352,Bishop Shanahan Hospital,hospital,Enugu,,,"46 Enugu Road, Nsukka",,,NHIA directory code EN/0217/P,,,area,https://integratedhealthcareltd.com/provider-directory-nhia/,2026-04-23T11:40:35Z,EN/0217/P
nhia_hcp_0353,Christ The King Hospital,hospital,Enugu,,,"No. 18 Emeka Abalu Ave. Phase 6, Trans Ekulu, Enugu.",,,NHIA directory code EN/0006/P,,,area,https://integratedhealthcareltd.com/provider-directory-nhia/,2026-04-23T11:40:35Z,EN/0006/P
nhia_hcp_0354,DISOM SPECIALIST HOSPITAL LTD,hospital,Enugu,,,Enugu state,,,NHIA directory code EN/0399/P,,,area,https://integratedhealthcareltd.com/provider-directory-nhia/,2026-04-23T11:40:35Z,EN/0399/P
nhia_hcp_0355,DIVINE BLESSED ASSURANCE MEDICAL,hospital,Enugu,,,"NO 6 ONYIA STREET,OLOGO/NEW SITE OLOGO QUARTERS, OPPOSITE POLICE DETECTIVE COLLEGE, AGBANI ROAD, ENUGU",,,NHIA directory code EN/0270/P,,,area,https://integratedhealthcareltd.com/provider-directory-nhia/,2026-04-23T11:40:35Z,EN/0270/P
nhia_hcp_0356,"Dr. Nlogha Okeke Memorial Medical Foundation, Enugu.",hospital,Enugu,,,"30, Amaigbo Lane Uwani, Enugu",,,NHIA directory code EN/0008/P,,,area,https://integratedhealthcareltd.com/provider-directory-nhia/,2026-04-23T11:40:35Z,EN/0008/P
nhia_hcp_0357,Ibezim Medical Clinics,hospital,Enugu,,,"56, Ufuma Street, Achara Layout, Enugu.",,,NHIA directory code EN/0025/P,,,area,https://integratedhealthcareltd.com/provider-directory-nhia/,2026-04-23T11:40:35Z,EN/0025/P
nhia_hcp_0358,Julius Ezenyirioha Memorial Hospital & Maternity,clinic,Enugu,,,"32, Nike Road, Abakpa Nike, Enugu.",,,NHIA directory code EN/0027/P,,,area,https://integratedhealthcareltd.com/provider-directory-nhia/,2026-04-23T11:40:35Z,EN/0027/P
nhia_hcp_0359,Kenechukwu Specialist Hospital & Maternity,clinic,Enugu,,,"94, Nike Road, Abakpa, Enugu State",,,NHIA directory code EN/0026/P,,,area,https://integratedhealthcareltd.com/provider-directory-nhia/,2026-04-23T11:40:35Z,EN/0026/P
nhia_hcp_0360,Kings Court Hospital &Maternity,clinic,Enugu,,,"28,Edenwu street New Haven, Enugu State",,,NHIA directory code EN/0225/P,,,area,https://integratedhealthcareltd.com/provider-directory-nhia/,2026-04-23T11:40:35Z,EN/0225/P
nhia_hcp_0361,Life Foundation Hospital,hospital,Enugu,,,"3, Agu Street, Achara Layout, Enugu",,,NHIA directory code EN/0024/P,,,area,https://integratedhealthcareltd.com/provider-directory-nhia/,2026-04-23T11:40:35Z,EN/0024/P
nhia_hcp_0362,Mother of Christ Specialist Hospital,hospital,Enugu,,,"Ogui, Enugu State",,,NHIA directory code EN/0164/P,,,area,https://integratedhealthcareltd.com/provider-directory-nhia/,2026-04-23T11:40:35Z,EN/0164/P
nhia_hcp_0363,National Orthopaedic Hospital,hospital,Enugu,,,"2, MARKET RD. OGUI Enugu, Enugu State. Dr. C.U",,,NHIA directory code EN/0113/P,,,area,https://integratedhealthcareltd.com/provider-directory-nhia/,2026-04-23T11:40:35Z,EN/0113/P
nhia_hcp_0364,Nigeria Law School Medical Centre,clinic,Enugu,,,"Agani Town, Enugu",,,NHIA directory code EN/0117/P,,,area,https://integratedhealthcareltd.com/provider-directory-nhia/,2026-04-23T11:40:35Z,EN/0117/P
nhia_hcp_0365,NSUKKA MEDICAL CLINIC,clinic,Enugu,,,"7, NRU STREET,UGWU-NKWO, P.O.Box 831, NSUKKA",,,NHIA directory code EN/0180/P,,,area,https://integratedhealthcareltd.com/provider-directory-nhia/,2026-04-23T11:40:35Z,EN/0180/P
nhia_hcp_0366,"Ntasiobi Hospital,",hospital,Enugu,,,Enugu,,,NHIA directory code EN/0016/P,,,area,https://integratedhealthcareltd.com/provider-directory-nhia/,2026-04-23T11:40:35Z,EN/0016/P
nhia_hcp_0367,Parklane Specialist Teaching Hospital,hospital,Enugu,,,"G R A, Enugu",,,NHIA directory code EN/0044/P,,,area,https://integratedhealthcareltd.com/provider-directory-nhia/,2026-04-23T11:40:35Z,EN/0044/P
nhia_hcp_0368,Patrick Otiji Specialists Hospital,hospital,Enugu,,,"100, Chime Avenue New Haven, Enugu, Enugu state.",,,NHIA directory code EN/0274/P,,,area,https://integratedhealthcareltd.com/provider-directory-nhia/,2026-04-23T11:40:35Z,EN/0274/P
nhia_hcp_0369,Peenok Medical Centre,clinic,Enugu,,,"24, Zik Avenue, Uwani, Enugu",,,NHIA directory code EN/0007/P,,,area,https://integratedhealthcareltd.com/provider-directory-nhia/,2026-04-23T11:40:35Z,EN/0007/P
nhia_hcp_0370,RISTELA HOSPITAL & MATERNITY,clinic,Enugu,,,"3, RISTELA CLOSE, INDUSTRIAL LAYOUT, OFF RESIDENTIAL ROAD, Enugu",,,NHIA directory code EN/0013/P,,,area,https://integratedhealthcareltd.com/provider-directory-nhia/,2026-04-23T11:40:35Z,EN/0013/P
nhia_hcp_0371,Rosa Mystica Hospital,hospital,Enugu,,,"NO 2B Bishop Onyeabor Street, GRA, Enugu state",,,NHIA directory code EN/0277/P,,,area,https://integratedhealthcareltd.com/provider-directory-nhia/,2026-04-23T11:40:35Z,EN/0277/P
nhia_hcp_0372,Royal Hospital,hospital,Enugu,,,"3 Aria Road, Gra, Enugu.Enugu state",,,NHIA directory code EN/0037/P,,,area,https://integratedhealthcareltd.com/provider-directory-nhia/,2026-04-23T11:40:35Z,EN/0037/P
nhia_hcp_0373,St Mary's Hospital and Maternity,clinic,Enugu,,,"16 Nwodo Close, GRA, Enugu",,,NHIA directory code EN/0216/P,,,area,https://integratedhealthcareltd.com/provider-directory-nhia/,2026-04-23T11:40:35Z,EN/0216/P
nhia_hcp_0374,St. Leo's Specialist Hospital,hospital,Enugu,,,"No. 57 Nike Lake Road, Abakpa, Enugu, (Opp. Amazing Love Assembly)",,,NHIA directory code EN/0029/P,,,area,https://integratedhealthcareltd.com/provider-directory-nhia/,2026-04-23T11:40:35Z,EN/0029/P
nhia_hcp_0375,St. Patricks Hospital & Maternity,clinic,Enugu,,,"8, Owerri Road, Asata, Enugu",,,NHIA directory code EN/0002/P,,,area,https://integratedhealthcareltd.com/provider-directory-nhia/,2026-04-23T11:40:35Z,EN/0002/P
nhia_hcp_0376,The Good Shepherd Hospital,hospital,Enugu,,,"8/10 Iheagu Road NRU Village, Nsukka, P.O Box 806",,,NHIA directory code EN/0206/P,,,area,https://integratedhealthcareltd.com/provider-directory-nhia/,2026-04-23T11:40:35Z,EN/0206/P
nhia_hcp_0377,THE GOOD SHEPHERD SPECIALIST HOSPITAL,hospital,Enugu,,,"CHRIST CHURCH STREET, UWANI, Enugu",,,NHIA directory code EN/0175/P,,,area,https://integratedhealthcareltd.com/provider-directory-nhia/,2026-04-23T11:40:35Z,EN/0175/P
nhia_hcp_0378,Unity Ngwo Hospital & Mat.,hospital,Enugu,,,"Ukaka Ngwo Udi L G A, Enugu, Enugu State.",,,NHIA directory code EN/0018/P,,,area,https://integratedhealthcareltd.com/provider-directory-nhia/,2026-04-23T11:40:35Z,EN/0018/P
nhia_hcp_0379,"University Of Nigeria Teaching Hosp., Enugu",hospital,Enugu,,,"Ituku-Ozalla, P.M.B. 01129,Enugu, Nigeria.",,,NHIA directory code EN/0102/P,,,area,https://integratedhealthcareltd.com/provider-directory-nhia/,2026-04-23T11:40:35Z,EN/0102/P
nhia_hcp_0380,"University of Nigeria, Nsukka Medical Centre",clinic,Enugu,,,"Nsukka, Enugu State.",,,NHIA directory code EN/0119/P,,,area,https://integratedhealthcareltd.com/provider-directory-nhia/,2026-04-23T11:40:35Z,EN/0119/P
nhia_hcp_0381,"063 Nigerian Airforce Hospital, Abuja",hospital,FCT,,Abuja,"NAF Base, Abuja",,,NHIA directory code FCT/0346/P,,,city_only,https://integratedhealthcareltd.com/provider-directory-nhia/,2026-04-23T11:40:35Z,FCT/0346/P
nhia_hcp_0382,Abaji General Hospital,hospital,FCT,,Abuja,"Abaji, Abuja",,,NHIA directory code FCT/0104/P,,,city_only,https://integratedhealthcareltd.com/provider-directory-nhia/,2026-04-23T11:40:35Z,FCT/0104/P
nhia_hcp_0383,Abuja Clinic - Maitama,clinic,FCT,Abuja Municipal Area Council,Abuja,"MAITAMA, ABUJA",,,NHIA directory code FCT/0159/P,,,city_only,https://integratedhealthcareltd.com/provider-directory-nhia/,2026-04-23T11:40:35Z,FCT/0159/P
nhia_hcp_0384,"Abuja Clinic, Garki",clinic,FCT,Abuja Municipal Area Council,Abuja,"NO 19 JOS STREET,AREA 3, GARKI, ABUJA.",,,NHIA directory code FCT/0359/P,,,city_only,https://integratedhealthcareltd.com/provider-directory-nhia/,2026-04-23T11:40:35Z,FCT/0359/P
nhia_hcp_0385,Abuja Cliniic - Karu,hospital,FCT,Abuja Municipal Area Council,Abuja,"Karu, Abuja",,,NHIA directory code FCT/0360/P,,,city_only,https://integratedhealthcareltd.com/provider-directory-nhia/,2026-04-23T11:40:35Z,FCT/0360/P
nhia_hcp_0386,"Abuja Unity Hospital & Maternity, Lugbe",clinic,FCT,Abuja Municipal Area Council,Abuja,FHA Phase I Lugbe,,,NHIA directory code FCT/0397/P,,,city_only,https://integratedhealthcareltd.com/provider-directory-nhia/,2026-04-23T11:40:35Z,FCT/0397/P
nhia_hcp_0387,Accolade Medical Clinic Limited,clinic,FCT,Abuja Municipal Area Council,Abuja,"Flat 5 Block 1 Kujama Street behind Shopping Center, Area 2, Garki, Abuja.",,,NHIA directory code FCT/0503/P,,,city_only,https://integratedhealthcareltd.com/provider-directory-nhia/,2026-04-23T11:40:35Z,FCT/0503/P
nhia_hcp_0388,Al-Bama Clinics & Maternity,clinic,FCT,Abuja Municipal Area Council,Abuja,"No. 35 Royal Palm Street, Fed. Housing Estate, Nyanya",,,NHIA directory code FCT/0101/P,,,city_only,https://integratedhealthcareltd.com/provider-directory-nhia/,2026-04-23T11:40:35Z,FCT/0101/P
nhia_hcp_0389,Albert Horsfall Med. Centre,hospital,FCT,Abuja Municipal Area Council,Abuja,"NIA HQ, Off Muritala Mohammed Way Near Danata & Sawoe,Garki, Abuja",,,NHIA directory code FCT/0333/P,,,city_only,https://integratedhealthcareltd.com/provider-directory-nhia/,2026-04-23T11:40:35Z,FCT/0333/P
nhia_hcp_0390,Alfad Specialist Medical Centre,clinic,FCT,Kuje,Abuja,"Kuje, FCT, Abuja.",,,NHIA directory code FCT/0013/P,,,city_only,https://integratedhealthcareltd.com/provider-directory-nhia/,2026-04-23T11:40:35Z,FCT/0013/P
nhia_hcp_0391,Alibu Medical Centre,clinic,FCT,Abuja Municipal Area Council,Abuja,"Area F, Nyanya Abuja",,,NHIA directory code FCT/0151/P,,,city_only,https://integratedhealthcareltd.com/provider-directory-nhia/,2026-04-23T11:40:35Z,FCT/0151/P
nhia_hcp_0392,ALLIANCE HOSPITAL,hospital,FCT,,Abuja,,,,NHIA directory code FCT/0902/P,,,city_only,https://integratedhealthcareltd.com/provider-directory-nhia/,2026-04-23T11:40:35Z,FCT/0902/P
nhia_hcp_0393,Allied & Surgery,hospital,FCT,Gwagwalada,Abuja,"Off Specalist Hospital Road, Behind Charismatic Revival Church, Gwagwalada",,,NHIA directory code FCT/0495/P,,,city_only,https://integratedhealthcareltd.com/provider-directory-nhia/,2026-04-23T11:40:35Z,FCT/0495/P
nhia_hcp_0394,Allison Clinic & Maternity,clinic,FCT,,Abuja,,,,NHIA directory code FCT/0562/P,,,city_only,https://integratedhealthcareltd.com/provider-directory-nhia/,2026-04-23T11:40:35Z,FCT/0562/P
nhia_hcp_0395,Alpha Clinic,clinic,FCT,Bwari,Abuja,"332 Alpha Clinic Zone 1, Dutse Alhaji, Abuja",,,NHIA directory code FCT/0492/P,,,city_only,https://integratedhealthcareltd.com/provider-directory-nhia/,2026-04-23T11:40:35Z,FCT/0492/P
nhia_hcp_0396,Alpha-Zed Medical Clinic Limited,clinic,FCT,Abuja Municipal Area Council,Abuja,"Angwar-Gwari, Karu, FCT",,,NHIA directory code FCT/0113/P,,,city_only,https://integratedhealthcareltd.com/provider-directory-nhia/,2026-04-23T11:40:35Z,FCT/0113/P
nhia_hcp_0397,Amana Medical Centre,clinic,FCT,,Abuja,"No. 5, Ilorin Street, off Ogbomosho Street, Area 8, Abuja.",,,NHIA directory code FCT/0110/P,,,city_only,https://integratedhealthcareltd.com/provider-directory-nhia/,2026-04-23T11:40:35Z,FCT/0110/P
nhia_hcp_0398,Angelic Care Hospital & Mat.,hospital,FCT,Abuja Municipal Area Council,Abuja,"Plot 775, Parakou Crescent, Wuse II, Abuja",,,NHIA directory code FCT/0337/P,,,city_only,https://integratedhealthcareltd.com/provider-directory-nhia/,2026-04-23T11:40:35Z,FCT/0337/P
nhia_hcp_0399,Arewa Clinic & Maternity - Karu,clinic,FCT,Abuja Municipal Area Council,Abuja,"Plot F14, By Nepa Office, Karu, Abuja",,,NHIA directory code FCT/0157/P,,,city_only,https://integratedhealthcareltd.com/provider-directory-nhia/,2026-04-23T11:40:35Z,FCT/0157/P
nhia_hcp_0400,Arewa Specialist Hospital & Diagnostic Centre,lab,FCT,Abuja Municipal Area Council,Abuja,"Plot 645, no. 31 Alex Ekwueme Street, Jabi District, Abuja.",,,NHIA directory code FCT/0002/P,,,city_only,https://integratedhealthcareltd.com/provider-directory-nhia/,2026-04-23T11:40:35Z,FCT/0002/P
nhia_hcp_0401,ARMY COMMAND-FCT/0900/P,hospital,FCT,,Abuja,FCT ABUJA,,,NHIA directory code FCT/0900/P,,,city_only,https://integratedhealthcareltd.com/provider-directory-nhia/,2026-04-23T11:40:35Z,FCT/0900/P
nhia_hcp_0402,Asher Hospital & Maternity,clinic,FCT,Bwari,Abuja,"Monrovia Street, Off Aminu Kano Crescent Wuse Ii Abuja. [new address: plot 1197, katampe cadastral, zone bo7 off nicon junction berger kubwa express way abuja]",,,NHIA directory code FCT/0095/P,,,city_only,https://integratedhealthcareltd.com/provider-directory-nhia/,2026-04-23T11:40:35Z,FCT/0095/P
nhia_hcp_0403,Asokoro District Hospital,hospital,FCT,Abuja Municipal Area Council,Abuja,"Asokoro, Abuja",,,NHIA directory code FCT/0092/P,,,city_only,https://integratedhealthcareltd.com/provider-directory-nhia/,2026-04-23T11:40:35Z,FCT/0092/P
nhia_hcp_0404,AZRIEL PREMIER HOSPITAL,hospital,FCT,,Abuja,"FCT, ABUJA",,,NHIA directory code FCT/0844/P,,,city_only,https://integratedhealthcareltd.com/provider-directory-nhia/,2026-04-23T11:40:35Z,FCT/0844/P
nhia_hcp_0405,Bepos Clinic & Maternity,clinic,FCT,Abuja Municipal Area Council,Abuja,"10, Faskari Street Area 3 Garki Abuja.",,,NHIA directory code FCT/0379/P,,,city_only,https://integratedhealthcareltd.com/provider-directory-nhia/,2026-04-23T11:40:35Z,FCT/0379/P
nhia_hcp_0406,BERITH SPECIALIST HOSPITAL,hospital,FCT,,Abuja,,,,NHIA directory code FCT/0959/P,,,city_only,https://integratedhealthcareltd.com/provider-directory-nhia/,2026-04-23T11:40:35Z,FCT/0959/P
nhia_hcp_0407,Bio-Royal Hospital & Maternity Ltd.,clinic,FCT,Abuja Municipal Area Council,Abuja,"No. 190, Okene/Jebba Close, Garki.",,,NHIA directory code FCT/0139/P,,,city_only,https://integratedhealthcareltd.com/provider-directory-nhia/,2026-04-23T11:40:35Z,FCT/0139/P
nhia_hcp_0408,Boris Clinic Ltd,clinic,FCT,,Abuja,,,,NHIA directory code FCT/0770/P,,,city_only,https://integratedhealthcareltd.com/provider-directory-nhia/,2026-04-23T11:40:35Z,FCT/0770/P
nhia_hcp_0409,Bwari General Hospital,hospital,FCT,Bwari,Abuja,"Kawu Road, Bwari, FCT, ABuja",,,NHIA directory code FCT/0357/P,,,city_only,https://integratedhealthcareltd.com/provider-directory-nhia/,2026-04-23T11:40:35Z,FCT/0357/P
nhia_hcp_0410,Cairo Rehabilitation Centre,hospital,FCT,,Abuja,No. 16 OKE- AGBE STREET,,,NHIA directory code FCT/0911/P,,,city_only,https://integratedhealthcareltd.com/provider-directory-nhia/,2026-04-23T11:40:35Z,FCT/0911/P
nhia_hcp_0411,City Hospital,hospital,FCT,Abuja Municipal Area Council,Abuja,"22 Algiers street Wuse Zone 5, Abuja",,,NHIA directory code FCT/0350/P,,,city_only,https://integratedhealthcareltd.com/provider-directory-nhia/,2026-04-23T11:40:35Z,FCT/0350/P
nhia_hcp_0412,CORNELIAN JUBILEE HOSPITAL-FCT/0,hospital,FCT,,Abuja,,,,NHIA directory code FCT/0893/P,,,city_only,https://integratedhealthcareltd.com/provider-directory-nhia/,2026-04-23T11:40:35Z,FCT/0893/P
nhia_hcp_0413,Cornelian Maternity & Rural Healthcare Centre,clinic,FCT,,Abuja,"Holy Child Lane, Opposite Loyola Jesuit Maingate, Gidan Mangoro, Abuja-FCT.",,,NHIA directory code FCT/0659/P,,,city_only,https://integratedhealthcareltd.com/provider-directory-nhia/,2026-04-23T11:40:35Z,FCT/0659/P
nhia_hcp_0414,Crescent Clinic,clinic,FCT,Abuja Municipal Area Council,Abuja,"Ikeja Close Off Oyo Street, Area 2 Section I, Garki",,,NHIA directory code FCT/0146/P,,,city_only,https://integratedhealthcareltd.com/provider-directory-nhia/,2026-04-23T11:40:35Z,FCT/0146/P
nhia_hcp_0415,Dara Medical Clinics,hospital,FCT,Abuja Municipal Area Council,Abuja,"No 6 Ihiala Street area 2, section 2 Garki,",,,NHIA directory code FCT/0147/P,,,city_only,https://integratedhealthcareltd.com/provider-directory-nhia/,2026-04-23T11:40:35Z,FCT/0147/P
nhia_hcp_0416,DE ROCK HOSPITAL AND DIAGNOSTIC,lab,FCT,Bwari,Abuja,"No 8, David Imuse Avenue Off SCC road, Ushafa expansion Ushafa, Bwari Area Council. FCT, Abuja",,,NHIA directory code FCT/0849/P,,,city_only,https://integratedhealthcareltd.com/provider-directory-nhia/,2026-04-23T11:40:35Z,FCT/0849/P
nhia_hcp_0417,De- Rose Of Sharon Hospital & Maternity,clinic,FCT,,Abuja,"No.1 Zancotex street behind Omax filling station,kpeyegyi, Abuja.",,,NHIA directory code FCT/0699/P,,,city_only,https://integratedhealthcareltd.com/provider-directory-nhia/,2026-04-23T11:40:35Z,FCT/0699/P
nhia_hcp_0418,DEDA HOSPITAL,hospital,FCT,,Abuja,"PLOT 1847, B07 CADASTRAL ZONE, KATAMPE, ABUJA.",,,NHIA directory code FCT/0852/P,,,city_only,https://integratedhealthcareltd.com/provider-directory-nhia/,2026-04-23T11:40:35Z,FCT/0852/P
nhia_hcp_0419,Defence Intelligence Agency,hospital,FCT,Abuja Municipal Area Council,Abuja,Asokoro,,,NHIA directory code FCT/0334/P,,,city_only,https://integratedhealthcareltd.com/provider-directory-nhia/,2026-04-23T11:40:35Z,FCT/0334/P
nhia_hcp_0420,DHQ MRS,hospital,FCT,,Abuja,"Mogadishu Cantonment, Abuja",,,NHIA directory code FCT/0377/P,,,city_only,https://integratedhealthcareltd.com/provider-directory-nhia/,2026-04-23T11:40:35Z,FCT/0377/P
nhia_hcp_0421,Diamond Medical Centre Ltd.,clinic,FCT,,Abuja,"Plot 42, Beside Mr. Bigs By Model Pri. Sch. Gark Ii",,,NHIA directory code FCT/0143/P,,,city_only,https://integratedhealthcareltd.com/provider-directory-nhia/,2026-04-23T11:40:35Z,FCT/0143/P
nhia_hcp_0422,Diocese of Kubwa Anglican Hospital Ltd,hospital,FCT,Bwari,Abuja,"No 36, Gado-NasoWay, Opposite Berger Camp 2/1, Kubwa F.C.T",,,NHIA directory code FCT/0761/P,,,city_only,https://integratedhealthcareltd.com/provider-directory-nhia/,2026-04-23T11:40:35Z,FCT/0761/P
nhia_hcp_0423,Divine Mercy Hospital & Diagnostic Centre Ltd,lab,FCT,Bwari,Abuja,"Plot 93, Phase 2/1 Gado Nasko Street, Kubwa, Abuja.",,,NHIA directory code FCT/0016/P,,,city_only,https://integratedhealthcareltd.com/provider-directory-nhia/,2026-04-23T11:40:35Z,FCT/0016/P
nhia_hcp_0424,Dr. Hassans Clinic/Diagnostic Centre,lab,FCT,Abuja Municipal Area Council,Abuja,"No. 5 iller Crescent, Off Katsina Ala Street, Maitama, Abuja",,,NHIA directory code FCT/0472/P,,,city_only,https://integratedhealthcareltd.com/provider-directory-nhia/,2026-04-23T11:40:35Z,FCT/0472/P
nhia_hcp_0425,"DSS Clinic, Asokoro",clinic,FCT,,Abuja,"Airport Road oppsite Kunjingoro,Abuja",,,NHIA directory code FCT/0340/P,,,city_only,https://integratedhealthcareltd.com/provider-directory-nhia/,2026-04-23T11:40:35Z,FCT/0340/P
nhia_hcp_0426,Ebony Hospital,hospital,FCT,Abuja Municipal Area Council,Abuja,"House No. 76, 3rd Avenue, Gwarinpa Housing Estate, Abuja",,,NHIA directory code FCT/0116/P,,,city_only,https://integratedhealthcareltd.com/provider-directory-nhia/,2026-04-23T11:40:35Z,FCT/0116/P
nhia_hcp_0427,Everlasting Care Hospital Limited,hospital,FCT,Abuja Municipal Area Council,Abuja,"Plot 643 Gimbia Street, Area II, Garki, Abuja. [NEW ADDRESS. NO.31 FIRST AVENUE, PHASE 1, KADO ESTATE, FCT ABUJA.",,,NHIA directory code FCT/0391/P,,,city_only,https://integratedhealthcareltd.com/provider-directory-nhia/,2026-04-23T11:40:35Z,FCT/0391/P
nhia_hcp_0428,Excel Specialist Hospital Fertility Centre,hospital,FCT,Abuja Municipal Area Council,Abuja,"No l,George Innih Crescent, Off Ibrahim Jalo Waziri Street, Zone E, Apo",,,NHIA directory code FCT/0762/P,,,city_only,https://integratedhealthcareltd.com/provider-directory-nhia/,2026-04-23T11:40:35Z,FCT/0762/P
nhia_hcp_0429,Express Hospital,hospital,FCT,Bwari,Abuja,"Nysc Road, Kubwa, Abuja",,,NHIA directory code FCT/0039/P,,,city_only,https://integratedhealthcareltd.com/provider-directory-nhia/,2026-04-23T11:40:35Z,FCT/0039/P
nhia_hcp_0430,Faith Medical Centre,clinic,FCT,,Abuja,"Old Karimo Along Dantata Road, Abuja",,,NHIA directory code FCT/0499/P,,,city_only,https://integratedhealthcareltd.com/provider-directory-nhia/,2026-04-23T11:40:35Z,FCT/0499/P
nhia_hcp_0431,Family Care Multiclinics,hospital,FCT,Abuja Municipal Area Council,Abuja,"9, Lord Lugard Street, Asokoro",,,NHIA directory code FCT/0612/P,,,city_only,https://integratedhealthcareltd.com/provider-directory-nhia/,2026-04-23T11:40:35Z,FCT/0612/P
nhia_hcp_0432,"Federal Medical Centre, Jabi",clinic,FCT,Abuja Municipal Area Council,Abuja,"Airport Road, Jabi, Abuja.",,,NHIA directory code FCT/0390/P,,,city_only,https://integratedhealthcareltd.com/provider-directory-nhia/,2026-04-23T11:40:35Z,FCT/0390/P
nhia_hcp_0433,Federal Road Safety Commission Medical Centre,clinic,FCT,Abuja Municipal Area Council,Abuja,"Plot 18 Cotonoun Crescent, Wuse Zone 6, Abuja",,,NHIA directory code FCT/0486/P,,,city_only,https://integratedhealthcareltd.com/provider-directory-nhia/,2026-04-23T11:40:35Z,FCT/0486/P
nhia_hcp_0434,Federal Staff Hospital-Gwarinpa,hospital,FCT,,Abuja,FCT,,,NHIA directory code FCT/0753/P,,,city_only,https://integratedhealthcareltd.com/provider-directory-nhia/,2026-04-23T11:40:35Z,FCT/0753/P
nhia_hcp_0435,FEDS MEDICAL CENTRE,clinic,FCT,,Abuja,,,,NHIA directory code FCT/1058/P,,,city_only,https://integratedhealthcareltd.com/provider-directory-nhia/,2026-04-23T11:40:35Z,FCT/1058/P
nhia_hcp_0436,Fereprod. Medical Centre,clinic,FCT,Abuja Municipal Area Council,Abuja,Off Ahmadu Bello Way Behind Nepa Sub-Station-2 Cbn Area II. [NEW ADDRESS: NO.17 GWANDU STREET GARKI II ABUJA.,,,NHIA directory code FCT/0111/P,,,city_only,https://integratedhealthcareltd.com/provider-directory-nhia/,2026-04-23T11:40:35Z,FCT/0111/P
nhia_hcp_0437,First Hospital And Maternity LTD,clinic,FCT,,Abuja,"Jikwoyi- Karshi ExpressWay, Opp. Old Timber Shed, Jikwoyi, Abuja F.C.T",,,NHIA directory code FCT/0714/P,,,city_only,https://integratedhealthcareltd.com/provider-directory-nhia/,2026-04-23T11:40:35Z,FCT/0714/P
nhia_hcp_0438,Fortress Hospital,hospital,FCT,Abuja Municipal Area Council,Abuja,"8 Gender Close, Off Gender Street, Wuse Zone 1",,,NHIA directory code FCT/0563/P,,,city_only,https://integratedhealthcareltd.com/provider-directory-nhia/,2026-04-23T11:40:35Z,FCT/0563/P
nhia_hcp_0439,Freedomscan Medical Centre,clinic,FCT,,Abuja,,,,NHIA directory code FCT/0716/P,,,city_only,https://integratedhealthcareltd.com/provider-directory-nhia/,2026-04-23T11:40:35Z,FCT/0716/P
nhia_hcp_0440,Fresh Springs Medical Service,hospital,FCT,,Abuja,Abuja,,,NHIA directory code FCT/0803/P,,,city_only,https://integratedhealthcareltd.com/provider-directory-nhia/,2026-04-23T11:40:35Z,FCT/0803/P
nhia_hcp_0441,G & S Specialist Clinic,clinic,FCT,Abuja Municipal Area Council,Abuja,"8B Rhine Street (Opp. IBB Way), Maitama",,,NHIA directory code FCT/0362/P,,,city_only,https://integratedhealthcareltd.com/provider-directory-nhia/,2026-04-23T11:40:35Z,FCT/0362/P
nhia_hcp_0442,Garki Hospital,hospital,FCT,Abuja Municipal Area Council,Abuja,"Area 8, Garki, Abuja. [NEW ADDRESS: TAFAWA BALEWA WAY, AREA 3 GARKI ABUJA]",,,NHIA directory code FCT/0546/P,,,city_only,https://integratedhealthcareltd.com/provider-directory-nhia/,2026-04-23T11:40:35Z,FCT/0546/P
nhia_hcp_0443,General Hospital - Karshi,hospital,FCT,,Abuja,"Karshi, Abuja",,,NHIA directory code FCT/0105/P,,,city_only,https://integratedhealthcareltd.com/provider-directory-nhia/,2026-04-23T11:40:35Z,FCT/0105/P
nhia_hcp_0444,"General Hospital, Nyanya",hospital,FCT,Abuja Municipal Area Council,Abuja,"Nyanya, Abuja",,,NHIA directory code FCT/0099/P,,,city_only,https://integratedhealthcareltd.com/provider-directory-nhia/,2026-04-23T11:40:35Z,FCT/0099/P
nhia_hcp_0445,Grace Of God Specialist Med. Centre,hospital,FCT,Bwari,Abuja,"Phrase 2, Site 2, Kubwa, Abuja.",,,NHIA directory code FCT/0046/P,,,city_only,https://integratedhealthcareltd.com/provider-directory-nhia/,2026-04-23T11:40:35Z,FCT/0046/P
nhia_hcp_0446,Guards Brigade Med. Centre,hospital,FCT,,Abuja,"Yakubu Gowon Barracks, Abuja,Mabilla Barracks",,,NHIA directory code FCT/0345/P,,,city_only,https://integratedhealthcareltd.com/provider-directory-nhia/,2026-04-23T11:40:35Z,FCT/0345/P
nhia_hcp_0447,Gwagwalada Clinic & Maternity,clinic,FCT,,Abuja,"Kutunku Along Frcn Road, Abuja",,,NHIA directory code FCT/0153/P,,,city_only,https://integratedhealthcareltd.com/provider-directory-nhia/,2026-04-23T11:40:35Z,FCT/0153/P
nhia_hcp_0448,Gwarinpa General Hospital,hospital,FCT,Abuja Municipal Area Council,Abuja,"Gwarinpa,Abuja, LIFE CAMP.",,,NHIA directory code FCT/0004/P,,,city_only,https://integratedhealthcareltd.com/provider-directory-nhia/,2026-04-23T11:40:35Z,FCT/0004/P
nhia_hcp_0449,Hammersmith Medical Centre,clinic,FCT,,Abuja,"FCT, ABUJA",,,NHIA directory code FCT/0718/P,,,city_only,https://integratedhealthcareltd.com/provider-directory-nhia/,2026-04-23T11:40:35Z,FCT/0718/P
nhia_hcp_0450,Healthland Hospital and Diagnostic Centre,lab,FCT,Kuje,Abuja,"Plot 12, Sauki Extension, Off FCMB, Kuje, F.C.T",,,NHIA directory code FCT/0678/P,,,city_only,https://integratedhealthcareltd.com/provider-directory-nhia/,2026-04-23T11:40:35Z,FCT/0678/P
nhia_hcp_0451,Holy Trinity Hospital Limited,hospital,FCT,Abuja Municipal Area Council,Abuja,"27, Oro Ago Crescent off Muhammadu Buhari Way Garki II, Abuja.",,,NHIA directory code FCT/0141/P,,,city_only,https://integratedhealthcareltd.com/provider-directory-nhia/,2026-04-23T11:40:35Z,FCT/0141/P
nhia_hcp_0452,Iduna Specialist Hospital,hospital,FCT,Abuja Municipal Area Council,Abuja,"Plot 1200 Ndjamena Crescent, Wuse Ii",,,NHIA directory code FCT/0128/P,,,city_only,https://integratedhealthcareltd.com/provider-directory-nhia/,2026-04-23T11:40:35Z,FCT/0128/P
nhia_hcp_0453,INEC Staff Clinic,clinic,FCT,Abuja Municipal Area Council,Abuja,"Area 10, Inec Office, Garki.",,,NHIA directory code FCT/0140/P,,,city_only,https://integratedhealthcareltd.com/provider-directory-nhia/,2026-04-23T11:40:35Z,FCT/0140/P
nhia_hcp_0454,Jalingo Medical Clinic,clinic,FCT,Abuja Municipal Area Council,Abuja,"Plot 53, Phase 2, Opp. Area A, Nyanya Abuja",,,NHIA directory code FCT/0012/P,,,city_only,https://integratedhealthcareltd.com/provider-directory-nhia/,2026-04-23T11:40:35Z,FCT/0012/P
nhia_hcp_0455,Jehova Adonai Eagle Hospital,hospital,FCT,Gwagwalada,Abuja,"314, Street B, Phase 1, Gwagwalada, F.C.T",,,NHIA directory code FCT/0679/P,,,city_only,https://integratedhealthcareltd.com/provider-directory-nhia/,2026-04-23T11:40:35Z,FCT/0679/P
nhia_hcp_0456,Jerab Hospitals,hospital,FCT,Gwagwalada,Abuja,"Plot 145, Kutunku Near Radio House, Gwagwalada, Abuja",,,NHIA directory code FCT/0154/P,,,city_only,https://integratedhealthcareltd.com/provider-directory-nhia/,2026-04-23T11:40:35Z,FCT/0154/P
nhia_hcp_0457,Jethrone Hospital and Diagnostic Centre,lab,FCT,,Abuja,"Plot 44, NYSC Road, Gbazango",,,NHIA directory code FCT/0604/P,,,city_only,https://integratedhealthcareltd.com/provider-directory-nhia/,2026-04-23T11:40:35Z,FCT/0604/P
nhia_hcp_0458,Jikwoyi Medical Centre,clinic,FCT,,Abuja,"3 Esu Jetta Road, Phase 1, Jikwoyi",,,NHIA directory code FCT/0596/P,,,city_only,https://integratedhealthcareltd.com/provider-directory-nhia/,2026-04-23T11:40:35Z,FCT/0596/P
nhia_hcp_0459,Jilf Clinic Ent.,clinic,FCT,,Abuja,Plot D 231 Crescent By 232 Road Kado Estate.,,,NHIA directory code FCT/0115/P,,,city_only,https://integratedhealthcareltd.com/provider-directory-nhia/,2026-04-23T11:40:35Z,FCT/0115/P
nhia_hcp_0460,Kefat Medical Centre,clinic,FCT,Abuja Municipal Area Council,Abuja,"No 5 Damaturu Close, Behind Mr.Biggs, FHA, Gwarinpa",,,NHIA directory code FCT/0382/P,,,city_only,https://integratedhealthcareltd.com/provider-directory-nhia/,2026-04-23T11:40:35Z,FCT/0382/P
nhia_hcp_0461,Kinectic Hospital,hospital,FCT,Abuja Municipal Area Council,Abuja,"Plot 877 Ahoada Close off Emeka Anyaoku Behind NTA HQ, Area II, Garki.",,,NHIA directory code FCT/0150/P,,,city_only,https://integratedhealthcareltd.com/provider-directory-nhia/,2026-04-23T11:40:35Z,FCT/0150/P
nhia_hcp_0462,Kings Care Hospital - Wuse,hospital,FCT,Abuja Municipal Area Council,Abuja,"Wuse Zone 4, Abuja",,,NHIA directory code FCT/0132/P,,,city_only,https://integratedhealthcareltd.com/provider-directory-nhia/,2026-04-23T11:40:35Z,FCT/0132/P
nhia_hcp_0463,Kings Care Hospital Ltd - Kubwa,hospital,FCT,Bwari,Abuja,"Plot 2181, Ibrahim Babantida Way, P.O.Box 8163, Wuse Zone 4, Abuja. 7, Christmas Road, Behind Police Affairs Quarters, Phase 4, Kubwa Abuja.",,,NHIA directory code FCT/0040/P,,,city_only,https://integratedhealthcareltd.com/provider-directory-nhia/,2026-04-23T11:40:35Z,FCT/0040/P
nhia_hcp_0464,Kodesh Hospital LTD,hospital,FCT,,Abuja,"No 1, Close 5, Phase2, Army Housing Estate,Kurudu, Abuja. F.C.T",,,NHIA directory code FCT/0726/P,,,city_only,https://integratedhealthcareltd.com/provider-directory-nhia/,2026-04-23T11:40:35Z,FCT/0726/P
nhia_hcp_0465,Kubwa Clinic & Maternity,clinic,FCT,Bwari,Abuja,"Plot159b Kubwa, Behind Channel 8 Restaurant, P.O.Box 74 Kubwa, Abuja.",,,NHIA directory code FCT/0043/P,,,city_only,https://integratedhealthcareltd.com/provider-directory-nhia/,2026-04-23T11:40:35Z,FCT/0043/P
nhia_hcp_0466,Kubwa General Hospital,hospital,FCT,Bwari,Abuja,"Phase 4 Opp. GSS, Kubwa, Abuja.",,,NHIA directory code FCT/0047/P,,,city_only,https://integratedhealthcareltd.com/provider-directory-nhia/,2026-04-23T11:40:35Z,FCT/0047/P
nhia_hcp_0467,Kubwa Muslim Community Hospital (KMC),hospital,FCT,Bwari,Abuja,"PHASE 4, OPPOSITE JUMAT MOSQUE, KUBWA, ABUJA",,,NHIA directory code FCT/0595/P,,,city_only,https://integratedhealthcareltd.com/provider-directory-nhia/,2026-04-23T11:40:35Z,FCT/0595/P
nhia_hcp_0468,Kuje General Hospital,hospital,FCT,Kuje,Abuja,"Kuje, Abuja.",,,NHIA directory code FCT/0425/P,,,city_only,https://integratedhealthcareltd.com/provider-directory-nhia/,2026-04-23T11:40:35Z,FCT/0425/P
nhia_hcp_0469,Kuje Primary Health Centre,clinic,FCT,,Abuja,PRIMARY HEALTH CARE CENTRE Near Local Govt Area Council Secretariat.,,,NHIA directory code FCT/0114/P,,,city_only,https://integratedhealthcareltd.com/provider-directory-nhia/,2026-04-23T11:40:35Z,FCT/0114/P
nhia_hcp_0470,Kwali General Hospital,hospital,FCT,,Abuja,"Off Abaji/Lokoja Road, Near Area Council Secretariat, Kwali,",,,NHIA directory code FCT/0103/P,,,city_only,https://integratedhealthcareltd.com/provider-directory-nhia/,2026-04-23T11:40:35Z,FCT/0103/P
nhia_hcp_0471,LeahJada-Joseph Medical Centre,clinic,FCT,Kuje,Abuja,"AA3, PLOT 34, ALONG NNPC ROAD BEHIND AFFINITY RESIDENCE GWUDABE KUJE, ABUJA. F.C.T",,,NHIA directory code FCT/0676/P,,,city_only,https://integratedhealthcareltd.com/provider-directory-nhia/,2026-04-23T11:40:35Z,FCT/0676/P
nhia_hcp_0472,Life Point Medical Center,clinic,FCT,Abuja Municipal Area Council,Abuja,"Plot 64, Moses Majekodummi Crescent, Utako District, Abuja",,,NHIA directory code FCT/0668/P,,,city_only,https://integratedhealthcareltd.com/provider-directory-nhia/,2026-04-23T11:40:35Z,FCT/0668/P
nhia_hcp_0473,"Limi Hospital & Mat., Ltd.",hospital,FCT,Abuja Municipal Area Council,Abuja,"Plot 541, constitution avenue,Behind ndic/Icpc, Central Area, Abuja.",,,NHIA directory code FCT/0120/P,,,city_only,https://integratedhealthcareltd.com/provider-directory-nhia/,2026-04-23T11:40:35Z,FCT/0120/P
nhia_hcp_0474,Living Stream Specialist Hospi,hospital,FCT,Gwagwalada,Abuja,"Plot 42,Phase 1,Layout3,Opposite Omoye Hostel Complex,Near Sharia Court of Apeal.Gwagwalada",,,NHIA directory code FCT/0336/P,,,city_only,https://integratedhealthcareltd.com/provider-directory-nhia/,2026-04-23T11:40:35Z,FCT/0336/P
nhia_hcp_0475,Lona City Hospital Nig Ltd,hospital,FCT,,Abuja,"plot 109 Cadastral Zone,Jikwoyi Phase 3 by the Transformer. FCT, Abuja.",,,NHIA directory code FCT/0749/P,,,city_only,https://integratedhealthcareltd.com/provider-directory-nhia/,2026-04-23T11:40:35Z,FCT/0749/P
nhia_hcp_0476,Maitama District Hospital,hospital,FCT,Abuja Municipal Area Council,Abuja,NO.16 AGUIYI IRONSI STREET MAITAMA. FCT.,,,NHIA directory code FCT/0091/P,,,city_only,https://integratedhealthcareltd.com/provider-directory-nhia/,2026-04-23T11:40:35Z,FCT/0091/P
nhia_hcp_0477,Maraba Clinic & Maternity,clinic,FCT,Gwagwalada,Abuja,"Behind Bank of the North, Gwagwalada, Abuja",,,NHIA directory code FCT/0482/P,,,city_only,https://integratedhealthcareltd.com/provider-directory-nhia/,2026-04-23T11:40:35Z,FCT/0482/P
nhia_hcp_0478,MAYFIELD SPECIALIST HOSPITAL,hospital,FCT,,Abuja,,,,NHIA directory code FCT/0901/P,,,city_only,https://integratedhealthcareltd.com/provider-directory-nhia/,2026-04-23T11:40:35Z,FCT/0901/P
nhia_hcp_0479,MD Abubakar Hospital,hospital,FCT,,Abuja,"Dei, dei. Abuja",,,NHIA directory code FCT/0697/P,,,city_only,https://integratedhealthcareltd.com/provider-directory-nhia/,2026-04-23T11:40:35Z,FCT/0697/P
nhia_hcp_0480,Medical Centre (Council of Legal Education) Nigerian Law Sch,clinic,FCT,Bwari,Abuja,"Nigerian Law School, Bwari, P.M.B. 170, Garki, Abuja",,,NHIA directory code FCT/0370/P,,,city_only,https://integratedhealthcareltd.com/provider-directory-nhia/,2026-04-23T11:40:35Z,FCT/0370/P
nhia_hcp_0481,"MEDICROWN HEALTH CENTRE, ABUJA",clinic,FCT,,Abuja,FCT,,,NHIA directory code FCT/1053/P,,,city_only,https://integratedhealthcareltd.com/provider-directory-nhia/,2026-04-23T11:40:35Z,FCT/1053/P
nhia_hcp_0482,Medirest Health Consulting Big. Ltd-FCT/,hospital,FCT,,Abuja,,,,NHIA directory code FCT/0933/P,,,city_only,https://integratedhealthcareltd.com/provider-directory-nhia/,2026-04-23T11:40:35Z,FCT/0933/P
nhia_hcp_0483,MEGFILS SPECIALIST CLINIC LTD,clinic,FCT,,Abuja,"FCT, ABUJA",,,NHIA directory code FCT/0865/P,,,city_only,https://integratedhealthcareltd.com/provider-directory-nhia/,2026-04-23T11:40:35Z,FCT/0865/P
nhia_hcp_0484,Mev Specialist Hospital,hospital,FCT,,Abuja,FCT,,,NHIA directory code FCT/0815/P,,,city_only,https://integratedhealthcareltd.com/provider-directory-nhia/,2026-04-23T11:40:35Z,FCT/0815/P
nhia_hcp_0485,Micheal Cross Specialist Hospital,hospital,FCT,Abuja Municipal Area Council,Abuja,"Plot F9 Church Road, Karu Site, Karu, Abuja.",,,NHIA directory code FCT/0392/P,,,city_only,https://integratedhealthcareltd.com/provider-directory-nhia/,2026-04-23T11:40:35Z,FCT/0392/P
nhia_hcp_0486,Midland Clinic,clinic,FCT,Abuja Municipal Area Council,Abuja,"Karu-Site By Bus Stop, Karu, Abuja",,,NHIA directory code FCT/0015/P,,,city_only,https://integratedhealthcareltd.com/provider-directory-nhia/,2026-04-23T11:40:35Z,FCT/0015/P
nhia_hcp_0487,Ministry Of Defence Staff Clinic,clinic,FCT,Abuja Municipal Area Council,Abuja,"Ship House, Olusegun Obasanjo Way, Area 10, Garki",,,NHIA directory code FCT/0149/P,,,city_only,https://integratedhealthcareltd.com/provider-directory-nhia/,2026-04-23T11:40:35Z,FCT/0149/P
nhia_hcp_0488,Miracle Seed Clinic & Maternity,clinic,FCT,Bwari,Abuja,"40b Dasuki Street, Phase II, Site 2, Kubwa, Abuja",,,NHIA directory code FCT/0045/P,,,city_only,https://integratedhealthcareltd.com/provider-directory-nhia/,2026-04-23T11:40:35Z,FCT/0045/P
nhia_hcp_0489,MLOSH Clinics Abuja,hospital,FCT,,Abuja,Abuja,,,NHIA directory code FCT/0707/P,,,city_only,https://integratedhealthcareltd.com/provider-directory-nhia/,2026-04-23T11:40:35Z,FCT/0707/P
nhia_hcp_0490,Model Care Hospital,hospital,FCT,,Abuja,,,,NHIA directory code FCT/0711/P,,,city_only,https://integratedhealthcareltd.com/provider-directory-nhia/,2026-04-23T11:40:35Z,FCT/0711/P
nhia_hcp_0491,MUHAMMADU BUHARI POLICE HOSP-,hospital,FCT,Abuja Municipal Area Council,Abuja,"POLICE CANTONMENT, AREA 11, GARKI, ABUJA.",,,NHIA directory code FCT/0955/P,,,city_only,https://integratedhealthcareltd.com/provider-directory-nhia/,2026-04-23T11:40:35Z,FCT/0955/P
nhia_hcp_0492,NAF Sick Bay,hospital,FCT,,Abuja,Abuja,,,NHIA directory code FCT/0583/P,,,city_only,https://integratedhealthcareltd.com/provider-directory-nhia/,2026-04-23T11:40:35Z,FCT/0583/P
nhia_hcp_0493,National Assembly Clinic,clinic,FCT,Abuja Municipal Area Council,Abuja,"Three Arm Zone, Central Area, Abuja.",,,NHIA directory code FCT/0122/P,,,city_only,https://integratedhealthcareltd.com/provider-directory-nhia/,2026-04-23T11:40:35Z,FCT/0122/P
nhia_hcp_0494,National Hospital Abuja,hospital,FCT,Abuja Municipal Area Council,Abuja,Central Area.,,,NHIA directory code FCT/0330/P,,,city_only,https://integratedhealthcareltd.com/provider-directory-nhia/,2026-04-23T11:40:35Z,FCT/0330/P
nhia_hcp_0495,NAVAL MEDICAL CENTRE KUJE- FCT/0,clinic,FCT,,Abuja,,,,NHIA directory code FCT/0842/P,,,city_only,https://integratedhealthcareltd.com/provider-directory-nhia/,2026-04-23T11:40:35Z,FCT/0842/P
nhia_hcp_0496,Nigeria Customs Service Clinics - Wuse,hospital,FCT,Abuja Municipal Area Council,Abuja,"Wuse Zone 3, Abuja",,,NHIA directory code FCT/0343/P,,,city_only,https://integratedhealthcareltd.com/provider-directory-nhia/,2026-04-23T11:40:35Z,FCT/0343/P
nhia_hcp_0497,Nigeria Customs Service Med. Centre - Karu,hospital,FCT,Abuja Municipal Area Council,Abuja,"Karu Customs Barracks, Abuja",,,NHIA directory code FCT/0344/P,,,city_only,https://integratedhealthcareltd.com/provider-directory-nhia/,2026-04-23T11:40:35Z,FCT/0344/P
nhia_hcp_0498,Nigerian Customs Medical Centre,clinic,FCT,Abuja Municipal Area Council,Abuja,"Karu Customs Barracks, Karu",,,NHIA directory code FCT/0401/P,,,city_only,https://integratedhealthcareltd.com/provider-directory-nhia/,2026-04-23T11:40:35Z,FCT/0401/P
nhia_hcp_0499,Nisa Premier Hospital,hospital,FCT,Abuja Municipal Area Council,Abuja,Plot 618 Alex Ekweme Way Jabi Abuja,,,NHIA directory code FCT/0158/P,,,city_only,https://integratedhealthcareltd.com/provider-directory-nhia/,2026-04-23T11:40:35Z,FCT/0158/P
nhia_hcp_0500,Northernland Medical Centre,clinic,FCT,Abuja Municipal Area Council,Abuja,"Okot A House Off Old Karu Road, Nyanya, Abuja",,,NHIA directory code FCT/0510/P,,,city_only,https://integratedhealthcareltd.com/provider-directory-nhia/,2026-04-23T11:40:35Z,FCT/0510/P
nhia_hcp_0501,NWC MIR Abuja,hospital,FCT,,Abuja,Abuja,,,NHIA directory code FCT/0372/P,,,city_only,https://integratedhealthcareltd.com/provider-directory-nhia/,2026-04-23T11:40:35Z,FCT/0372/P
nhia_hcp_0502,Oakfield Health Service Limited,hospital,FCT,,Abuja,Abuja,,,NHIA directory code FCT/0810/P,,,city_only,https://integratedhealthcareltd.com/provider-directory-nhia/,2026-04-23T11:40:35Z,FCT/0810/P
nhia_hcp_0503,Our Lady Of Fatima Catholic Hospital,hospital,FCT,Bwari,Abuja,"Ushafa Rd., Bwari Area Council, Abuja.",,,NHIA directory code FCT/0102/P,,,city_only,https://integratedhealthcareltd.com/provider-directory-nhia/,2026-04-23T11:40:35Z,FCT/0102/P
nhia_hcp_0504,PAAFAG Hospital & Medical Diagnosis Centre,hospital,FCT,Abuja Municipal Area Council,Abuja,"FHA Lugbe FHA Estate, Lugbe, Abuj",,,NHIA directory code FCT/0508/P,,,city_only,https://integratedhealthcareltd.com/provider-directory-nhia/,2026-04-23T11:40:35Z,FCT/0508/P
nhia_hcp_0505,Pan-Raf Hospital Ltd.,hospital,FCT,Abuja Municipal Area Council,Abuja,"PLOT B 65, ROAD 3, PHASE 4, NYANYA, ABUJA",,,NHIA directory code FCT/0008/P,,,city_only,https://integratedhealthcareltd.com/provider-directory-nhia/,2026-04-23T11:40:35Z,FCT/0008/P
nhia_hcp_0506,Peacecare Clinic,clinic,FCT,Abuja Municipal Area Council,Abuja,"46 3rd Avenue, Opp. Zenith Bank, Gwarinpa",,,NHIA directory code FCT/0608/P,,,city_only,https://integratedhealthcareltd.com/provider-directory-nhia/,2026-04-23T11:40:35Z,FCT/0608/P
nhia_hcp_0507,Pison Hospital,hospital,FCT,Bwari,Abuja,"K8, Sultan Dasuki Way, Kubwa, Abuja",,,NHIA directory code FCT/0044/P,,,city_only,https://integratedhealthcareltd.com/provider-directory-nhia/,2026-04-23T11:40:35Z,FCT/0044/P
nhia_hcp_0508,Police Hospital,hospital,FCT,Abuja Municipal Area Council,Abuja,"Behind Area 1 Shopping Complex, Area 1 Garki",,,NHIA directory code FCT/0559/P,,,city_only,https://integratedhealthcareltd.com/provider-directory-nhia/,2026-04-23T11:40:35Z,FCT/0559/P
nhia_hcp_0509,Precious Clinic & Maternity,clinic,FCT,Abuja Municipal Area Council,Abuja,"House 308 1st Avenue FHA, Lugbe, Abuja",,,NHIA directory code FCT/0395/P,,,city_only,https://integratedhealthcareltd.com/provider-directory-nhia/,2026-04-23T11:40:35Z,FCT/0395/P
nhia_hcp_0510,Primecare Hospitals,hospital,FCT,,Abuja,"Plot 75, Road 321 off 3rd Avenue by",,,NHIA directory code FCT/0613/P,,,city_only,https://integratedhealthcareltd.com/provider-directory-nhia/,2026-04-23T11:40:35Z,FCT/0613/P
nhia_hcp_0511,Queens Clinics,hospital,FCT,Abuja Municipal Area Council,Abuja,"Plot 225, Cotonou Crescent, Wuse Zone 6, Abuja",,,NHIA directory code FCT/0138/P,,,city_only,https://integratedhealthcareltd.com/provider-directory-nhia/,2026-04-23T11:40:35Z,FCT/0138/P
nhia_hcp_0512,QUEENS SPECIALIST HOSPITAL,hospital,FCT,,Abuja,"FCT, ABUJA",,,NHIA directory code FCT/0856/P,,,city_only,https://integratedhealthcareltd.com/provider-directory-nhia/,2026-04-23T11:40:35Z,FCT/0856/P
nhia_hcp_0513,RADIYAH HOSPITAL-FCT/0904/P,hospital,FCT,,Abuja,,,,NHIA directory code FCT/0904/P,,,city_only,https://integratedhealthcareltd.com/provider-directory-nhia/,2026-04-23T11:40:35Z,FCT/0904/P
nhia_hcp_0514,Rainbow Clinic & Maternity,clinic,FCT,Abuja Municipal Area Council,Abuja,"Plot 218, Gudu District Apo Qtrs Garki, Abuja.",,,NHIA directory code FCT/0389/P,,,city_only,https://integratedhealthcareltd.com/provider-directory-nhia/,2026-04-23T11:40:35Z,FCT/0389/P
nhia_hcp_0515,Rapha Hospital And Maternity,clinic,FCT,,Abuja,"Phase 3, Near Giwa Hotel, Before Fine Trust Academy, Jikwoyi, Abuja.",,,NHIA directory code FCT/0156/P,,,city_only,https://integratedhealthcareltd.com/provider-directory-nhia/,2026-04-23T11:40:35Z,FCT/0156/P
nhia_hcp_0516,Rhema Foundation Hospital,hospital,FCT,,Abuja,"Rhema Foundationhospital p.o.box13 Kwali, Abuja",,,NHIA directory code FCT/0086/P,,,city_only,https://integratedhealthcareltd.com/provider-directory-nhia/,2026-04-23T11:40:35Z,FCT/0086/P
nhia_hcp_0517,Ronella Specialist Hospital,hospital,FCT,Bwari,Abuja,"51 Crescent Road, Flat 3, Phase IV, Kubwa, Abuja",,,NHIA directory code FCT/0387/P,,,city_only,https://integratedhealthcareltd.com/provider-directory-nhia/,2026-04-23T11:40:35Z,FCT/0387/P
nhia_hcp_0518,ROSE HASKE CLINIC AND MATERNITY,clinic,FCT,,Abuja,FCT,,,NHIA directory code FCT/0821/P,,,city_only,https://integratedhealthcareltd.com/provider-directory-nhia/,2026-04-23T11:40:35Z,FCT/0821/P
nhia_hcp_0519,Rouz Hospital & Maternity Limited,clinic,FCT,Abuja Municipal Area Council,Abuja,"No: 10 Mobolaji Johnson str, Apo, Legislative Qtrs, zone D 2nd gate Garki ABJ",,,NHIA directory code FCT/0108/P,,,city_only,https://integratedhealthcareltd.com/provider-directory-nhia/,2026-04-23T11:40:35Z,FCT/0108/P
nhia_hcp_0520,"Royal Lords Hospital, Clinics & Maternity Ltd",clinic,FCT,Bwari,Abuja,"Plot 107, Zone 4, Dutse Alhaji, Abuja,",,,NHIA directory code FCT/0050/P,,,city_only,https://integratedhealthcareltd.com/provider-directory-nhia/,2026-04-23T11:40:35Z,FCT/0050/P
nhia_hcp_0521,Royal Specialist Hospital,hospital,FCT,Abuja Municipal Area Council,Abuja,"2 Kukawa Street, off Gimbiya Street, Area 11, Garki",,,NHIA directory code FCT/0600/P,,,city_only,https://integratedhealthcareltd.com/provider-directory-nhia/,2026-04-23T11:40:35Z,FCT/0600/P
nhia_hcp_0522,Ruz Medical Centre,clinic,FCT,Abuja Municipal Area Council,Abuja,"31 Ubiaja Crescent, Garki, Abuja",,,NHIA directory code FCT/0107/P,,,city_only,https://integratedhealthcareltd.com/provider-directory-nhia/,2026-04-23T11:40:35Z,FCT/0107/P
nhia_hcp_0523,Saffron Hospital Ltd.,hospital,FCT,Abuja Municipal Area Council,Abuja,"1 KM, Left Off Checkpoint, Abuja-Keffi Expressway, Phase IV, Nyanya, FCT",,,NHIA directory code FCT/0366/P,,,city_only,https://integratedhealthcareltd.com/provider-directory-nhia/,2026-04-23T11:40:35Z,FCT/0366/P
nhia_hcp_0524,Sami-Wadata Clinics Ltd.,hospital,FCT,Abuja Municipal Area Council,Abuja,"Plot 766 Bukcanan Crescent, Off Aminu Kano Crescent, Wuse II",,,NHIA directory code FCT/0127/P,,,city_only,https://integratedhealthcareltd.com/provider-directory-nhia/,2026-04-23T11:40:35Z,FCT/0127/P
nhia_hcp_0525,Samto Medical Services,hospital,FCT,Abuja Municipal Area Council,Abuja,"4TH/2ND AVENUE, SUPREME COURT QUARTERS, KARU, ABUJA",,,NHIA directory code FCT/0611/P,,,city_only,https://integratedhealthcareltd.com/provider-directory-nhia/,2026-04-23T11:40:35Z,FCT/0611/P
nhia_hcp_0526,Sauki Private Hospital,hospital,FCT,Abuja Municipal Area Council,Abuja,"Plot 90 Zone 6 Yaounde Crescent Wuse. [new adress:no.5 juba street, p.o.box225, wuse zone 6, abuja.",,,NHIA directory code FCT/0097/P,,,city_only,https://integratedhealthcareltd.com/provider-directory-nhia/,2026-04-23T11:40:35Z,FCT/0097/P
nhia_hcp_0527,Savannah Hospitals Ltd.,hospital,FCT,Abuja Municipal Area Council,Abuja,"Behind City Rock Hotel, Mararaba, Off Nyanya abuja, Km 42, Keffi Road, Mararaba",,,NHIA directory code FCT/0145/P,,,city_only,https://integratedhealthcareltd.com/provider-directory-nhia/,2026-04-23T11:40:35Z,FCT/0145/P
nhia_hcp_0528,Sisters of Nativity Hospital,hospital,FCT,,Abuja,"Nativity Hospital - Jikwoyi Phase 1, Behind Asaka Cement,",,,NHIA directory code FCT/0584/P,,,city_only,https://integratedhealthcareltd.com/provider-directory-nhia/,2026-04-23T11:40:35Z,FCT/0584/P
nhia_hcp_0529,Sliver Fountain Medical Centre,clinic,FCT,,Abuja,"Kukwala District, Opp. Kuchingoro, Along Airport Road, Abuja",,,NHIA directory code FCT/0155/P,,,city_only,https://integratedhealthcareltd.com/provider-directory-nhia/,2026-04-23T11:40:35Z,FCT/0155/P
nhia_hcp_0530,Soft Shell Specialist Hospital,hospital,FCT,Bwari,Abuja,"A57 Akpabuyo str. Army estate Kubwa, Abuja.",,,NHIA directory code FCT/0747/P,,,city_only,https://integratedhealthcareltd.com/provider-directory-nhia/,2026-04-23T11:40:35Z,FCT/0747/P
nhia_hcp_0531,Sophy Hospital & Maternity,clinic,FCT,,Abuja,"Jukwoyi-Karshi Rd, Jukwoyi, Phase II",,,NHIA directory code FCT/0399/P,,,city_only,https://integratedhealthcareltd.com/provider-directory-nhia/,2026-04-23T11:40:35Z,FCT/0399/P
nhia_hcp_0532,St George's Clinic,clinic,FCT,Abuja Municipal Area Council,Abuja,"SECTOR F CORNER SHOP, FEDERAL HOUSING ESTATE, AIRPORT ROAD, LUGBE",,,NHIA directory code FCT/0566/P,,,city_only,https://integratedhealthcareltd.com/provider-directory-nhia/,2026-04-23T11:40:35Z,FCT/0566/P
nhia_hcp_0533,"St Mary Catholic Hospital, Gwagwalada",hospital,FCT,Gwagwalada,Abuja,"No 1 FRCN Road, Opposite Police Station Gwagwalada",,,NHIA directory code FCT/0394/P,,,city_only,https://integratedhealthcareltd.com/provider-directory-nhia/,2026-04-23T11:40:35Z,FCT/0394/P
nhia_hcp_0534,ST. CATHERINE`S SPECIALIST HOSPIT,hospital,FCT,,Abuja,,,,NHIA directory code FCT/0769/P,,,city_only,https://integratedhealthcareltd.com/provider-directory-nhia/,2026-04-23T11:40:35Z,FCT/0769/P
nhia_hcp_0535,"St. Patricks, Clinic & Mat.",clinic,FCT,Abuja Municipal Area Council,Abuja,"Area F, Beside Police Station, Nyanya Abuja",,,NHIA directory code FCT/0011/P,,,city_only,https://integratedhealthcareltd.com/provider-directory-nhia/,2026-04-23T11:40:35Z,FCT/0011/P
nhia_hcp_0536,St. Peters Catholic Hospital,hospital,FCT,,Abuja,"Abuja-Lokoja Road, Abaji, Abuja",,,NHIA directory code FCT/0476/P,,,city_only,https://integratedhealthcareltd.com/provider-directory-nhia/,2026-04-23T11:40:35Z,FCT/0476/P
nhia_hcp_0537,St. Vincent Clinic & Maternity,clinic,FCT,Bwari,Abuja,"Daughtrer's Of Charity, Biyazhin Road, Kubwa,",,,NHIA directory code FCT/0049/P,,,city_only,https://integratedhealthcareltd.com/provider-directory-nhia/,2026-04-23T11:40:35Z,FCT/0049/P
nhia_hcp_0538,Standard Care Hospital & Maternity,clinic,FCT,Abuja Municipal Area Council,Abuja,"T-Junction Opp. Min. Of Finance, Phase 1, FHA, Lugbe, Airport Road, Abuja.",,,NHIA directory code FCT/0087/P,,,city_only,https://integratedhealthcareltd.com/provider-directory-nhia/,2026-04-23T11:40:35Z,FCT/0087/P
nhia_hcp_0539,State House Clinic,clinic,FCT,Abuja Municipal Area Council,Abuja,"(Presidency) Three Arm Zone, Central Area, Abuja",,,NHIA directory code FCT/0123/P,,,city_only,https://integratedhealthcareltd.com/provider-directory-nhia/,2026-04-23T11:40:35Z,FCT/0123/P
nhia_hcp_0540,Sumit Hospital,hospital,FCT,Bwari,Abuja,Bwari,,,NHIA directory code FCT/0038/P,,,city_only,https://integratedhealthcareltd.com/provider-directory-nhia/,2026-04-23T11:40:35Z,FCT/0038/P
nhia_hcp_0541,Sybron Medical Centre,clinic,FCT,Abuja Municipal Area Council,Abuja,"Plot 1241, Yakubu Gowon Crescent, Asokoro D",,,NHIA directory code FCT/0005/P,,,city_only,https://integratedhealthcareltd.com/provider-directory-nhia/,2026-04-23T11:40:35Z,FCT/0005/P
nhia_hcp_0542,The Comforter Clinic & Diag. Centre,clinic,FCT,Abuja Municipal Area Council,Abuja,"road off CBN quaters, Fha Estate 26/46th Road, Lugbe, Airport Road, Abuja",,,NHIA directory code FCT/0017/P,,,city_only,https://integratedhealthcareltd.com/provider-directory-nhia/,2026-04-23T11:40:35Z,FCT/0017/P
nhia_hcp_0543,The Crown Hospital Ltd.,hospital,FCT,,Abuja,"Behind Police quarters, Gwagwa, Abuja",,,NHIA directory code FCT/0386/P,,,city_only,https://integratedhealthcareltd.com/provider-directory-nhia/,2026-04-23T11:40:35Z,FCT/0386/P
nhia_hcp_0544,The Dutse Clinic and Trauma Manageme,clinic,FCT,Bwari,Abuja,"Road 3, Housee 16, Bmuko zone, Bmuko zone A, Bmuko Village, Off Tipper Garage Bus stop, Dutse Alhaji. FCT.",,,NHIA directory code FCT/0949/P,,,city_only,https://integratedhealthcareltd.com/provider-directory-nhia/,2026-04-23T11:40:35Z,FCT/0949/P
nhia_hcp_0545,The Peake Specialist Hospital,hospital,FCT,Abuja Municipal Area Council,Abuja,"No 24, 64 crescent, After Chaley Boy Boulevard, Gwarinpa. Abuja",,,NHIA directory code FCT/0650/P,,,city_only,https://integratedhealthcareltd.com/provider-directory-nhia/,2026-04-23T11:40:35Z,FCT/0650/P
nhia_hcp_0546,Tolbert Specialists Hospitals Ltd,hospital,FCT,,Abuja,"NO 3 SUBSTATION CLOSE OFF CONSTITUTION AVENUE, GADUWA ESTATE. FCT ABUJA.",,,NHIA directory code FCT/0601/P,,,city_only,https://integratedhealthcareltd.com/provider-directory-nhia/,2026-04-23T11:40:35Z,FCT/0601/P
nhia_hcp_0547,Trust Charitos Hospital,hospital,FCT,Abuja Municipal Area Council,Abuja,"Plot 879/880,Idris Ibrahim Crescent Jabi,Abuja.",,,NHIA directory code FCT/0781/P,,,city_only,https://integratedhealthcareltd.com/provider-directory-nhia/,2026-04-23T11:40:35Z,FCT/0781/P
nhia_hcp_0548,ULTRAMED SPECIALIST HOSPITAL- FC,hospital,FCT,,Abuja,,,,NHIA directory code FCT/0808/P,,,city_only,https://integratedhealthcareltd.com/provider-directory-nhia/,2026-04-23T11:40:35Z,FCT/0808/P
nhia_hcp_0549,Unity Clinic,clinic,FCT,Bwari,Abuja,"Plot D1 Phase Ii Site One Gado Nasko Road, Kubwa",,,NHIA directory code FCT/0037/P,,,city_only,https://integratedhealthcareltd.com/provider-directory-nhia/,2026-04-23T11:40:35Z,FCT/0037/P
nhia_hcp_0550,"University of Abuja Teaching Hospital, Gwagwalada",hospital,FCT,Gwagwalada,Abuja,"Gwagwalada,Abuja. P. M. B 228, Abuja F.C.T",,,NHIA directory code FCT/0478/P,,,city_only,https://integratedhealthcareltd.com/provider-directory-nhia/,2026-04-23T11:40:35Z,FCT/0478/P
nhia_hcp_0551,VINCA HOSPITAL LTD-FCT,hospital,FCT,Bwari,Abuja,"Arab road, Kubwa, Abuja.",,,NHIA directory code FCT/1079/P,,,city_only,https://integratedhealthcareltd.com/provider-directory-nhia/,2026-04-23T11:40:35Z,FCT/1079/P
nhia_hcp_0552,Vinette Hospital & Maternity,clinic,FCT,Abuja Municipal Area Council,Abuja,"14, Gindiri Street, Garki 2",,,NHIA directory code FCT/0636/P,,,city_only,https://integratedhealthcareltd.com/provider-directory-nhia/,2026-04-23T11:40:35Z,FCT/0636/P
nhia_hcp_0553,Vintage Medical Centre,clinic,FCT,,Abuja,"F Road, CITEC Estate, Mbora District",,,NHIA directory code FCT/0615/P,,,city_only,https://integratedhealthcareltd.com/provider-directory-nhia/,2026-04-23T11:40:35Z,FCT/0615/P
nhia_hcp_0554,Well Point Clinic,clinic,FCT,Abuja Municipal Area Council,Abuja,"House 1, Road 45, Off 1st Ave, Gwarinpa",,,NHIA directory code FCT/0385/P,,,city_only,https://integratedhealthcareltd.com/provider-directory-nhia/,2026-04-23T11:40:35Z,FCT/0385/P
nhia_hcp_0555,Wellington Clinics Limited,hospital,FCT,Abuja Municipal Area Council,Abuja,"10 Vanem Street, off Euphrates Street, Maitama",,,NHIA directory code FCT/0614/P,,,city_only,https://integratedhealthcareltd.com/provider-directory-nhia/,2026-04-23T11:40:35Z,FCT/0614/P
nhia_hcp_0556,White Dove Hospital,hospital,FCT,,Abuja,,,,NHIA directory code FCT/0704/P,,,city_only,https://integratedhealthcareltd.com/provider-directory-nhia/,2026-04-23T11:40:35Z,FCT/0704/P
nhia_hcp_0557,Wildot Clinic,clinic,FCT,Abuja Municipal Area Council,Abuja,"PLOT 903, OBAFEMI AWOLOWO WAY, UTAKO DISTRICT.",,,NHIA directory code FCT/0001/P,,,city_only,https://integratedhealthcareltd.com/provider-directory-nhia/,2026-04-23T11:40:35Z,FCT/0001/P
nhia_hcp_0558,"Woman Development Centre, Staff Clinic",clinic,FCT,Abuja Municipal Area Council,Abuja,"Woman Development Centre, Central Area, Abuja",,,NHIA directory code FCT/0124/P,,,city_only,https://integratedhealthcareltd.com/provider-directory-nhia/,2026-04-23T11:40:35Z,FCT/0124/P
nhia_hcp_0559,Wuse District Hospital,hospital,FCT,Abuja Municipal Area Council,Abuja,"Wuse zone 3, Abuja. 08134558331, 08052484613, fctwusedh@yahoo.com",,,NHIA directory code FCT/0093/P,,,city_only,https://integratedhealthcareltd.com/provider-directory-nhia/,2026-04-23T11:40:35Z,FCT/0093/P
nhia_hcp_0560,YABISAM HOSPITAL- FCT/0731/P,hospital,FCT,,Abuja,"FCT, ABUJA",,,NHIA directory code FCT/0731/P,,,city_only,https://integratedhealthcareltd.com/provider-directory-nhia/,2026-04-23T11:40:35Z,FCT/0731/P
nhia_hcp_0561,Zenith Medical and Kidney Centre,hospital,FCT,Abuja Municipal Area Council,Abuja,"28 Ubiaja Crescent, Garki 2",,,NHIA directory code FCT/0639/P,,,city_only,https://integratedhealthcareltd.com/provider-directory-nhia/,2026-04-23T11:40:35Z,FCT/0639/P
nhia_hcp_0562,AHAJAS MEMORIAL HOSPITAL,hospital,Gombe,,,GOMBE STATE,,,NHIA directory code GM/0152/P,,,area,https://integratedhealthcareltd.com/provider-directory-nhia/,2026-04-23T11:40:35Z,GM/0152/P
nhia_hcp_0563,Doma Hospital,hospital,Gombe,,,"5. Commercial Area,Gombe",,,NHIA directory code GM/0003/P,,,area,https://integratedhealthcareltd.com/provider-directory-nhia/,2026-04-23T11:40:35Z,GM/0003/P
nhia_hcp_0564,"Federal Teaching Hospital, Gombe",hospital,Gombe,,,"Ashaka Road, P M B 037 Gombe",,,NHIA directory code GM/0002/P,,,area,https://integratedhealthcareltd.com/provider-directory-nhia/,2026-04-23T11:40:35Z,GM/0002/P
nhia_hcp_0565,FORESIGHT SPECIALIST CLINIC AND D,clinic,Gombe,,,"Off Ajuji Waziri street, Behind Gombe LGA INEC office, Federal Low Cost Gombe.",,,NHIA directory code GM/0284/P,,,area,https://integratedhealthcareltd.com/provider-directory-nhia/,2026-04-23T11:40:35Z,GM/0284/P
nhia_hcp_0566,GENERAL HOSPITAL NAFADA,hospital,Gombe,,,,,,NHIA directory code GM/0276/P,,,area,https://integratedhealthcareltd.com/provider-directory-nhia/,2026-04-23T11:40:35Z,GM/0276/P
nhia_hcp_0567,"General Hospital, Kaltungo",hospital,Gombe,,,"Kaltungo,Along Yola Road, Gombe",,,NHIA directory code GM/0025/P,,,area,https://integratedhealthcareltd.com/provider-directory-nhia/,2026-04-23T11:40:35Z,GM/0025/P
nhia_hcp_0568,Madi Memorial Clinic and Maternity,clinic,Gombe,,,"Tunfure Investment Estate, Gombe",,,NHIA directory code GM/0137/P,,,area,https://integratedhealthcareltd.com/provider-directory-nhia/,2026-04-23T11:40:35Z,GM/0137/P
nhia_hcp_0569,Metro Consultants,hospital,Gombe,,,"Buhari Estate,Gombe.",,,NHIA directory code GM/0012/P,,,area,https://integratedhealthcareltd.com/provider-directory-nhia/,2026-04-23T11:40:35Z,GM/0012/P
nhia_hcp_0570,MIYELTI HOSPITAL,hospital,Gombe,,,"A.Y. GUEST HOUSE FEDERAL LOW COST ROAD , AFTER DUKKU PARK, Gombe State",,,NHIA directory code GM/0004/P,,,area,https://integratedhealthcareltd.com/provider-directory-nhia/,2026-04-23T11:40:35Z,GM/0004/P
nhia_hcp_0571,MUSABA MEDICAL CENTRE,clinic,Gombe,,,"Along DUKKU ROAD, Gombe",,,NHIA directory code GM/0009/P,,,area,https://integratedhealthcareltd.com/provider-directory-nhia/,2026-04-23T11:40:35Z,GM/0009/P
nhia_hcp_0572,Police Cottage Comprehensive Health Centre Gombe,clinic,Gombe,,,Gombe,,,NHIA directory code GM/0046/P,,,area,https://integratedhealthcareltd.com/provider-directory-nhia/,2026-04-23T11:40:35Z,GM/0046/P
nhia_hcp_0573,Sabana Specialist Hospital Ltd.,hospital,Gombe,,,"Federal Lowcost, Gombe",,,NHIA directory code GM/0013/P,,,area,https://integratedhealthcareltd.com/provider-directory-nhia/,2026-04-23T11:40:35Z,GM/0013/P
nhia_hcp_0574,"SPECIALIST HOSPITAL, JEKADAFARI",hospital,Gombe,,,"JEKADAFARI, Gombe",,,NHIA directory code GM/0014/P,,,area,https://integratedhealthcareltd.com/provider-directory-nhia/,2026-04-23T11:40:35Z,GM/0014/P
nhia_hcp_0575,THAGAMA SPECIALIST CLINIC-GM/028,clinic,Gombe,,,GOMBE,,,NHIA directory code GM/0288/P,,,area,https://integratedhealthcareltd.com/provider-directory-nhia/,2026-04-23T11:40:35Z,GM/0288/P
nhia_hcp_0576,1st Royal Care Hospital Ltd,hospital,Imo,,,"Off Port Harcourt Road, Behind Ebere Link Filling Station, New Owerri, Imo State",,,NHIA directory code IM/0201/P,,,area,https://integratedhealthcareltd.com/provider-directory-nhia/,2026-04-23T11:40:35Z,IM/0201/P
nhia_hcp_0577,"34 AB MRS, Owerri",hospital,Imo,,,"Owerri, Imo State",,,NHIA directory code IM/0095/P,,,area,https://integratedhealthcareltd.com/provider-directory-nhia/,2026-04-23T11:40:35Z,IM/0095/P
nhia_hcp_0578,Akaraugo Hospital & Maternity,clinic,Imo,,,"3, Egbukole Street, Ikenegbu, Imo State",,,NHIA directory code IM/0030/P,,,area,https://integratedhealthcareltd.com/provider-directory-nhia/,2026-04-23T11:40:35Z,IM/0030/P
nhia_hcp_0579,Aladinma Hospital,hospital,Imo,,,"Transfiguration Road, Owerri, Imo State",,,NHIA directory code IM/0061/P,,,area,https://integratedhealthcareltd.com/provider-directory-nhia/,2026-04-23T11:40:35Z,IM/0061/P
nhia_hcp_0580,Alpha Clinic & Maternity,clinic,Imo,,,"23, Nwafor Street, Orji Uratta, Owerri, Imo State",,,NHIA directory code IM/0206/P,,,area,https://integratedhealthcareltd.com/provider-directory-nhia/,2026-04-23T11:40:35Z,IM/0206/P
nhia_hcp_0581,Amanda Hospital,hospital,Imo,,,"Plot 412/415 Works Layout, Owerri, Imo State.",,,NHIA directory code IM/0118/P,,,area,https://integratedhealthcareltd.com/provider-directory-nhia/,2026-04-23T11:40:35Z,IM/0118/P
nhia_hcp_0582,Capital Health Hospital,hospital,Imo,,,"44 Oyima Street Owerri, Imo State",,,NHIA directory code IM/0073/P,,,area,https://integratedhealthcareltd.com/provider-directory-nhia/,2026-04-23T11:40:35Z,IM/0073/P
nhia_hcp_0583,Christiana Specialist Hospital,hospital,Imo,,,"KM 3 Egbu/Umuoba Rd.Egbu, Owerri Imo State",,,NHIA directory code IM/0068/P,,,area,https://integratedhealthcareltd.com/provider-directory-nhia/,2026-04-23T11:40:35Z,IM/0068/P
nhia_hcp_0584,ETITI MEDICAL CENTER,clinic,Imo,,,"Isinweke, IHITTE - Uboma L.G.A Imo State.",,,NHIA directory code IM/0129/P,,,area,https://integratedhealthcareltd.com/provider-directory-nhia/,2026-04-23T11:40:35Z,IM/0129/P
nhia_hcp_0585,Ezem Medical Centre,clinic,Imo,,,"2 Osuji Street, Owerri, Imo state.",,,NHIA directory code IM/0024/P,,,area,https://integratedhealthcareltd.com/provider-directory-nhia/,2026-04-23T11:40:35Z,IM/0024/P
nhia_hcp_0586,FamilyCare Specialist Clinics,hospital,Imo,,,"Plot 1, Federal Housing Estate, Road 15, New Owerri, Imo State",,,NHIA directory code IM/0208/P,,,area,https://integratedhealthcareltd.com/provider-directory-nhia/,2026-04-23T11:40:35Z,IM/0208/P
nhia_hcp_0587,"Federal Medical Centre, Owerri",clinic,Imo,,,"Orlu/Hospital Road,Owerri, Imo State.",,,NHIA directory code IM/0094/P,,,area,https://integratedhealthcareltd.com/provider-directory-nhia/,2026-04-23T11:40:35Z,IM/0094/P
nhia_hcp_0588,GENERAL HOSPITAL ABOR,hospital,Imo,,,"ABOR MBAISE, imo State",,,NHIA directory code IM/0001/P,,,area,https://integratedhealthcareltd.com/provider-directory-nhia/,2026-04-23T11:40:35Z,IM/0001/P
nhia_hcp_0589,"General Hospital, New Owerri",hospital,Imo,,,"New Owerri, Imo State",,,NHIA directory code IM/0093/P,,,area,https://integratedhealthcareltd.com/provider-directory-nhia/,2026-04-23T11:40:35Z,IM/0093/P
nhia_hcp_0590,Holy Family Hospital and Maternity,clinic,Imo,,,"94 Oduobi Crescent Ikenegbu, Owerri, Imo state.",,,NHIA directory code IM/0148/P,,,area,https://integratedhealthcareltd.com/provider-directory-nhia/,2026-04-23T11:40:35Z,IM/0148/P
nhia_hcp_0591,Imo State University Teaching Hospital,hospital,Imo,,,"Orlu, Imo State",,,NHIA directory code IM/0092/P,,,area,https://integratedhealthcareltd.com/provider-directory-nhia/,2026-04-23T11:40:35Z,IM/0092/P
nhia_hcp_0592,International Christian Hospital,hospital,Imo,,,"11 WAAST AVENUE, IKENEGBU LAYOUT, OWERRI, Imo State",,,NHIA directory code IM/0124/P,,,area,https://integratedhealthcareltd.com/provider-directory-nhia/,2026-04-23T11:40:35Z,IM/0124/P
nhia_hcp_0593,Jasman Hospital Ltd.,hospital,Imo,,,"Udo Ezinihitte Mbaise, Imo",,,NHIA directory code IM/0004/P,,,area,https://integratedhealthcareltd.com/provider-directory-nhia/,2026-04-23T11:40:35Z,IM/0004/P
nhia_hcp_0594,Jone Medical Centre,clinic,Imo,,,"Plot 189/190, Ikenegbu Layout, Via Chukwuma Nmoha Street,Owerri, Imo State.",,,NHIA directory code IM/0032/P,,,area,https://integratedhealthcareltd.com/provider-directory-nhia/,2026-04-23T11:40:35Z,IM/0032/P
nhia_hcp_0595,Life Spring Specialist Hospital,hospital,Imo,,,"Plot 49, Okigwe Road Layout, Owerri, Imo State",,,NHIA directory code IM/0031/P,,,area,https://integratedhealthcareltd.com/provider-directory-nhia/,2026-04-23T11:40:35Z,IM/0031/P
nhia_hcp_0596,Medical City Hospital,hospital,Imo,,,,,,NHIA directory code IM/0551/P,,,area,https://integratedhealthcareltd.com/provider-directory-nhia/,2026-04-23T11:40:35Z,IM/0551/P
nhia_hcp_0597,Salvation Hospital & Maternity,clinic,Imo,,,"Along MCC Uratta Road, Opposite Ekoe Filling Station, Beside Olive Hotel Owerri North L.G.A Imo State.",,,NHIA directory code IM/0033/P,,,area,https://integratedhealthcareltd.com/provider-directory-nhia/,2026-04-23T11:40:35Z,IM/0033/P
nhia_hcp_0598,St. David's Hospital,hospital,Imo,,,"12, Mbari Street, Ikenegbu Layout, Owerri, Imo State.",,,NHIA directory code IM/0035/P,,,area,https://integratedhealthcareltd.com/provider-directory-nhia/,2026-04-23T11:40:35Z,IM/0035/P
nhia_hcp_0599,St. Joseph Hospital,hospital,Imo,,,"9, Anokun Street,P.O.Box 171 Owerri, Imo State.",,,NHIA directory code IM/0071/P,,,area,https://integratedhealthcareltd.com/provider-directory-nhia/,2026-04-23T11:40:35Z,IM/0071/P
nhia_hcp_0600,Steps of Faith Hospital,hospital,Imo,,,"No. 9, Mere Street, Owerri, Imo State",,,NHIA directory code IM/0204/P,,,area,https://integratedhealthcareltd.com/provider-directory-nhia/,2026-04-23T11:40:35Z,IM/0204/P
nhia_hcp_0601,The Chapel Grd Spec. Hospital & Maternity Ltd.,clinic,Imo,,,"22, Aladinma Road Ikenegbu, Owerri",,,NHIA directory code IM/0023/P,,,area,https://integratedhealthcareltd.com/provider-directory-nhia/,2026-04-23T11:40:35Z,IM/0023/P
nhia_hcp_0602,Uchenna Hospital & Maternity,clinic,Imo,,,10/12 Eniweruzoh Crescent Owerri,,,NHIA directory code IM/0066/P,,,area,https://integratedhealthcareltd.com/provider-directory-nhia/,2026-04-23T11:40:35Z,IM/0066/P
nhia_hcp_0603,Umezuruike Hospital Owerri,hospital,Imo,,,"21 Umezuruike Street,Owerri, Imo state P. O. Box 44, Owerri.",,,NHIA directory code IM/0018/P,,,area,https://integratedhealthcareltd.com/provider-directory-nhia/,2026-04-23T11:40:35Z,IM/0018/P
nhia_hcp_0604,Vaden Specialist Clinic and Maternity,clinic,Imo,,,"4B, Solid Rock road, off World Bank Road, Owerri",,,NHIA directory code IM/0197/P,,,area,https://integratedhealthcareltd.com/provider-directory-nhia/,2026-04-23T11:40:35Z,IM/0197/P
nhia_hcp_0605,"Federal Medical Centre, Birnin Kudu",clinic,Jigawa,,,"Brnin Kudu, Maiduguri Road, Jigawa State, P.M.B. 1022, Jigawa State.",,,NHIA directory code JG/0009/P,,,area,https://integratedhealthcareltd.com/provider-directory-nhia/,2026-04-23T11:40:35Z,JG/0009/P
nhia_hcp_0606,Federal University Dutse Medical Clinic,clinic,Jigawa,,,"FEDERAL UNIVERSITY DUTSE CAMPUS, DUTSE, JIGAWA STATE.",,,NHIA directory code JG/0026/P,,,area,https://integratedhealthcareltd.com/provider-directory-nhia/,2026-04-23T11:40:35Z,JG/0026/P
nhia_hcp_0607,"General Hospital, Dutse",hospital,Jigawa,,,"Kiyawa Road, Dutse General Hospital, Jigawa State",,,NHIA directory code JG/0001/P,,,area,https://integratedhealthcareltd.com/provider-directory-nhia/,2026-04-23T11:40:35Z,JG/0001/P
nhia_hcp_0608,"General Hospital, Gumel",hospital,Jigawa,,,"Gumel, Jigawa State",,,NHIA directory code JG/0005/P,,,area,https://integratedhealthcareltd.com/provider-directory-nhia/,2026-04-23T11:40:35Z,JG/0005/P
nhia_hcp_0609,"General Hospital, Hadejia",hospital,Jigawa,,,Hadejia Town R 1 Zaki road Jigawa State.,,,NHIA directory code JG/0003/P,,,area,https://integratedhealthcareltd.com/provider-directory-nhia/,2026-04-23T11:40:35Z,JG/0003/P
nhia_hcp_0610,"General Hospital, Kazaure",hospital,Jigawa,,,"Kazaure, Jigawa State",,,NHIA directory code JG/0006/P,,,area,https://integratedhealthcareltd.com/provider-directory-nhia/,2026-04-23T11:40:35Z,JG/0006/P
nhia_hcp_0611,"General Hospital, Ringim",hospital,Jigawa,,,"p.o.box 1005 Ringim, Jigawa State",,,NHIA directory code JG/0008/P,,,area,https://integratedhealthcareltd.com/provider-directory-nhia/,2026-04-23T11:40:35Z,JG/0008/P
nhia_hcp_0612,HUSSAINI CUSTOM HOSPITAL,hospital,Jigawa,,,"NO. 65 Along Daura-Kano road, Kazaure, Jigawa.",,,NHIA directory code JG/0035/P,,,area,https://integratedhealthcareltd.com/provider-directory-nhia/,2026-04-23T11:40:35Z,JG/0035/P
nhia_hcp_0613,MAAJI AMAR MUHAMMAD HOSPITAL L,hospital,Jigawa,,,,,,NHIA directory code JG/0329/P,,,area,https://integratedhealthcareltd.com/provider-directory-nhia/,2026-04-23T11:40:35Z,JG/0329/P
nhia_hcp_0614,Rasheed Shekoni Specialist Hospital,hospital,Jigawa,,,"Dutse, Jigawa.",,,NHIA directory code JG/0027/P,,,area,https://integratedhealthcareltd.com/provider-directory-nhia/,2026-04-23T11:40:35Z,JG/0027/P
nhia_hcp_0615,Sambo Hospital Limited,hospital,Jigawa,,,dutse jigawa,,,NHIA directory code JG/0031/P,,,area,https://integratedhealthcareltd.com/provider-directory-nhia/,2026-04-23T11:40:35Z,JG/0031/P
nhia_hcp_0616,TAKUR COTTAGE HOSPITAL,hospital,Jigawa,,,Jigawa State,,,NHIA directory code JG/0019/P,,,area,https://integratedhealthcareltd.com/provider-directory-nhia/,2026-04-23T11:40:35Z,JG/0019/P
nhia_hcp_0617,1 Div Hospital,hospital,Kaduna,,,"Kaduna, Kaduna State",,,NHIA directory code KD/0152/P,,,area,https://integratedhealthcareltd.com/provider-directory-nhia/,2026-04-23T11:40:35Z,KD/0152/P
nhia_hcp_0618,44 Armed Forces Reference Hospital,hospital,Kaduna,,,"Kashim Ibrahim Sokoto Rd,. By Govt. House T/Wada Kaduna.",,,NHIA directory code KD/0089/P,,,area,https://integratedhealthcareltd.com/provider-directory-nhia/,2026-04-23T11:40:35Z,KD/0089/P
nhia_hcp_0619,"7 Bn MRS, Jaji",hospital,Kaduna,,,"Jaji, Kaduna State",,,NHIA directory code KD/0175/P,,,area,https://integratedhealthcareltd.com/provider-directory-nhia/,2026-04-23T11:40:35Z,KD/0175/P
nhia_hcp_0620,ABDUL-AZEEZ MEMORIAL HOSPITAL CLINIC & MATERNITY,clinic,Kaduna,,,"D.B. 10, KABALA WEST ROAD, NEAR AMABONI HOTAL TUDUN WADA,KADUNA",,,NHIA directory code KD/0008/P,,,area,https://integratedhealthcareltd.com/provider-directory-nhia/,2026-04-23T11:40:35Z,KD/0008/P
nhia_hcp_0621,Abi Clinics & Hospital,hospital,Kaduna,,,"BZ 104 Ogori Road, Sardauna Crescent, Kaduna",,,NHIA directory code KD/0182/P,,,area,https://integratedhealthcareltd.com/provider-directory-nhia/,2026-04-23T11:40:35Z,KD/0182/P
nhia_hcp_0622,ABU Teaching Hospital Shika,hospital,Kaduna,,,"Zaria-Sokoto, Shika, Zaria, Kaduna State",,,NHIA directory code KD/0234/P,,,area,https://integratedhealthcareltd.com/provider-directory-nhia/,2026-04-23T11:40:35Z,KD/0234/P
nhia_hcp_0623,"ABU Teaching Hospital, Shika",hospital,Kaduna,,,"Shika, Zaria, Kaduna State",,,NHIA directory code KD/0223/P,,,area,https://integratedhealthcareltd.com/provider-directory-nhia/,2026-04-23T11:40:35Z,KD/0223/P
nhia_hcp_0624,AGAPE MEDICAL CARE SPECIALIST H,hospital,Kaduna,,,,,,NHIA directory code KD/0698/P,,,area,https://integratedhealthcareltd.com/provider-directory-nhia/,2026-04-23T11:40:35Z,KD/0698/P
nhia_hcp_0625,Ahmadu Bello University Health Services (Main Campus),hospital,Kaduna,,,"Samaru Zaria,",,,NHIA directory code KD/0149/P,,,area,https://integratedhealthcareltd.com/provider-directory-nhia/,2026-04-23T11:40:35Z,KD/0149/P
nhia_hcp_0626,Air Force Medical Centre Mando,clinic,Kaduna,,,NIGERIAN AIR FORCE BASE KADUNA.,,,NHIA directory code KD/0005/P,,,area,https://integratedhealthcareltd.com/provider-directory-nhia/,2026-04-23T11:40:35Z,KD/0005/P
nhia_hcp_0627,Al Mansur Specialist Hospital,hospital,Kaduna,,,"No. 7A Wurno Road Opposite KSMC, Kaduna",,,NHIA directory code KD/0228/P,,,area,https://integratedhealthcareltd.com/provider-directory-nhia/,2026-04-23T11:40:35Z,KD/0228/P
nhia_hcp_0628,Alba Clinic & Medical Centre,clinic,Kaduna,,,"25, Constitution Road, Kaduna",,,NHIA directory code KD/0012/P,,,area,https://integratedhealthcareltd.com/provider-directory-nhia/,2026-04-23T11:40:35Z,KD/0012/P
nhia_hcp_0629,Albarka Hospital,hospital,Kaduna,,,"BZ170, Offa Road, Off Sadaunna Crescent, Kaduna.",,,NHIA directory code KD/0308/P,,,area,https://integratedhealthcareltd.com/provider-directory-nhia/,2026-04-23T11:40:35Z,KD/0308/P
nhia_hcp_0630,Almadina Clinic,clinic,Kaduna,,,"No. 28 Queen Elizabeth Road, Gra Zaira.",,,NHIA directory code KD/0112/P,,,area,https://integratedhealthcareltd.com/provider-directory-nhia/,2026-04-23T11:40:35Z,KD/0112/P
nhia_hcp_0631,Al-Madinat Specialist Hospital,hospital,Kaduna,,,"MM1 Sabon Birni road,By Nassarawa, Kawo,Kaduna",,,NHIA directory code KD/0354/P,,,area,https://integratedhealthcareltd.com/provider-directory-nhia/,2026-04-23T11:40:35Z,KD/0354/P
nhia_hcp_0632,AMAL HOSPITAL AND MATERNITY,clinic,Kaduna,,,KADUNA STATE,,,NHIA directory code KD/0440/P,,,area,https://integratedhealthcareltd.com/provider-directory-nhia/,2026-04-23T11:40:35Z,KD/0440/P
nhia_hcp_0633,Amina Hospital Ltd.,hospital,Kaduna,,,"Gwari Avenue, Kachia Road, Kaduna",,,NHIA directory code KD/0083/P,,,area,https://integratedhealthcareltd.com/provider-directory-nhia/,2026-04-23T11:40:35Z,KD/0083/P
nhia_hcp_0634,Anna-Kitch Medical Centre,clinic,Kaduna,,,"15, Wusasa Road, Zaria",,,NHIA directory code KD/0190/P,,,area,https://integratedhealthcareltd.com/provider-directory-nhia/,2026-04-23T11:40:35Z,KD/0190/P
nhia_hcp_0635,Ashmed Specialist Hospital,hospital,Kaduna,,,"Zaria, Kaduna.",,,NHIA directory code KD/0444/P,,,area,https://integratedhealthcareltd.com/provider-directory-nhia/,2026-04-23T11:40:35Z,KD/0444/P
nhia_hcp_0636,ASHMED SPECIALIST HOSPITAL,hospital,Kaduna,,,KADUNA STATE,,,NHIA directory code KD/0447/P,,,area,https://integratedhealthcareltd.com/provider-directory-nhia/,2026-04-23T11:40:35Z,KD/0447/P
nhia_hcp_0637,ASHMED SPECIALIST HOSPITAL LTD,hospital,Kaduna,,,,,,NHIA directory code KD/0446/P,,,area,https://integratedhealthcareltd.com/provider-directory-nhia/,2026-04-23T11:40:35Z,KD/0446/P
nhia_hcp_0638,"Ashmed Specialist Hospital,Kawo",hospital,Kaduna,,,Along power plant Road Agwa New Extension Kaduna,,,NHIA directory code KD/0445/P,,,area,https://integratedhealthcareltd.com/provider-directory-nhia/,2026-04-23T11:40:35Z,KD/0445/P
nhia_hcp_0639,"Barau Dikko Teaching Hospital, Kaduna.",hospital,Kaduna,,,"LAFIA ROAD, P.O BOX 9727, KADUNA.",,,NHIA directory code KD/0028/P,,,area,https://integratedhealthcareltd.com/provider-directory-nhia/,2026-04-23T11:40:35Z,KD/0028/P
nhia_hcp_0640,Belmont Specialist Hospital,hospital,Kaduna,,,"No 1 Dr Obineche close off Sami Sani Road,Malkali G.R.A 0",,,NHIA directory code KD/0015/P,,,area,https://integratedhealthcareltd.com/provider-directory-nhia/,2026-04-23T11:40:35Z,KD/0015/P
nhia_hcp_0641,Biba Hospital,hospital,Kaduna,,,"AE 7, Matazu Close, off Rigachukwu Road, T/Wada, Kaduna",,,NHIA directory code KD/0226/P,,,area,https://integratedhealthcareltd.com/provider-directory-nhia/,2026-04-23T11:40:35Z,KD/0226/P
nhia_hcp_0642,Brightway Medical Clinic,clinic,Kaduna,,,"NO. 1 Mountain Road/ Narayi Close, Kudeda, Kaduna",,,NHIA directory code KD/0335/P,,,area,https://integratedhealthcareltd.com/provider-directory-nhia/,2026-04-23T11:40:35Z,KD/0335/P
nhia_hcp_0643,Chasel Hospital,hospital,Kaduna,,,"15, Isa Kaita Road, Kaduna",,,NHIA directory code KD/0018/P,,,area,https://integratedhealthcareltd.com/provider-directory-nhia/,2026-04-23T11:40:35Z,KD/0018/P
nhia_hcp_0644,Crystal Clinic & Maternity,clinic,Kaduna,,,"M2 Poly Road, T/Wada, Kaduna",,,NHIA directory code KD/0171/P,,,area,https://integratedhealthcareltd.com/provider-directory-nhia/,2026-04-23T11:40:35Z,KD/0171/P
nhia_hcp_0645,Dami Clinic Maternity,clinic,Kaduna,,,"2, Denge Road, New Afaka",,,NHIA directory code KD/0334/P,,,area,https://integratedhealthcareltd.com/provider-directory-nhia/,2026-04-23T11:40:35Z,KD/0334/P
nhia_hcp_0646,Dana Clinic,clinic,Kaduna,,,"Old Airport Road, Mando, Kaduna",,,NHIA directory code KD/0188/P,,,area,https://integratedhealthcareltd.com/provider-directory-nhia/,2026-04-23T11:40:35Z,KD/0188/P
nhia_hcp_0647,Dialogue Sepcialist Clinics Ltd.,hospital,Kaduna,,,"#1, Kukan Road, U/Dosa, Kaduna",,,NHIA directory code KD/0346/P,,,area,https://integratedhealthcareltd.com/provider-directory-nhia/,2026-04-23T11:40:35Z,KD/0346/P
nhia_hcp_0648,EPSILON SPECIALIST HOSPITAL LIMIT,hospital,Kaduna,,,Kaduna State,,,NHIA directory code KD/0406/P,,,area,https://integratedhealthcareltd.com/provider-directory-nhia/,2026-04-23T11:40:35Z,KD/0406/P
nhia_hcp_0649,FIRST CARE MULTI SPECIALIST HOSP,hospital,Kaduna,,,"No. 4 Akali road, Ngwa Sarki, Kaduna.",,,NHIA directory code KD/0438/P,,,area,https://integratedhealthcareltd.com/provider-directory-nhia/,2026-04-23T11:40:35Z,KD/0438/P
nhia_hcp_0650,FOUNTAIN HOSPITAL & MATERNITY,clinic,Kaduna,,,"AP 13 COMMUNITY BANK ROAD, PRP BUS STOP, U/SANUSI Kaduna.",,,NHIA directory code KD/0078/P,,,area,https://integratedhealthcareltd.com/provider-directory-nhia/,2026-04-23T11:40:35Z,KD/0078/P
nhia_hcp_0651,FRONTIERS CONSULTANTS CLINICS,hospital,Kaduna,,,kaduna,,,NHIA directory code KD/0407/P,,,area,https://integratedhealthcareltd.com/provider-directory-nhia/,2026-04-23T11:40:35Z,KD/0407/P
nhia_hcp_0652,Garden City Specialist Hospital,hospital,Kaduna,,,"No.2 Sultan Road Ungwa Rimi,",,,NHIA directory code KD/0380/P,,,area,https://integratedhealthcareltd.com/provider-directory-nhia/,2026-04-23T11:40:35Z,KD/0380/P
nhia_hcp_0653,Garkuwa Specialist Hospital,hospital,Kaduna,,,"1a Sultan Road, Off Isa Kaita Road, Kaduna. : A.B. Abubakar",,,NHIA directory code KD/0019/P,,,area,https://integratedhealthcareltd.com/provider-directory-nhia/,2026-04-23T11:40:35Z,KD/0019/P
nhia_hcp_0654,GARNET CLINIC- KD/0435/P,clinic,Kaduna,,,,,,NHIA directory code KD/0435/P,,,area,https://integratedhealthcareltd.com/provider-directory-nhia/,2026-04-23T11:40:35Z,KD/0435/P
nhia_hcp_0655,GENERAL HOSPITAL MAKARFI,hospital,Kaduna,,,"MAKARFI TOWN, Kaduna",,,NHIA directory code KD/0199/P,,,area,https://integratedhealthcareltd.com/provider-directory-nhia/,2026-04-23T11:40:35Z,KD/0199/P
nhia_hcp_0656,GENERAL HOSPITAL SABON TASHA,hospital,Kaduna,,,,,,NHIA directory code KD/0421/P,,,area,https://integratedhealthcareltd.com/provider-directory-nhia/,2026-04-23T11:40:35Z,KD/0421/P
nhia_hcp_0657,Giltoe Aris Specialist Hospital,hospital,Kaduna,,,"17/19 Maiduwa Road, Near Barnawa Market, Kadun",,,NHIA directory code KD/0085/P,,,area,https://integratedhealthcareltd.com/provider-directory-nhia/,2026-04-23T11:40:35Z,KD/0085/P
nhia_hcp_0658,Giwa Hospitals Ltd,hospital,Kaduna,,,No.1. Ali Akilu Road Abakpa Kaduna. P.O. BOX 3704,,,NHIA directory code KD/0010/P,,,area,https://integratedhealthcareltd.com/provider-directory-nhia/,2026-04-23T11:40:35Z,KD/0010/P
nhia_hcp_0659,GRACELAND HAGWOP HOSPITAL,hospital,Kaduna,,,,,,NHIA directory code KD/0426/P,,,area,https://integratedhealthcareltd.com/provider-directory-nhia/,2026-04-23T11:40:35Z,KD/0426/P
nhia_hcp_0660,Gwamna Awan Hospital,hospital,Kaduna,,,"Nasarawa, Kaduna",,,NHIA directory code KD/0087/P,,,area,https://integratedhealthcareltd.com/provider-directory-nhia/,2026-04-23T11:40:35Z,KD/0087/P
nhia_hcp_0661,Hajia Gambo Sawaba Gen. Hospital,hospital,Kaduna,,,"Kofar-Gayan, Zaria",,,NHIA directory code KD/0126/P,,,area,https://integratedhealthcareltd.com/provider-directory-nhia/,2026-04-23T11:40:35Z,KD/0126/P
nhia_hcp_0662,Harmony Hospital Ltd,hospital,Kaduna,,,"38 NUHU ALIYU CRESCENT, BARNAWA LAYOUT, ADUNA STATE.",,,NHIA directory code KD/0333/P,,,area,https://integratedhealthcareltd.com/provider-directory-nhia/,2026-04-23T11:40:35Z,KD/0333/P
nhia_hcp_0663,Horeb Specialist Hospital,hospital,Kaduna,,,"No. 4 Force Road Maraba Estate, Kaduna",,,NHIA directory code KD/0239/P,,,area,https://integratedhealthcareltd.com/provider-directory-nhia/,2026-04-23T11:40:35Z,KD/0239/P
nhia_hcp_0664,Iyali Hospital & Maternity,clinic,Kaduna,,,"7, Kagoro Close, Off Gwari Crescent, Ungwar Rimi Gra, Kaduna",,,NHIA directory code KD/0020/P,,,area,https://integratedhealthcareltd.com/provider-directory-nhia/,2026-04-23T11:40:35Z,KD/0020/P
nhia_hcp_0665,Jibrin Mai-Gwari Hospital,hospital,Kaduna,,,"No 3 Lagos Road, B/Gwari,Kaduna State.",,,NHIA directory code KD/0230/P,,,area,https://integratedhealthcareltd.com/provider-directory-nhia/,2026-04-23T11:40:35Z,KD/0230/P
nhia_hcp_0666,Jicon Hospital & Specialist Clinic,clinic,Kaduna,,,"No. 4 Danwaire Street, Kaduna,",,,NHIA directory code KD/0241/P,,,area,https://integratedhealthcareltd.com/provider-directory-nhia/,2026-04-23T11:40:35Z,KD/0241/P
nhia_hcp_0667,Jinya Specialist Hospital,hospital,Kaduna,,,"7, Bida Road , P.O.Box 1572Kaduna",,,NHIA directory code KD/0029/P,,,area,https://integratedhealthcareltd.com/provider-directory-nhia/,2026-04-23T11:40:35Z,KD/0029/P
nhia_hcp_0668,Jowako Hospital,hospital,Kaduna,,,"G &G Jos Road, Kaduna",,,NHIA directory code KD/0016/P,,,area,https://integratedhealthcareltd.com/provider-directory-nhia/,2026-04-23T11:40:35Z,KD/0016/P
nhia_hcp_0669,Kawo Islamic Hospital,hospital,Kaduna,,,KADUNA,,,NHIA directory code KD/0409/P,,,area,https://integratedhealthcareltd.com/provider-directory-nhia/,2026-04-23T11:40:35Z,KD/0409/P
nhia_hcp_0670,Ladiya Hospital,hospital,Kaduna,,,"64, Benin Street, S/G Zaira.",,,NHIA directory code KD/0113/P,,,area,https://integratedhealthcareltd.com/provider-directory-nhia/,2026-04-23T11:40:35Z,KD/0113/P
nhia_hcp_0671,MAFNAZ CLINIC,clinic,Kaduna,,,KADUNA,,,NHIA directory code KD/0705/P,,,area,https://integratedhealthcareltd.com/provider-directory-nhia/,2026-04-23T11:40:35Z,KD/0705/P
nhia_hcp_0672,Maneks Hospital Ltd.,hospital,Kaduna,,,"A1 Block 5, Makera Road, Kakuri Kaduna",,,NHIA directory code KD/0082/P,,,area,https://integratedhealthcareltd.com/provider-directory-nhia/,2026-04-23T11:40:35Z,KD/0082/P
nhia_hcp_0673,Mashi Hospital & Specialist Clinics,hospital,Kaduna,,,"No. 17 Sabo-Line Kurmi Marshi, Kaduna.",,,NHIA directory code KD/0243/P,,,area,https://integratedhealthcareltd.com/provider-directory-nhia/,2026-04-23T11:40:35Z,KD/0243/P
nhia_hcp_0674,MCROYAL HOSPITAL,hospital,Kaduna,,,"SABON GARI, KACHIA,Kaduna",,,NHIA directory code KD/0194/P,,,area,https://integratedhealthcareltd.com/provider-directory-nhia/,2026-04-23T11:40:35Z,KD/0194/P
nhia_hcp_0675,Mends Specialist Hospital & Aviation Medical Centre,clinic,Kaduna,,,"5, Abba Kyari Close, Ungwan Rimi GRA, Kaduna.",,,NHIA directory code KD/0170/P,,,area,https://integratedhealthcareltd.com/provider-directory-nhia/,2026-04-23T11:40:35Z,KD/0170/P
nhia_hcp_0676,Monarch Specialist Hospital,hospital,Kaduna,,,No 13 Ribadu Road u/Rimi Kaduna.,,,NHIA directory code KD/0187/P,,,area,https://integratedhealthcareltd.com/provider-directory-nhia/,2026-04-23T11:40:35Z,KD/0187/P
nhia_hcp_0677,Moufay Clinic,clinic,Kaduna,,,"A1A College Road, Kurmashi, Kaduna",,,NHIA directory code KD/0165/P,,,area,https://integratedhealthcareltd.com/provider-directory-nhia/,2026-04-23T11:40:35Z,KD/0165/P
nhia_hcp_0678,MSK Specialist Hospital.,hospital,Kaduna,,,kaduna,,,NHIA directory code KD/0400/P,,,area,https://integratedhealthcareltd.com/provider-directory-nhia/,2026-04-23T11:40:35Z,KD/0400/P
nhia_hcp_0679,Multi Clinic Nig. Ltd.,clinic,Kaduna,,,"26A Yahaya Road, Unguwa Rimi G.R.A., Kaduna",,,NHIA directory code KD/0193/P,,,area,https://integratedhealthcareltd.com/provider-directory-nhia/,2026-04-23T11:40:35Z,KD/0193/P
nhia_hcp_0680,Muslim Specialist Hospital,hospital,Kaduna,,,"Wusasa, Zaria",,,NHIA directory code KD/0327/P,,,area,https://integratedhealthcareltd.com/provider-directory-nhia/,2026-04-23T11:40:35Z,KD/0327/P
nhia_hcp_0681,National Ear Care Center,hospital,Kaduna,,,"3, Golf Course Road, Kaduna State",,,NHIA directory code KD/0397/P,,,area,https://integratedhealthcareltd.com/provider-directory-nhia/,2026-04-23T11:40:35Z,KD/0397/P
nhia_hcp_0682,NEW CITY HOSPITAL AND DIAGNOSTI,hospital,Kaduna,,,"No. 5 Isa Wapa street, Low cost, Zaria, Kaduna",,,NHIA directory code KD/0423/P,,,area,https://integratedhealthcareltd.com/provider-directory-nhia/,2026-04-23T11:40:35Z,KD/0423/P
nhia_hcp_0683,Nigerian Defence Academy,hospital,Kaduna,,,"Kawo, Kaduna",,,NHIA directory code KD/0153/P,,,area,https://integratedhealthcareltd.com/provider-directory-nhia/,2026-04-23T11:40:35Z,KD/0153/P
nhia_hcp_0684,Nigerian Railway Hospital,hospital,Kaduna,,,"Railway Compound, Kafanchan, Kaduna State",,,NHIA directory code KD/0281/P,,,area,https://integratedhealthcareltd.com/provider-directory-nhia/,2026-04-23T11:40:35Z,KD/0281/P
nhia_hcp_0685,NNPC Industrial Hospital Kaduna,hospital,Kaduna,,,"Km 16, Kachia Road, NNPC Housing Estate Kaduna State",,,NHIA directory code KD/0391/P,,,area,https://integratedhealthcareltd.com/provider-directory-nhia/,2026-04-23T11:40:35Z,KD/0391/P
nhia_hcp_0686,Oxford Hospital,hospital,Kaduna,,,"38, Airforce Road, Samaru RD, Makera, Kaduna",,,NHIA directory code KD/0195/P,,,area,https://integratedhealthcareltd.com/provider-directory-nhia/,2026-04-23T11:40:35Z,KD/0195/P
nhia_hcp_0687,PAL HOSPITAL,hospital,Kaduna,,,"15, River Road, G.R.A., Zaria, Kaduna State",,,NHIA directory code KD/0341/P,,,area,https://integratedhealthcareltd.com/provider-directory-nhia/,2026-04-23T11:40:35Z,KD/0341/P
nhia_hcp_0688,RAPHA ORTHOPAEDIC AND TRAUMA S,hospital,Kaduna,,,Kaduna state,,,NHIA directory code KD/0410/P,,,area,https://integratedhealthcareltd.com/provider-directory-nhia/,2026-04-23T11:40:35Z,KD/0410/P
nhia_hcp_0689,Restoration Hospital Inc.,hospital,Kaduna,,,"AL 1, Wushishi RD, BU Lagos St., Kaduna",,,NHIA directory code KD/0196/P,,,area,https://integratedhealthcareltd.com/provider-directory-nhia/,2026-04-23T11:40:35Z,KD/0196/P
nhia_hcp_0690,Rimi Clinics & Maternity Nig. Ltd.,clinic,Kaduna,,,"24, Kubaka Road, Off Ja Abdulkadir Road, Ungwan Rimi, Kaduna",,,NHIA directory code KD/0021/P,,,area,https://integratedhealthcareltd.com/provider-directory-nhia/,2026-04-23T11:40:35Z,KD/0021/P
nhia_hcp_0691,SALAMA INFIRMARY HOSP. & MATERNITY,clinic,Kaduna,,,"2 Kwangila Junction, P.O Box 641, state Zaria, Kaduna State.",,,NHIA directory code KD/0123/P,,,area,https://integratedhealthcareltd.com/provider-directory-nhia/,2026-04-23T11:40:35Z,KD/0123/P
nhia_hcp_0692,Salamatu Hospital & Maternity,clinic,Kaduna,,,"No BW 4 Gurubabaiya/Matosu, Sabo Gari T/Wada Kaduna.",,,NHIA directory code KD/0076/P,,,area,https://integratedhealthcareltd.com/provider-directory-nhia/,2026-04-23T11:40:35Z,KD/0076/P
nhia_hcp_0693,Salvation Hospital & Maternity,clinic,Kaduna,,,"20 Mayere Road,(high Cost Road)beside zikda model sch,Barnawa PhaseII,Kaduna",,,NHIA directory code KD/0294/P,,,area,https://integratedhealthcareltd.com/provider-directory-nhia/,2026-04-23T11:40:35Z,KD/0294/P
nhia_hcp_0694,Sefa Specialist Hospital,hospital,Kaduna,,,"3, College Road, Kaduna",,,NHIA directory code KD/0013/P,,,area,https://integratedhealthcareltd.com/provider-directory-nhia/,2026-04-23T11:40:35Z,KD/0013/P
nhia_hcp_0695,SENGYURO MEMORIAL HOSPITAL- KD,hospital,Kaduna,,,Kaduna,,,NHIA directory code KD/0430/P,,,area,https://integratedhealthcareltd.com/provider-directory-nhia/,2026-04-23T11:40:35Z,KD/0430/P
nhia_hcp_0696,Shehu Kangiwa Medical Centre,clinic,Kaduna,,,"(Sick Bay), Kaduna Polytechnic,Polytechnic Road,T/Wada, P.M.B 2012, Kaduna.",,,NHIA directory code KD/0080/P,,,area,https://integratedhealthcareltd.com/provider-directory-nhia/,2026-04-23T11:40:35Z,KD/0080/P
nhia_hcp_0697,Sir Patrick Ibrahim Yakowa Memorial Hospital,hospital,Kaduna,,,"No 1 hospital road p.m.b 1005 Kafanchan, Kaduna State.",,,NHIA directory code KD/0162/P,,,area,https://integratedhealthcareltd.com/provider-directory-nhia/,2026-04-23T11:40:35Z,KD/0162/P
nhia_hcp_0698,St Gerard Catholic Hospital,hospital,Kaduna,,,"Kachia Road, Kakuri Kaduna. P.M.B 2144 Kaduna State,",,,NHIA directory code KD/0200/P,,,area,https://integratedhealthcareltd.com/provider-directory-nhia/,2026-04-23T11:40:35Z,KD/0200/P
nhia_hcp_0699,St. Luke's Anglican Hospital,hospital,Kaduna,,,Wusasa Zaira,,,NHIA directory code KD/0124/P,,,area,https://integratedhealthcareltd.com/provider-directory-nhia/,2026-04-23T11:40:35Z,KD/0124/P
nhia_hcp_0700,Trinity Nursing and Maternity Home,clinic,Kaduna,,,"No. 10/11 Igabi Close, Off Dokaje road, U/Boro Sabon Tasha, Kaduna",,,NHIA directory code KD/0331/P,,,area,https://integratedhealthcareltd.com/provider-directory-nhia/,2026-04-23T11:40:35Z,KD/0331/P
nhia_hcp_0701,Yusuf Dantsoho Hospital,hospital,Kaduna,,,"T/Wada, Kaduna",,,NHIA directory code KD/0081/P,,,area,https://integratedhealthcareltd.com/provider-directory-nhia/,2026-04-23T11:40:35Z,KD/0081/P
nhia_hcp_0702,ZAKARI SPECIALIST CLINIC,clinic,Kaduna,,,"No. 14 Kudan Street, Kawo New Extension, Along Sheikh Jafar Mosque Kaduna",,,NHIA directory code KD/0420/P,,,area,https://integratedhealthcareltd.com/provider-directory-nhia/,2026-04-23T11:40:35Z,KD/0420/P
nhia_hcp_0703,Zaria Clinic & Medical Centre,clinic,Kaduna,,,"16 Hospital Road T/Wada,Zaria",,,NHIA directory code KD/0284/P,,,area,https://integratedhealthcareltd.com/provider-directory-nhia/,2026-04-23T11:40:35Z,KD/0284/P
nhia_hcp_0704,303 FTS Kano Medical Centre,clinic,Kano,,,"NAF Base, Airport road, Kano.",,,NHIA directory code KN/0074/P,,,area,https://integratedhealthcareltd.com/provider-directory-nhia/,2026-04-23T11:40:35Z,KN/0074/P
nhia_hcp_0705,Al Noury Specialist Hospital,hospital,Kano,,,"No 1 Iyaka Road off Zaria Road, Kano",,,NHIA directory code KN/0115/P,,,area,https://integratedhealthcareltd.com/provider-directory-nhia/,2026-04-23T11:40:35Z,KN/0115/P
nhia_hcp_0706,ALMU MEMORIAL HOSPITAL,hospital,Kano,,,,,,NHIA directory code KN/0959/P,,,area,https://integratedhealthcareltd.com/provider-directory-nhia/,2026-04-23T11:40:35Z,KN/0959/P
nhia_hcp_0707,AMEER CLINICS AND MATERNITY- KN,clinic,Kano,,,,,,NHIA directory code KN/0184/P,,,area,https://integratedhealthcareltd.com/provider-directory-nhia/,2026-04-23T11:40:35Z,KN/0184/P
nhia_hcp_0708,Aminu Kano Teaching Hospital,hospital,Kano,,,"P.M.B. 3452 Zaria Road Kano, Kano Stat",,,NHIA directory code KN/0082/P,,,area,https://integratedhealthcareltd.com/provider-directory-nhia/,2026-04-23T11:40:35Z,KN/0082/P
nhia_hcp_0709,Amity hospital and medical services,hospital,Kano,,,kano,,,NHIA directory code KN/0149/P,,,area,https://integratedhealthcareltd.com/provider-directory-nhia/,2026-04-23T11:40:35Z,KN/0149/P
nhia_hcp_0710,Armed Forces Spec. Hospital,hospital,Kano,,,"2, Ashton Road, Kano.",,,NHIA directory code KN/0073/P,,,area,https://integratedhealthcareltd.com/provider-directory-nhia/,2026-04-23T11:40:35Z,KN/0073/P
nhia_hcp_0711,Ashmed Specialist Hospital,hospital,Kano,,,Kano,,,NHIA directory code KD/0403/P,,,area,https://integratedhealthcareltd.com/provider-directory-nhia/,2026-04-23T11:40:35Z,KD/0403/P
nhia_hcp_0712,BAMAIYI SAI ALLAH HOSPITAL- KN/037,hospital,Kano,,,,,,NHIA directory code KN/0375/P,,,area,https://integratedhealthcareltd.com/provider-directory-nhia/,2026-04-23T11:40:35Z,KN/0375/P
nhia_hcp_0713,Barewa Clinic & Maternity,clinic,Kano,,,"11, Zaria Road, Kano.",,,NHIA directory code KN/0070/P,,,area,https://integratedhealthcareltd.com/provider-directory-nhia/,2026-04-23T11:40:35Z,KN/0070/P
nhia_hcp_0714,Bayero University Health Centre,clinic,Kano,,,"B. U. K. GWARZO ROAD, Kano, Kano State",,,NHIA directory code KN/0086/P,,,area,https://integratedhealthcareltd.com/provider-directory-nhia/,2026-04-23T11:40:35Z,KN/0086/P
nhia_hcp_0715,best choice hospital limited,hospital,Kano,,,kano,,,NHIA directory code KN/0183/P,,,area,https://integratedhealthcareltd.com/provider-directory-nhia/,2026-04-23T11:40:35Z,KN/0183/P
nhia_hcp_0716,Cordial Hospital & Maternity,clinic,Kano,,,68 Sarkin Yaki Nomansland Kano.,,,NHIA directory code KN/0096/P,,,area,https://integratedhealthcareltd.com/provider-directory-nhia/,2026-04-23T11:40:35Z,KN/0096/P
nhia_hcp_0717,"General Hospital, Bichi",hospital,Kano,,,"Bichi, Kano State",,,NHIA directory code KN/0111/P,,,area,https://integratedhealthcareltd.com/provider-directory-nhia/,2026-04-23T11:40:35Z,KN/0111/P
nhia_hcp_0718,"General Hospital, Danbata",hospital,Kano,,,"Danbata, Kano, Kano State",,,NHIA directory code KN/0079/P,,,area,https://integratedhealthcareltd.com/provider-directory-nhia/,2026-04-23T11:40:35Z,KN/0079/P
nhia_hcp_0719,"General Hospital, Gwarzo",hospital,Kano,,,"Gwarzo, Kano, Kano State",,,NHIA directory code KN/0075/P,,,area,https://integratedhealthcareltd.com/provider-directory-nhia/,2026-04-23T11:40:35Z,KN/0075/P
nhia_hcp_0720,"General Hospital, Tudun Wada",hospital,Kano,,,"Tudun Wada LGA, Kano State",,,NHIA directory code KN/0110/P,,,area,https://integratedhealthcareltd.com/provider-directory-nhia/,2026-04-23T11:40:35Z,KN/0110/P
nhia_hcp_0721,"General Hospital, Wudil",hospital,Kano,,,"Wudil, Kano State",,,NHIA directory code KN/0077/P,,,area,https://integratedhealthcareltd.com/provider-directory-nhia/,2026-04-23T11:40:35Z,KN/0077/P
nhia_hcp_0722,Good Pasture Clinic,clinic,Kano,,,"36A Sarki Yaki Sabon Gari, Kano,",,,NHIA directory code KN/0108/P,,,area,https://integratedhealthcareltd.com/provider-directory-nhia/,2026-04-23T11:40:35Z,KN/0108/P
nhia_hcp_0723,Hanan International Family Clinic And M,clinic,Kano,,,KANO STATE,,,NHIA directory code KN/0415/P,,,area,https://integratedhealthcareltd.com/provider-directory-nhia/,2026-04-23T11:40:35Z,KN/0415/P
nhia_hcp_0724,IMAN WALI GENERAL HOSPITAL,hospital,Kano,,,,,,NHIA directory code KN/0359/P,,,area,https://integratedhealthcareltd.com/provider-directory-nhia/,2026-04-23T11:40:35Z,KN/0359/P
nhia_hcp_0725,International Clinic & Hospital Ltd.,clinic,Kano,,,"40, Niger Street, 2A Airport Road, Kano.",,,NHIA directory code KN/0035/P,,,area,https://integratedhealthcareltd.com/provider-directory-nhia/,2026-04-23T11:40:35Z,KN/0035/P
nhia_hcp_0726,Ivory Clinic & Maternity,clinic,Kano,,,"550 Aminu Kano way, Gadon kaya Kano",,,NHIA directory code KN/0031/P,,,area,https://integratedhealthcareltd.com/provider-directory-nhia/,2026-04-23T11:40:35Z,KN/0031/P
nhia_hcp_0727,Kano Hospital Pharmacy and Diagnostic,pharmacy,Kano,,,"No. 1133 Kabuga Satellite extension, Tudun Yola, Kano.",,,NHIA directory code KN/0957/P,,,area,https://integratedhealthcareltd.com/provider-directory-nhia/,2026-04-23T11:40:35Z,KN/0957/P
nhia_hcp_0728,KHADIJAT MEMORIAL HOSPITAL,hospital,Kano,,,"NO. 20 KATSINA ROAD, OFF HAJJ CAMP ROAD, OPP CUSTOMS BARRACK,Kano",,,NHIA directory code KN/0026/P,,,area,https://integratedhealthcareltd.com/provider-directory-nhia/,2026-04-23T11:40:35Z,KN/0026/P
nhia_hcp_0729,KHADIJAT MEMORIAL HOSPITAL,hospital,Kano,,,,,,NHIA directory code KN/0933/P,,,area,https://integratedhealthcareltd.com/provider-directory-nhia/,2026-04-23T11:40:35Z,KN/0933/P
nhia_hcp_0730,Khalifa Sheik Isyaka Rabi'u Paed. Hosp.,hospital,Kano,,,"Zoo road, kano",,,NHIA directory code KN/0371/P,,,area,https://integratedhealthcareltd.com/provider-directory-nhia/,2026-04-23T11:40:35Z,KN/0371/P
nhia_hcp_0731,MGK Healthcare,hospital,Kano,,,KANO STATE,,,NHIA directory code KN/0391/P,,,area,https://integratedhealthcareltd.com/provider-directory-nhia/,2026-04-23T11:40:35Z,KN/0391/P
nhia_hcp_0732,Modula Clinic & Maternity,clinic,Kano,,,"59, New Road, Sabon Gari, Kano",,,NHIA directory code KN/0119/P,,,area,https://integratedhealthcareltd.com/provider-directory-nhia/,2026-04-23T11:40:35Z,KN/0119/P
nhia_hcp_0733,Mohammed Abdullahi Wase Spec. Hospital,hospital,Kano,,,"Nasarawa, Kano, Kano State",,,NHIA directory code KN/0078/P,,,area,https://integratedhealthcareltd.com/provider-directory-nhia/,2026-04-23T11:40:35Z,KN/0078/P
nhia_hcp_0734,Muhammed Buhari Specialist Hospital,hospital,Kano,,,kano,,,NHIA directory code KN/0370/P,,,area,https://integratedhealthcareltd.com/provider-directory-nhia/,2026-04-23T11:40:35Z,KN/0370/P
nhia_hcp_0735,Murtala Mohammed Spec. Hospital,hospital,Kano,,,"P.M.B. 3200, Kano City, Kano State.",,,NHIA directory code KN/0076/P,,,area,https://integratedhealthcareltd.com/provider-directory-nhia/,2026-04-23T11:40:35Z,KN/0076/P
nhia_hcp_0736,"National Orthopaedic Hospital, Kano",hospital,Kano,,,"P.M.B. 3087, DALA-KANO,",,,NHIA directory code KN/0091/P,,,area,https://integratedhealthcareltd.com/provider-directory-nhia/,2026-04-23T11:40:35Z,KN/0091/P
nhia_hcp_0737,New Age Diabetic Clinic,clinic,Kano,,,"Behind Imam Wali General Hospital, Kano",,,NHIA directory code KN/0352/P,,,area,https://integratedhealthcareltd.com/provider-directory-nhia/,2026-04-23T11:40:35Z,KN/0352/P
nhia_hcp_0738,New Greenland Specialist Hospitals LTD.,hospital,Kano,,,"No.49A Sarkin Yaki Street Nomansland, kano, Nigeria.",,,NHIA directory code KN/0171/P,,,area,https://integratedhealthcareltd.com/provider-directory-nhia/,2026-04-23T11:40:35Z,KN/0171/P
nhia_hcp_0739,Nigerian Law School Medical Centre,clinic,Kano,,,"Tiga Road, Off Zaria - Kano Express Road, Kano",,,NHIA directory code KN/0120/P,,,area,https://integratedhealthcareltd.com/provider-directory-nhia/,2026-04-23T11:40:35Z,KN/0120/P
nhia_hcp_0740,NOL International Hospital and Diagnosis Centre Limited,hospital,Kano,,,"NO 1A SULTAN ROAD, NASARAWA, KANO",,,NHIA directory code KN/0155/P,,,area,https://integratedhealthcareltd.com/provider-directory-nhia/,2026-04-23T11:40:35Z,KN/0155/P
nhia_hcp_0741,Northwest University Teaching Hospital,hospital,Kano,,,kano,,,NHIA directory code KN/0181/P,,,area,https://integratedhealthcareltd.com/provider-directory-nhia/,2026-04-23T11:40:35Z,KN/0181/P
nhia_hcp_0742,Oasis Clinic Maternity,clinic,Kano,,,,,,NHIA directory code KN/0177/P,,,area,https://integratedhealthcareltd.com/provider-directory-nhia/,2026-04-23T11:40:35Z,KN/0177/P
nhia_hcp_0743,Premier Clinics,hospital,Kano,,,"Gyadi Gyadi, Kano",,,NHIA directory code KN/0032/P,,,area,https://integratedhealthcareltd.com/provider-directory-nhia/,2026-04-23T11:40:35Z,KN/0032/P
nhia_hcp_0744,Prime Alliance Multicare specialist,hospital,Kano,,,kano,,,NHIA directory code KN/0201/P,,,area,https://integratedhealthcareltd.com/provider-directory-nhia/,2026-04-23T11:40:35Z,KN/0201/P
nhia_hcp_0745,RANO GENERAL HOSPITAL,hospital,Kano,,,,,,NHIA directory code KN/0202/P,,,area,https://integratedhealthcareltd.com/provider-directory-nhia/,2026-04-23T11:40:35Z,KN/0202/P
nhia_hcp_0746,SAADAT CLINIC & MATERNITY-KN/096,clinic,Kano,,,,,,NHIA directory code KN/0968/P,,,area,https://integratedhealthcareltd.com/provider-directory-nhia/,2026-04-23T11:40:35Z,KN/0968/P
nhia_hcp_0747,Saymays Specialist Hospital Ltd,hospital,Kano,,,"No. 21Gandun Albasa commercial layout, Behind trade fair ground, Kano",,,NHIA directory code KN/0034/P,,,area,https://integratedhealthcareltd.com/provider-directory-nhia/,2026-04-23T11:40:35Z,KN/0034/P
nhia_hcp_0748,Sheikh Mohammed Jida Gen. Hospital,hospital,Kano,,,"Sabon Gari, Yan Kura, Kano, Kano State.",,,NHIA directory code KN/0081/P,,,area,https://integratedhealthcareltd.com/provider-directory-nhia/,2026-04-23T11:40:35Z,KN/0081/P
nhia_hcp_0749,Sir Mohammed Sanusi Specialist Hosp.,hospital,Kano,,,"Yan Kaba,Hadeija Road Kano.",,,NHIA directory code KN/0015/P,,,area,https://integratedhealthcareltd.com/provider-directory-nhia/,2026-04-23T11:40:35Z,KN/0015/P
nhia_hcp_0750,Softcare Hospital,hospital,Kano,,,Kano,,,NHIA directory code KN/0205/P,,,area,https://integratedhealthcareltd.com/provider-directory-nhia/,2026-04-23T11:40:35Z,KN/0205/P
nhia_hcp_0751,Standard Special Hospital,hospital,Kano,,,"No. 155 Lautai rd. Tarauni, Kano.",,,NHIA directory code KN/0095/P,,,area,https://integratedhealthcareltd.com/provider-directory-nhia/,2026-04-23T11:40:35Z,KN/0095/P
nhia_hcp_0752,Sule Uran Nursing Clinic,clinic,Kano,,,"Kwana Yammar, Zakirai near Police station, Gabasawa Local Govt.Kano State.",,,NHIA directory code KN/0346/P,,,area,https://integratedhealthcareltd.com/provider-directory-nhia/,2026-04-23T11:40:35Z,KN/0346/P
nhia_hcp_0753,Topcare Specialist Medical Centre,clinic,Kano,,,"No; 118 Hadejia Rd , Kano.",,,NHIA directory code KN/0030/P,,,area,https://integratedhealthcareltd.com/provider-directory-nhia/,2026-04-23T11:40:35Z,KN/0030/P
nhia_hcp_0754,Unicare Clinic & Maternity,clinic,Kano,,,"Plot no. 498-499 Bachirawa By Kwanar Ungogo Katsina Road , Kano P.O BOX 10809, KANO",,,NHIA directory code KN/0029/P,,,area,https://integratedhealthcareltd.com/provider-directory-nhia/,2026-04-23T11:40:35Z,KN/0029/P
nhia_hcp_0755,UNIVERSAL SPECIALIST HOSPITAL,hospital,Kano,,,,,,NHIA directory code KN/0394/P,,,area,https://integratedhealthcareltd.com/provider-directory-nhia/,2026-04-23T11:40:35Z,KN/0394/P
nhia_hcp_0756,263 NIGERIAN AIR FORCE REFERENC,hospital,Katsina,,,"Daura, Katsina",,,NHIA directory code KT/0103/P,,,area,https://integratedhealthcareltd.com/provider-directory-nhia/,2026-04-23T11:40:35Z,KT/0103/P
nhia_hcp_0757,Alheri Clinic,clinic,Katsina,,,"Lawrence Onoja Road, Kofar Kaura, New Layoutkatsina, Katsina State",,,NHIA directory code KT/0076/P,,,area,https://integratedhealthcareltd.com/provider-directory-nhia/,2026-04-23T11:40:35Z,KT/0076/P
nhia_hcp_0758,BAWO CLINICS,hospital,Katsina,,,,,,NHIA directory code KT/0492/P,,,area,https://integratedhealthcareltd.com/provider-directory-nhia/,2026-04-23T11:40:35Z,KT/0492/P
nhia_hcp_0759,Federal College Of Education Staff Clinic,clinic,Katsina,,,Katsina,,,NHIA directory code KT/0024/P,,,area,https://integratedhealthcareltd.com/provider-directory-nhia/,2026-04-23T11:40:35Z,KT/0024/P
nhia_hcp_0760,"Federal Medical Center, Katsina",clinic,Katsina,,,"MURTALA MOHAMMED WAY, Katsina",,,NHIA directory code KT/0021/P,,,area,https://integratedhealthcareltd.com/provider-directory-nhia/,2026-04-23T11:40:35Z,KT/0021/P
nhia_hcp_0761,GENERAL AMADI RIMI SPECIALIST HO,hospital,Katsina,,,,,,NHIA directory code KT/0082/P,,,area,https://integratedhealthcareltd.com/provider-directory-nhia/,2026-04-23T11:40:35Z,KT/0082/P
nhia_hcp_0762,General Hospital Funtua,hospital,Katsina,,,"FUNTUA, Katsina,",,,NHIA directory code KT/0012/P,,,area,https://integratedhealthcareltd.com/provider-directory-nhia/,2026-04-23T11:40:35Z,KT/0012/P
nhia_hcp_0763,GENERAL HOSPITAL INGAWA- KT/0095,hospital,Katsina,,,"INGAWA, KATSINA STATE",,,NHIA directory code KT/0095/P,,,area,https://integratedhealthcareltd.com/provider-directory-nhia/,2026-04-23T11:40:35Z,KT/0095/P
nhia_hcp_0764,GENERAL HOSPITAL KANKARA,hospital,Katsina,,,"General Hospital Kankara, Malufashi road,Kankara, Katsina State.",,,NHIA directory code KT/0019/P,,,area,https://integratedhealthcareltd.com/provider-directory-nhia/,2026-04-23T11:40:35Z,KT/0019/P
nhia_hcp_0765,General Hospital Musawa,hospital,Katsina,,,"Hospital Rd, Shaishawu Musawa, Katsina",,,NHIA directory code KT/0073/P,,,area,https://integratedhealthcareltd.com/provider-directory-nhia/,2026-04-23T11:40:35Z,KT/0073/P
nhia_hcp_0766,"GENERAL HOSPITAL, DAURA",hospital,Katsina,,,"DAURA, Kastina",,,NHIA directory code KT/0005/P,,,area,https://integratedhealthcareltd.com/provider-directory-nhia/,2026-04-23T11:40:35Z,KT/0005/P
nhia_hcp_0767,"GENERAL HOSPITAL, DUTSINMA",hospital,Katsina,,,"DUTSINMA, Katsina",,,NHIA directory code KT/0009/P,,,area,https://integratedhealthcareltd.com/provider-directory-nhia/,2026-04-23T11:40:35Z,KT/0009/P
nhia_hcp_0768,"GENERAL HOSPITAL, KANKIYA",hospital,Katsina,,,"KANKIYA, Katsina",,,NHIA directory code KT/0020/P,,,area,https://integratedhealthcareltd.com/provider-directory-nhia/,2026-04-23T11:40:35Z,KT/0020/P
nhia_hcp_0769,"General Hospital, Malufashi",hospital,Katsina,,,"P.M.B 4012,Malumfashi,B/Dawa Rd.",,,NHIA directory code KT/0042/P,,,area,https://integratedhealthcareltd.com/provider-directory-nhia/,2026-04-23T11:40:35Z,KT/0042/P
nhia_hcp_0770,Hajara Med. & Ultrasound Centre,hospital,Katsina,,,"Birnin-Gwari-Lagos Road, Dandume, Katsina",,,NHIA directory code KT/0015/P,,,area,https://integratedhealthcareltd.com/provider-directory-nhia/,2026-04-23T11:40:35Z,KT/0015/P
nhia_hcp_0771,HERITAGE SPECIALIST CLINIC AND DI,clinic,Katsina,,,,,,NHIA directory code KT/0465/P,,,area,https://integratedhealthcareltd.com/provider-directory-nhia/,2026-04-23T11:40:35Z,KT/0465/P
nhia_hcp_0772,Katsina General Hospital,hospital,Katsina,,,"Katsina, Katsina State, P.M.B. 2018",,,NHIA directory code KT/0039/P,,,area,https://integratedhealthcareltd.com/provider-directory-nhia/,2026-04-23T11:40:35Z,KT/0039/P
nhia_hcp_0773,K-Dara Specialist Clinic Limited,clinic,Katsina,,,"Gidan Dawa Aena, Katsina",,,NHIA directory code KT/0068/P,,,area,https://integratedhealthcareltd.com/provider-directory-nhia/,2026-04-23T11:40:35Z,KT/0068/P
nhia_hcp_0774,KHADIJAT MEDICAL CENTER,clinic,Katsina,,,"NO. 53 KATSINA ROAD P.O BOX 121 FUNTUA, Katsina STATE.",,,NHIA directory code KT/0013/P,,,area,https://integratedhealthcareltd.com/provider-directory-nhia/,2026-04-23T11:40:35Z,KT/0013/P
nhia_hcp_0775,NAKOWA HOSPITAL & ULTRA SOUND CENTER,hospital,Katsina,,,"SOKOTO ROAD, FUNTUA, Katsina",,,NHIA directory code KT/0016/P,,,area,https://integratedhealthcareltd.com/provider-directory-nhia/,2026-04-23T11:40:35Z,KT/0016/P
nhia_hcp_0776,New Funtua Clinic,clinic,Katsina,,,"New Funtua Clinic ,3 Jabiri Roundabout, Zaria Road, Funtua,",,,NHIA directory code KT/0055/P,,,area,https://integratedhealthcareltd.com/provider-directory-nhia/,2026-04-23T11:40:35Z,KT/0055/P
nhia_hcp_0777,Nooru kareem Clinic,clinic,Katsina,,,KATSINA STATE,,,NHIA directory code KT/0096/P,,,area,https://integratedhealthcareltd.com/provider-directory-nhia/,2026-04-23T11:40:35Z,KT/0096/P
nhia_hcp_0778,"POLICE CLINIC, DAURA",clinic,Katsina,,,,,,NHIA directory code KT/0107/P,,,area,https://integratedhealthcareltd.com/provider-directory-nhia/,2026-04-23T11:40:35Z,KT/0107/P
nhia_hcp_0779,St Vincent Catholic Church,hospital,Katsina,,,"Along Funtua Road, Gidan Dawa, Malumfachi, Katsina State",,,NHIA directory code KT/0075/P,,,area,https://integratedhealthcareltd.com/provider-directory-nhia/,2026-04-23T11:40:35Z,KT/0075/P
nhia_hcp_0780,TRIPOD MEDICAL CENTER LTD,clinic,Katsina,,,,,,NHIA directory code KT/0472/P,,,area,https://integratedhealthcareltd.com/provider-directory-nhia/,2026-04-23T11:40:35Z,KT/0472/P
nhia_hcp_0781,Turai Umar Yar'Adua Maternity Children Hospital,clinic,Katsina,,,"Gidan Dawa off Hassan Usman Katsina Road, Katsina",,,NHIA directory code KT/0070/P,,,area,https://integratedhealthcareltd.com/provider-directory-nhia/,2026-04-23T11:40:35Z,KT/0070/P
nhia_hcp_0782,WELLNESS MULTI-SPECIALITY CLINIC,clinic,Katsina,,,Katsina State,,,NHIA directory code KT/0502/P,,,area,https://integratedhealthcareltd.com/provider-directory-nhia/,2026-04-23T11:40:35Z,KT/0502/P
nhia_hcp_0783,"223 LT TK Bn MRS, Zuru",hospital,Kebbi,,,"DAKKARAWA BARRACKSZURU, Kebbi State.",,,NHIA directory code KB/0022/P,,,area,https://integratedhealthcareltd.com/provider-directory-nhia/,2026-04-23T11:40:35Z,KB/0022/P
nhia_hcp_0784,D D G Medical Centre,clinic,Kebbi,,,Kebbi state,,,NHIA directory code KB/0038/P,,,area,https://integratedhealthcareltd.com/provider-directory-nhia/,2026-04-23T11:40:35Z,KB/0038/P
nhia_hcp_0785,DAN ABUSON CLINIC AND MATERNITY,clinic,Kebbi,,,,,,NHIA directory code KB/0043/P,,,area,https://integratedhealthcareltd.com/provider-directory-nhia/,2026-04-23T11:40:35Z,KB/0043/P
nhia_hcp_0786,Federal Medical Center - Birnin Kebbi,clinic,Kebbi,,,Birnin Kebbi,,,NHIA directory code KB/0003/P,,,area,https://integratedhealthcareltd.com/provider-directory-nhia/,2026-04-23T11:40:35Z,KB/0003/P
nhia_hcp_0787,GENERAL HOSPITAL ARGUNGU,hospital,Kebbi,,,"Bypasss road. ARGUNGU, Kebbi State.",,,NHIA directory code KB/0001/P,,,area,https://integratedhealthcareltd.com/provider-directory-nhia/,2026-04-23T11:40:35Z,KB/0001/P
nhia_hcp_0788,"GENERAL HOSPITAL, YAURI",hospital,Kebbi,,,"YAURI, kebbi State",,,NHIA directory code KB/0020/P,,,area,https://integratedhealthcareltd.com/provider-directory-nhia/,2026-04-23T11:40:35Z,KB/0020/P
nhia_hcp_0789,Martha Bamaiyi General Hospital Zuru,hospital,Kebbi,,,"Zuru Bye-Pass Behind First Bank, Zuru, Kebbi State",,,NHIA directory code KB/0027/P,,,area,https://integratedhealthcareltd.com/provider-directory-nhia/,2026-04-23T11:40:35Z,KB/0027/P
nhia_hcp_0790,"Police Clinics, Kebbi",hospital,Kebbi,,,Kebbi State,,,NHIA directory code KB/0025/P,,,area,https://integratedhealthcareltd.com/provider-directory-nhia/,2026-04-23T11:40:35Z,KB/0025/P
nhia_hcp_0791,RABIAT MUHAMMAD KAOJE MEMORIA,hospital,Kebbi,,,,,,NHIA directory code KB/0273/P,,,area,https://integratedhealthcareltd.com/provider-directory-nhia/,2026-04-23T11:40:35Z,KB/0273/P
nhia_hcp_0792,SALIMAH CLINIC,clinic,Kebbi,,,,,,NHIA directory code KB/0046/P,,,area,https://integratedhealthcareltd.com/provider-directory-nhia/,2026-04-23T11:40:35Z,KB/0046/P
nhia_hcp_0793,Sir Yahaya Memorial Hospital,hospital,Kebbi,,,"Haliru Abdu Raod,P.M.B 1006, Birnin Kebbi.",,,NHIA directory code KB/0008/P,,,area,https://integratedhealthcareltd.com/provider-directory-nhia/,2026-04-23T11:40:35Z,KB/0008/P
nhia_hcp_0794,Waziri Umar Federal Ploytechnic,hospital,Kebbi,,,"Gwandu Gwaji Road, Kebbi state",,,NHIA directory code KB/0037/P,,,area,https://integratedhealthcareltd.com/provider-directory-nhia/,2026-04-23T11:40:35Z,KB/0037/P
nhia_hcp_0795,Ali Omeza Hospital,hospital,Kogi,,,"Behind Mobil filling station, Lokoja",,,NHIA directory code KG/0025/P,,,area,https://integratedhealthcareltd.com/provider-directory-nhia/,2026-04-23T11:40:35Z,KG/0025/P
nhia_hcp_0796,"ASCL Medical Centre, Ajaokuta",clinic,Kogi,,,"Ajaokuta Steel Co. Ltd., Kogi State",,,NHIA directory code KG/0001/P,,,area,https://integratedhealthcareltd.com/provider-directory-nhia/,2026-04-23T11:40:35Z,KG/0001/P
nhia_hcp_0797,Bethel Hospital,hospital,Kogi,,,"Ochogobi lay out, Ankpa, Kogi state",,,NHIA directory code KG/0103/P,,,area,https://integratedhealthcareltd.com/provider-directory-nhia/,2026-04-23T11:40:35Z,KG/0103/P
nhia_hcp_0798,CARECREST SPECIALIST HOSPITAL A,hospital,Kogi,,,,,,NHIA directory code KG/0121/P,,,area,https://integratedhealthcareltd.com/provider-directory-nhia/,2026-04-23T11:40:35Z,KG/0121/P
nhia_hcp_0799,COTTAGE CLINIC,clinic,Kogi,,,"HOSPITAL ROAD,ODO ERE. YAGBA WEST. Kogi",,,NHIA directory code KG/0031/P,,,area,https://integratedhealthcareltd.com/provider-directory-nhia/,2026-04-23T11:40:35Z,KG/0031/P
nhia_hcp_0800,DSS Clinic,clinic,Kogi,,,"Lokoja, Kogi State",,,NHIA directory code KG/0060/P,,,area,https://integratedhealthcareltd.com/provider-directory-nhia/,2026-04-23T11:40:35Z,KG/0060/P
nhia_hcp_0801,Ecwa Hospital,hospital,Kogi,,,"MISSION ROAD EGBE. PMB202, Yagba West LGA,Kogi State.",,,NHIA directory code KG/0019/P,,,area,https://integratedhealthcareltd.com/provider-directory-nhia/,2026-04-23T11:40:35Z,KG/0019/P
nhia_hcp_0802,Federal Medical Center Lokoja,clinic,Kogi,,,Lokoja,,,NHIA directory code KG/0020/P,,,area,https://integratedhealthcareltd.com/provider-directory-nhia/,2026-04-23T11:40:35Z,KG/0020/P
nhia_hcp_0803,"GENERAL HOSPITAL, ANKPA",hospital,Kogi,,,"ANKPA, Kogi",,,NHIA directory code KG/0023/P,,,area,https://integratedhealthcareltd.com/provider-directory-nhia/,2026-04-23T11:40:35Z,KG/0023/P
nhia_hcp_0804,"GENERAL HOSPITAL, IDAH",hospital,Kogi,,,"Opposite Central Mosque, Idah. 08188768886, 08037951237, 08059207696, ksghideh@yahoo.com IDAH, kogi",,,NHIA directory code KG/0009/P,,,area,https://integratedhealthcareltd.com/provider-directory-nhia/,2026-04-23T11:40:35Z,KG/0009/P
nhia_hcp_0805,"GENERAL HOSPITAL, ISANLU",hospital,Kogi,,,"General Hospital Isanlu, PMB 1002, Isanlu Kogi State.",,,NHIA directory code KG/0022/P,,,area,https://integratedhealthcareltd.com/provider-directory-nhia/,2026-04-23T11:40:35Z,KG/0022/P
nhia_hcp_0806,"GENERAL HOSPITAL, KABBA",hospital,Kogi,,,"Kabba P.M.B. 210, Kabba, Kogi State",,,NHIA directory code KG/0021/P,,,area,https://integratedhealthcareltd.com/provider-directory-nhia/,2026-04-23T11:40:35Z,KG/0021/P
nhia_hcp_0807,"GENERAL HOSPITAL, MOPA",hospital,Kogi,,,"MOPA, Kogi State",,,NHIA directory code KG/0015/P,,,area,https://integratedhealthcareltd.com/provider-directory-nhia/,2026-04-23T11:40:35Z,KG/0015/P
nhia_hcp_0808,"GENERAL HOSPITAL, OKENE",hospital,Kogi,,,"ADO IBRAHIM ROAD, OKENE, Kogi",,,NHIA directory code KG/0017/P,,,area,https://integratedhealthcareltd.com/provider-directory-nhia/,2026-04-23T11:40:35Z,KG/0017/P
nhia_hcp_0809,Grimard Catholic Hospital,hospital,Kogi,,,Grimard Catholic Hospital Anyiagba,,,NHIA directory code KG/0047/P,,,area,https://integratedhealthcareltd.com/provider-directory-nhia/,2026-04-23T11:40:35Z,KG/0047/P
nhia_hcp_0810,HELPING HANDS WOMEN HOSPITAL-,hospital,Kogi,,,,,,NHIA directory code KG/0113/P,,,area,https://integratedhealthcareltd.com/provider-directory-nhia/,2026-04-23T11:40:35Z,KG/0113/P
nhia_hcp_0811,Kogi State Specialist Hospital,hospital,Kogi,,,"ALONG OKENE KABBA RD, KOGI STATE. PMB 1146 LOKOJA",,,NHIA directory code KG/0084/P,,,area,https://integratedhealthcareltd.com/provider-directory-nhia/,2026-04-23T11:40:35Z,KG/0084/P
nhia_hcp_0812,MARIA GORRETE HOSPITAL,hospital,Kogi,,,"Off fed. min. of works, New Egume Rd,Ayingba, Kogi state.",,,NHIA directory code KG/0035/P,,,area,https://integratedhealthcareltd.com/provider-directory-nhia/,2026-04-23T11:40:35Z,KG/0035/P
nhia_hcp_0813,Niger Hospital,hospital,Kogi,,,"Niger Hospital, 12B IBB WAY ALONG OKENE-KABBA RD, 08166023396, nigerhospitallkj@yahoo.com",,,NHIA directory code KG/0012/P,,,area,https://integratedhealthcareltd.com/provider-directory-nhia/,2026-04-23T11:40:35Z,KG/0012/P
nhia_hcp_0814,Police Clinic,clinic,Kogi,,,"Police State Command, Lokoja",,,NHIA directory code KG/0074/P,,,area,https://integratedhealthcareltd.com/provider-directory-nhia/,2026-04-23T11:40:35Z,KG/0074/P
nhia_hcp_0815,poly hospital and mat.home,hospital,Kogi,,,"janet ekundayo road, Lokoja",,,NHIA directory code KG/0064/P,,,area,https://integratedhealthcareltd.com/provider-directory-nhia/,2026-04-23T11:40:35Z,KG/0064/P
nhia_hcp_0816,Rehoboth Specialist Hospital,hospital,Kogi,,,Behind 2nd gate (opp harmony schools) Phase 11 Estate. Lokoja. KOGI,,,NHIA directory code KG/0106/P,,,area,https://integratedhealthcareltd.com/provider-directory-nhia/,2026-04-23T11:40:35Z,KG/0106/P
nhia_hcp_0817,Shifaah Hospital,hospital,Kogi,,,"Behind Saatoof hotel, NIWA Qtrs, Lokoja. Kogi state.",,,NHIA directory code KG/0222/P,,,area,https://integratedhealthcareltd.com/provider-directory-nhia/,2026-04-23T11:40:35Z,KG/0222/P
nhia_hcp_0818,"Specialist Hospital, Obangede",hospital,Kogi,,,"OBANGEDE OKEHI L. G. A. ,Kogi",,,NHIA directory code KG/0030/P,,,area,https://integratedhealthcareltd.com/provider-directory-nhia/,2026-04-23T11:40:35Z,KG/0030/P
nhia_hcp_0819,ST. JOHN CATHOLIC HOSPITAL KABBA,hospital,Kogi,,,KABBA,,,NHIA directory code KG/0145/P,,,area,https://integratedhealthcareltd.com/provider-directory-nhia/,2026-04-23T11:40:35Z,KG/0145/P
nhia_hcp_0820,227 WG Medical Centre,clinic,Kwara,,,"NAF Station, Ilorin, Kwara State",,,NHIA directory code KW/0086/P,,,area,https://integratedhealthcareltd.com/provider-directory-nhia/,2026-04-23T11:40:35Z,KW/0086/P
nhia_hcp_0821,Abanise Lolu Hospital,hospital,Kwara,,,"Oke Agodi Aromaradu Adeta, Ilorin",,,NHIA directory code KW/0037/P,,,area,https://integratedhealthcareltd.com/provider-directory-nhia/,2026-04-23T11:40:35Z,KW/0037/P
nhia_hcp_0822,ADEWOLE COTTAGE HOSPITAL,hospital,Kwara,,,"ADEWOLE RD, ALONG YEBMOT HOTEL, ILORIN",,,NHIA directory code KW/0141/P,,,area,https://integratedhealthcareltd.com/provider-directory-nhia/,2026-04-23T11:40:35Z,KW/0141/P
nhia_hcp_0823,Adeyemo Hospital,hospital,Kwara,,,"Omu-aran, Kwara State",,,NHIA directory code KW/0044/P,,,area,https://integratedhealthcareltd.com/provider-directory-nhia/,2026-04-23T11:40:35Z,KW/0044/P
nhia_hcp_0824,Anchormed Hospital,hospital,Kwara,,,"Niyi Aiyijaiye Street,Off University road,Tanke Ilron.",,,NHIA directory code KW/0048/P,,,area,https://integratedhealthcareltd.com/provider-directory-nhia/,2026-04-23T11:40:35Z,KW/0048/P
nhia_hcp_0825,CIVIL SERVICE HOSPITAL,hospital,Kwara,,,"ILOFA ROAD, ILORIN",,,NHIA directory code KW/0138/P,,,area,https://integratedhealthcareltd.com/provider-directory-nhia/,2026-04-23T11:40:35Z,KW/0138/P
nhia_hcp_0826,"COTTAGE HOSPITAL, AJASE-IPO- KW/",hospital,Kwara,,,"Ajase Ipo, Ilorin",,,NHIA directory code KW/0013/P,,,area,https://integratedhealthcareltd.com/provider-directory-nhia/,2026-04-23T11:40:35Z,KW/0013/P
nhia_hcp_0827,Crescent Gold Crown Hospital,hospital,Kwara,,,"Behind Mark Petrol Station, Tanke, Ilorin",,,NHIA directory code KW/0176/P,,,area,https://integratedhealthcareltd.com/provider-directory-nhia/,2026-04-23T11:40:35Z,KW/0176/P
nhia_hcp_0828,Delniks Hospital,hospital,Kwara,,,"Oja Iya Off University Road, Iiorin",,,NHIA directory code KW/0028/P,,,area,https://integratedhealthcareltd.com/provider-directory-nhia/,2026-04-23T11:40:35Z,KW/0028/P
nhia_hcp_0829,DSS Clinic,clinic,Kwara,,,"Ilorin, Kwara State",,,NHIA directory code KW/0085/P,,,area,https://integratedhealthcareltd.com/provider-directory-nhia/,2026-04-23T11:40:35Z,KW/0085/P
nhia_hcp_0830,Eyitayo Hospital,hospital,Kwara,,,"No. 40, Ojo-Iya Road, Ilorin",,,NHIA directory code KW/0005/P,,,area,https://integratedhealthcareltd.com/provider-directory-nhia/,2026-04-23T11:40:35Z,KW/0005/P
nhia_hcp_0831,Femis Hospital,hospital,Kwara,,,"Unity Road, Ilorin",,,NHIA directory code KW/0030/P,,,area,https://integratedhealthcareltd.com/provider-directory-nhia/,2026-04-23T11:40:35Z,KW/0030/P
nhia_hcp_0832,Garin Alimi Hospital,hospital,Kwara,,,"283, Umaru Saro Road, Ilorin Kwara State.",,,NHIA directory code KW/0091/P,,,area,https://integratedhealthcareltd.com/provider-directory-nhia/,2026-04-23T11:40:35Z,KW/0091/P
nhia_hcp_0833,General Hospital Ilorin,hospital,Kwara,,,0,,,NHIA directory code KW/0214/P,,,area,https://integratedhealthcareltd.com/provider-directory-nhia/,2026-04-23T11:40:35Z,KW/0214/P
nhia_hcp_0834,GENERAL HOSPITAL KIAMA,hospital,Kwara,,,"GENERAL HOSPITAL KIAMA, Kwara",,,NHIA directory code KW/0114/P,,,area,https://integratedhealthcareltd.com/provider-directory-nhia/,2026-04-23T11:40:35Z,KW/0114/P
nhia_hcp_0835,"General Hospital, Pategi",hospital,Kwara,,,"Pategi, Ilorin",,,NHIA directory code KW/0036/P,,,area,https://integratedhealthcareltd.com/provider-directory-nhia/,2026-04-23T11:40:35Z,KW/0036/P
nhia_hcp_0836,GENTLEMANABDULSALAM MEMORIA,hospital,Kwara,,,Kwara,,,NHIA directory code KW/0265/P,,,area,https://integratedhealthcareltd.com/provider-directory-nhia/,2026-04-23T11:40:35Z,KW/0265/P
nhia_hcp_0837,GOSEC MEDICAL CENTER-KW/0474/P,clinic,Kwara,,,Kwara State,,,NHIA directory code KW/0474/P,,,area,https://integratedhealthcareltd.com/provider-directory-nhia/,2026-04-23T11:40:35Z,KW/0474/P
nhia_hcp_0838,Ilorin Clinics & Maternity Hospital,clinic,Kwara,,,"163, Alimi Road, Isale Alore/Abata, Ologe, Ilorin",,,NHIA directory code KW/0004/P,,,area,https://integratedhealthcareltd.com/provider-directory-nhia/,2026-04-23T11:40:35Z,KW/0004/P
nhia_hcp_0839,JEBBA SPECIALIST HOSPITAL,hospital,Kwara,,,"Alongilorin-JEBBA expressway,moro local govtarea, Kwara",,,NHIA directory code KW/0033/P,,,area,https://integratedhealthcareltd.com/provider-directory-nhia/,2026-04-23T11:40:35Z,KW/0033/P
nhia_hcp_0840,Kiddiz Clinic,clinic,Kwara,,,"Eastern Reservoirs, Olorunshogo, Ilorin",,,NHIA directory code KW/0038/P,,,area,https://integratedhealthcareltd.com/provider-directory-nhia/,2026-04-23T11:40:35Z,KW/0038/P
nhia_hcp_0841,LEAH MEDICAL CENTRE,clinic,Kwara,,,,,,NHIA directory code KW/0256/P,,,area,https://integratedhealthcareltd.com/provider-directory-nhia/,2026-04-23T11:40:35Z,KW/0256/P
nhia_hcp_0842,Lifeline Hospital,hospital,Kwara,,,kwara,,,NHIA directory code KW/0243/P,,,area,https://integratedhealthcareltd.com/provider-directory-nhia/,2026-04-23T11:40:35Z,KW/0243/P
nhia_hcp_0843,Maxi Health Hospital,hospital,Kwara,,,"2B GTTS Quarters, Mini Campus Road, Adewole Estate, Illorin",,,NHIA directory code KW/0241/P,,,area,https://integratedhealthcareltd.com/provider-directory-nhia/,2026-04-23T11:40:35Z,KW/0241/P
nhia_hcp_0844,"Med Care Hospital, IIorin",hospital,Kwara,,,IIorin,,,NHIA directory code KW/0236/P,,,area,https://integratedhealthcareltd.com/provider-directory-nhia/,2026-04-23T11:40:35Z,KW/0236/P
nhia_hcp_0845,Midland Fertility Center,hospital,Kwara,,,"12 Kano Road, Adewole Estate, Ilorin, Kwara State",,,NHIA directory code KW/0199/P,,,area,https://integratedhealthcareltd.com/provider-directory-nhia/,2026-04-23T11:40:35Z,KW/0199/P
nhia_hcp_0846,MOLAB HOSPITAL,hospital,Kwara,,,KWARA STATE,,,NHIA directory code KW/0263/P,,,area,https://integratedhealthcareltd.com/provider-directory-nhia/,2026-04-23T11:40:35Z,KW/0263/P
nhia_hcp_0847,Nakowa Medical Centre,clinic,Kwara,,,"12 Kafanchan Rd, Adjacent God Grace Nursery & Primary School, Kulende Estate Phase II, Ilorin, Kwara State",,,NHIA directory code KW/0192/P,,,area,https://integratedhealthcareltd.com/provider-directory-nhia/,2026-04-23T11:40:35Z,KW/0192/P
nhia_hcp_0848,NEW ERA HOSPITAL,hospital,Kwara,,,"OSI, Kwara",,,NHIA directory code KW/0137/P,,,area,https://integratedhealthcareltd.com/provider-directory-nhia/,2026-04-23T11:40:35Z,KW/0137/P
nhia_hcp_0849,Ola Olu Hospital,hospital,Kwara,,,"Opp. International Tobacco Coy.Murtala Muhammed way, Industrial area Ilorin",,,NHIA directory code KW/0002/P,,,area,https://integratedhealthcareltd.com/provider-directory-nhia/,2026-04-23T11:40:35Z,KW/0002/P
nhia_hcp_0850,Olalomi Hospital - Ilorin,hospital,Kwara,,,"28 Stadium Road, Ilorin",,,NHIA directory code KW/0012/P,,,area,https://integratedhealthcareltd.com/provider-directory-nhia/,2026-04-23T11:40:35Z,KW/0012/P
nhia_hcp_0851,Olalomi Hospital - Offa,hospital,Kwara,,,"IRRA RD OLALOMI AREA, OFFA, Kwara State.",,,NHIA directory code KW/0110/P,,,area,https://integratedhealthcareltd.com/provider-directory-nhia/,2026-04-23T11:40:35Z,KW/0110/P
nhia_hcp_0852,Ola-Olu Hospital,hospital,Kwara,,,"Opposite Int. Tobacco Coy, Garrage Offa Road, Ilorin",,,NHIA directory code KW/0063/P,,,area,https://integratedhealthcareltd.com/provider-directory-nhia/,2026-04-23T11:40:35Z,KW/0063/P
nhia_hcp_0853,Olarewaju Hospital,hospital,Kwara,,,"5,Oro Ago Close, Sabo-oke Ilorin, P.O.BOX 2185 Ilorin, Kwara state",,,NHIA directory code KW/0024/P,,,area,https://integratedhealthcareltd.com/provider-directory-nhia/,2026-04-23T11:40:35Z,KW/0024/P
nhia_hcp_0854,Olufolarin Okoro Memorial Hospital,hospital,Kwara,,,"No 78, Agbo Oba Rd Ilorin",,,NHIA directory code KW/0107/P,,,area,https://integratedhealthcareltd.com/provider-directory-nhia/,2026-04-23T11:40:35Z,KW/0107/P
nhia_hcp_0855,OLUTAYO CLINIC & MATERNITY,clinic,Kwara,,,"SANGO, ILORIN",,,NHIA directory code KW/0144/P,,,area,https://integratedhealthcareltd.com/provider-directory-nhia/,2026-04-23T11:40:35Z,KW/0144/P
nhia_hcp_0856,Omolewa Hospital,hospital,Kwara,,,"Gaa Odota, Ilorin, Kwara State",,,NHIA directory code KW/0202/P,,,area,https://integratedhealthcareltd.com/provider-directory-nhia/,2026-04-23T11:40:35Z,KW/0202/P
nhia_hcp_0857,Omolola Hospital,hospital,Kwara,,,"Opp. Govt. Sec. School, Along Jebba Road, Ilorin.",,,NHIA directory code KW/0015/P,,,area,https://integratedhealthcareltd.com/provider-directory-nhia/,2026-04-23T11:40:35Z,KW/0015/P
nhia_hcp_0858,Oorelope Hospital,hospital,Kwara,,,km8 Apata Yakuba Along Kwara Poly Ilorin,,,NHIA directory code KW/0006/P,,,area,https://integratedhealthcareltd.com/provider-directory-nhia/,2026-04-23T11:40:35Z,KW/0006/P
nhia_hcp_0859,Ore Ofe Clinic & Maternity,clinic,Kwara,,,"Isale-Maliki Street, Balogun Funlani Ilorin",,,NHIA directory code KW/0102/P,,,area,https://integratedhealthcareltd.com/provider-directory-nhia/,2026-04-23T11:40:35Z,KW/0102/P
nhia_hcp_0860,PENTACARE HOSPITAL LIMITED-KW/0,hospital,Kwara,,,,,,NHIA directory code KW/0480/P,,,area,https://integratedhealthcareltd.com/provider-directory-nhia/,2026-04-23T11:40:35Z,KW/0480/P
nhia_hcp_0861,ROLAKIM HOSPITAL,hospital,Kwara,,,"OPPOSITE ST CLARES GRAMMAR SCHOOL, OFFA, Kwara",,,NHIA directory code KW/0109/P,,,area,https://integratedhealthcareltd.com/provider-directory-nhia/,2026-04-23T11:40:35Z,KW/0109/P
nhia_hcp_0862,Royal Care Hospital,hospital,Kwara,,,No 1 Ponyan Rd NNPC Pipeline Gaa-Akanbi Ilorin,,,NHIA directory code KW/0111/P,,,area,https://integratedhealthcareltd.com/provider-directory-nhia/,2026-04-23T11:40:35Z,KW/0111/P
nhia_hcp_0863,Sadiku Hospital,hospital,Kwara,,,"16, Abdulwahab Folawuyo, Unity Road, Ilorin",,,NHIA directory code KW/0039/P,,,area,https://integratedhealthcareltd.com/provider-directory-nhia/,2026-04-23T11:40:35Z,KW/0039/P
nhia_hcp_0864,Sarfam Medical Centre,clinic,Kwara,,,"No 34 Fate Rd, Ilorin",,,NHIA directory code KW/0101/P,,,area,https://integratedhealthcareltd.com/provider-directory-nhia/,2026-04-23T11:40:35Z,KW/0101/P
nhia_hcp_0865,Sobi Specialist Hospital,hospital,Kwara,,,"Alagbado Okelele, Ilorin",,,NHIA directory code KW/0020/P,,,area,https://integratedhealthcareltd.com/provider-directory-nhia/,2026-04-23T11:40:35Z,KW/0020/P
nhia_hcp_0866,"Specialist Hospital, Offa",hospital,Kwara,,,"Offa Town, Kwara State",,,NHIA directory code KW/0087/P,,,area,https://integratedhealthcareltd.com/provider-directory-nhia/,2026-04-23T11:40:35Z,KW/0087/P
nhia_hcp_0867,Surulere Medical Centre,clinic,Kwara,,,"47 Alikinla Street, S.K. Dan Alhaji Quarters, Ilorin",,,NHIA directory code KW/0051/P,,,area,https://integratedhealthcareltd.com/provider-directory-nhia/,2026-04-23T11:40:35Z,KW/0051/P
nhia_hcp_0868,Temitope Hospital,hospital,Kwara,,,"Sabo Line Isale, Off Amilegbe Road, Ilorin",,,NHIA directory code KW/0001/P,,,area,https://integratedhealthcareltd.com/provider-directory-nhia/,2026-04-23T11:40:35Z,KW/0001/P
nhia_hcp_0869,Tobi Hospital,hospital,Kwara,,,"Opp. Stadium Shopping Complex, Ilorin",,,NHIA directory code KW/0041/P,,,area,https://integratedhealthcareltd.com/provider-directory-nhia/,2026-04-23T11:40:35Z,KW/0041/P
nhia_hcp_0870,Tolulope Clinic & Maternity,clinic,Kwara,,,"Off Abdullahi Mo'Hd Road, Tanke Iiewe, Ilorin",,,NHIA directory code KW/0046/P,,,area,https://integratedhealthcareltd.com/provider-directory-nhia/,2026-04-23T11:40:35Z,KW/0046/P
nhia_hcp_0871,UITH COMPREHENSIVE HEALTH CENTRE,clinic,Kwara,,,"ESIE,Kwara",,,NHIA directory code KW/0140/P,,,area,https://integratedhealthcareltd.com/provider-directory-nhia/,2026-04-23T11:40:35Z,KW/0140/P
nhia_hcp_0872,University of Ilorin Health Centre,clinic,Kwara,,,"Ilorin, Kwara State",,,NHIA directory code KW/0094/P,,,area,https://integratedhealthcareltd.com/provider-directory-nhia/,2026-04-23T11:40:35Z,KW/0094/P
nhia_hcp_0873,University Teaching Hospital Ilorin,hospital,Kwara,,,"Ilorin, Lagos Road, Ilorin.",,,NHIA directory code KW/0027/P,,,area,https://integratedhealthcareltd.com/provider-directory-nhia/,2026-04-23T11:40:35Z,KW/0027/P
nhia_hcp_0874,WALE CLINIC & MATERNITY,clinic,Kwara,,,"OFFA, Kwara",,,NHIA directory code KW/0025/P,,,area,https://integratedhealthcareltd.com/provider-directory-nhia/,2026-04-23T11:40:35Z,KW/0025/P
nhia_hcp_0875,Yusjib Industrial Medicare,hospital,Kwara,,,"35, Ajase Ipo Road, (opposite Oando filling station, offa garage), Ilorin, Kwara State",,,NHIA directory code KW/0198/P,,,area,https://integratedhealthcareltd.com/provider-directory-nhia/,2026-04-23T11:40:35Z,KW/0198/P
nhia_hcp_0876,174 Bn MRS Ikorodu,hospital,Lagos,,,"Ikorodu, Lagos",,,NHIA directory code LA/0579/P,,,area,https://integratedhealthcareltd.com/provider-directory-nhia/,2026-04-23T11:40:35Z,LA/0579/P
nhia_hcp_0877,403 CMD Medical Centre,clinic,Lagos,,,"NAF Station, Shasha, Lagos",,,NHIA directory code LA/0512/P,,,area,https://integratedhealthcareltd.com/provider-directory-nhia/,2026-04-23T11:40:35Z,LA/0512/P
nhia_hcp_0878,445 Nigerian Airforce Hospital,hospital,Lagos,,,"Sam Ethnam Air Force Base, Ikeja.",,,NHIA directory code LA/0510/P,,,area,https://integratedhealthcareltd.com/provider-directory-nhia/,2026-04-23T11:40:35Z,LA/0510/P
nhia_hcp_0879,68 Nigerian Army Ref. Hosp.,hospital,Lagos,,,"Myhoung Barracks, Yaba, Lagos.",,,NHIA directory code LA/0507/P,,,area,https://integratedhealthcareltd.com/provider-directory-nhia/,2026-04-23T11:40:35Z,LA/0507/P
nhia_hcp_0880,81 Div Hospital,hospital,Lagos,,,"Dodan Barracks, Ikoyi, Lagos",,,NHIA directory code LA/0509/P,,,area,https://integratedhealthcareltd.com/provider-directory-nhia/,2026-04-23T11:40:35Z,LA/0509/P
nhia_hcp_0881,A. B. 10 Hospital,hospital,Lagos,,,"2 Adeleke Odunuga Close, Harmony Estate, Ifako-Ijaye, LAGOS",,,NHIA directory code LA/1283/P,,,area,https://integratedhealthcareltd.com/provider-directory-nhia/,2026-04-23T11:40:35Z,LA/1283/P
nhia_hcp_0882,A.B. Specialist Hospital Group,hospital,Lagos,,,"87, Randle Avenue, Surulere, Lagos p.o.box 3047 Surulere, Lagos.",,,NHIA directory code LA/0440/P,,,area,https://integratedhealthcareltd.com/provider-directory-nhia/,2026-04-23T11:40:35Z,LA/0440/P
nhia_hcp_0883,Abbey Medical Centre,clinic,Lagos,,,"74, Idewu Street, Olodi, Apapa, Lagos.",,,NHIA directory code LA/0093/P,,,area,https://integratedhealthcareltd.com/provider-directory-nhia/,2026-04-23T11:40:35Z,LA/0093/P
nhia_hcp_0884,Able God Hospital and Maternity Home,clinic,Lagos,,,"52, Ijesha Road, Opp Mobil Petrol Station, Adedeji, B/stop, ijeshatedo Lagos State",,,NHIA directory code LA/1462/P,,,area,https://integratedhealthcareltd.com/provider-directory-nhia/,2026-04-23T11:40:35Z,LA/1462/P
nhia_hcp_0885,Adefemi Hospital,hospital,Lagos,,,"49 Seriki Aro, Avenu Off Obafemi Awolowo Way Lagos.",,,NHIA directory code LA/0721/P,,,area,https://integratedhealthcareltd.com/provider-directory-nhia/,2026-04-23T11:40:35Z,LA/0721/P
nhia_hcp_0886,Adesola Clinic,clinic,Lagos,,,"2 Onabola street, Pedro Road. Bariga. 01",,,NHIA directory code LA/0670/P,,,area,https://integratedhealthcareltd.com/provider-directory-nhia/,2026-04-23T11:40:35Z,LA/0670/P
nhia_hcp_0887,Adonai Medical Centre,clinic,Lagos,,,"No. 36 Adekunle Kuye Street, Lagos.",,,NHIA directory code LA/0376/P,,,area,https://integratedhealthcareltd.com/provider-directory-nhia/,2026-04-23T11:40:35Z,LA/0376/P
nhia_hcp_0888,Afrique Medical clinic,clinic,Lagos,,,"H17, K close, off 3rd avenue, Gowon estate, Egbeda-lagos, Lagos State",,,NHIA directory code LA/1511/P,,,area,https://integratedhealthcareltd.com/provider-directory-nhia/,2026-04-23T11:40:35Z,LA/1511/P
nhia_hcp_0889,Ajayi Medical Center,clinic,Lagos,,,50 Ekulu Street Ikorodu,,,NHIA directory code LA/0662/P,,,area,https://integratedhealthcareltd.com/provider-directory-nhia/,2026-04-23T11:40:35Z,LA/0662/P
nhia_hcp_0890,Ajeromi General Hospital,hospital,Lagos,,,"Cardoso street Awodi-Ora Ajegunle,",,,NHIA directory code LA/0036/P,,,area,https://integratedhealthcareltd.com/provider-directory-nhia/,2026-04-23T11:40:35Z,LA/0036/P
nhia_hcp_0891,Ajike-Sanda Memorial Medical Centre,clinic,Lagos,,,"54, Adeniji Adele Street, Lagos.",,,NHIA directory code LA/0270/P,,,area,https://integratedhealthcareltd.com/provider-directory-nhia/,2026-04-23T11:40:35Z,LA/0270/P
nhia_hcp_0892,Alheri Hospital,hospital,Lagos,,,"10, Ojodu Abiodun Road, Off Kosoko Road, Berger B/Stop, Ojodu, Lagos",,,NHIA directory code LA/0569/P,,,area,https://integratedhealthcareltd.com/provider-directory-nhia/,2026-04-23T11:40:35Z,LA/0569/P
nhia_hcp_0893,Alimosho General Hospital,hospital,Lagos,,,"LASU/Isheri road, Igando, Lagos State",,,NHIA directory code LA/1626/P,,,area,https://integratedhealthcareltd.com/provider-directory-nhia/,2026-04-23T11:40:35Z,LA/1626/P
nhia_hcp_0894,All Soul's Clinics Ltd,hospital,Lagos,,,"No. 255 Ojo Road, Ajegunle, Lagos",,,NHIA directory code LA/0038/P,,,area,https://integratedhealthcareltd.com/provider-directory-nhia/,2026-04-23T11:40:35Z,LA/0038/P
nhia_hcp_0895,All Souls Infirmary Hospital & Mat. Centre,hospital,Lagos,,,"No. 8 Church Street, Elere, Agege, Lagos.",,,NHIA directory code LA/0016/P,,,area,https://integratedhealthcareltd.com/provider-directory-nhia/,2026-04-23T11:40:35Z,LA/0016/P
nhia_hcp_0896,AMC Hospital,hospital,Lagos,,,"House 19, Dubar Road, Mile 2, Lagos.",,,NHIA directory code LA/0086/P,,,area,https://integratedhealthcareltd.com/provider-directory-nhia/,2026-04-23T11:40:35Z,LA/0086/P
nhia_hcp_0897,Ameso Specialist Hospital,hospital,Lagos,,,7 Jumat Olukoya Street Off Ogudu Rd Ojota,,,NHIA directory code LA/0630/P,,,area,https://integratedhealthcareltd.com/provider-directory-nhia/,2026-04-23T11:40:35Z,LA/0630/P
nhia_hcp_0898,Ancel Hospital,hospital,Lagos,,,"44 Kemberi Road, Okoko-Ojo, Lagos",,,NHIA directory code LA/1292/P,,,area,https://integratedhealthcareltd.com/provider-directory-nhia/,2026-04-23T11:40:35Z,LA/1292/P
nhia_hcp_0899,Ancilla Catholic Hospital,hospital,Lagos,,,"3, Muyiwa Olojo Street, Iju, Lagos.",,,NHIA directory code LA/0646/P,,,area,https://integratedhealthcareltd.com/provider-directory-nhia/,2026-04-23T11:40:35Z,LA/0646/P
nhia_hcp_0900,Aniyun hospital,hospital,Lagos,,,"No 3 Femi Aderibigbe, close off Diya street Beside Total filling station, Ifako",,,NHIA directory code LA/0617/P,,,area,https://integratedhealthcareltd.com/provider-directory-nhia/,2026-04-23T11:40:35Z,LA/0617/P
nhia_hcp_0901,Araba medical center,clinic,Lagos,,,"122, Ekoro- Agbelekale road, Big Joy B/stop, Abule Egba, Lagos State",,,NHIA directory code LA/1522/P,,,area,https://integratedhealthcareltd.com/provider-directory-nhia/,2026-04-23T11:40:35Z,LA/1522/P
nhia_hcp_0902,Aruna Ogun Memorial Specialist Hospital,hospital,Lagos,,,2/4 Bamimosu St Ipakodo-Ikorodu,,,NHIA directory code LA/0635/P,,,area,https://integratedhealthcareltd.com/provider-directory-nhia/,2026-04-23T11:40:35Z,LA/0635/P
nhia_hcp_0903,Ascon Clinic,clinic,Lagos,,,"Badagry, Lagos",,,NHIA directory code LA/0934/P,,,area,https://integratedhealthcareltd.com/provider-directory-nhia/,2026-04-23T11:40:35Z,LA/0934/P
nhia_hcp_0904,Avon Medical Services LTD,hospital,Lagos,,,Lagos state,,,NHIA directory code LA/1784/P,,,area,https://integratedhealthcareltd.com/provider-directory-nhia/,2026-04-23T11:40:35Z,LA/1784/P
nhia_hcp_0905,Ayo Clinic,clinic,Lagos,,,"No. 8 Alapere Street , Ketu Lagos",,,NHIA directory code LA/0252/P,,,area,https://integratedhealthcareltd.com/provider-directory-nhia/,2026-04-23T11:40:35Z,LA/0252/P
nhia_hcp_0906,AYODELE MEDICAL CENTRE,clinic,Lagos,,,"NO 1, AYODELE CLOSE, BY ADEJONWO STREET, OFF JONATHAN COKER ROAD, BY FEGBA JUNCTION, IJU - LAGOS.",,,NHIA directory code LA/0643/P,,,area,https://integratedhealthcareltd.com/provider-directory-nhia/,2026-04-23T11:40:35Z,LA/0643/P
nhia_hcp_0907,Balda Hospital & Maternity,clinic,Lagos,,,"No 31, Itsekiri Street, Iju-Ajuwon, Lagos",,,NHIA directory code LA/0640/P,,,area,https://integratedhealthcareltd.com/provider-directory-nhia/,2026-04-23T11:40:35Z,LA/0640/P
nhia_hcp_0908,"Barbinton Medical Centre,ketu",clinic,Lagos,,,No. 9 Samuel Anibaba Street Iyana School Bus Stop Ketu Lagos,,,NHIA directory code LA/0004/P,,,area,https://integratedhealthcareltd.com/provider-directory-nhia/,2026-04-23T11:40:35Z,LA/0004/P
nhia_hcp_0909,Barnes Hospital,hospital,Lagos,,,"Plot 34B Oniru Rd, Dideolu Estate, Victoria Island, Lagos.",,,NHIA directory code LA/0622/P,,,area,https://integratedhealthcareltd.com/provider-directory-nhia/,2026-04-23T11:40:35Z,LA/0622/P
nhia_hcp_0910,BCL Clinic,clinic,Lagos,,,"10, MacDonald Road, Ikoyi, Lagos",,,NHIA directory code LA/0502/P,,,area,https://integratedhealthcareltd.com/provider-directory-nhia/,2026-04-23T11:40:35Z,LA/0502/P
nhia_hcp_0911,BEE HESS HOSPITAL,hospital,Lagos,,,LAGOS,,,NHIA directory code LA/1794/P,,,area,https://integratedhealthcareltd.com/provider-directory-nhia/,2026-04-23T11:40:35Z,LA/1794/P
nhia_hcp_0912,Best Hope Hospital Limited,hospital,Lagos,,,40 Alaromi St Off Layi Oyekanmi St Mushin,,,NHIA directory code LA/0627/P,,,area,https://integratedhealthcareltd.com/provider-directory-nhia/,2026-04-23T11:40:35Z,LA/0627/P
nhia_hcp_0913,Bestcare Hospital,hospital,Lagos,,,"2A Keffi Street, South-West Ikoyi",,,NHIA directory code LA/1204/P,,,area,https://integratedhealthcareltd.com/provider-directory-nhia/,2026-04-23T11:40:35Z,LA/1204/P
nhia_hcp_0914,Bethesda Family Clinic and Maternity,clinic,Lagos,,,"207 Road, A Close House 6. Festac Town Lagos",,,NHIA directory code LA/0659/P,,,area,https://integratedhealthcareltd.com/provider-directory-nhia/,2026-04-23T11:40:35Z,LA/0659/P
nhia_hcp_0915,Betta Hospitals Ltd.,hospital,Lagos,,,"9-11 Coker Street, Ipaja Road, Agege, Lagos",,,NHIA directory code LA/0014/P,,,area,https://integratedhealthcareltd.com/provider-directory-nhia/,2026-04-23T11:40:35Z,LA/0014/P
nhia_hcp_0916,Blooming Care Hospital,hospital,Lagos,,,Lagos,,,NHIA directory code LA/1719/P,,,area,https://integratedhealthcareltd.com/provider-directory-nhia/,2026-04-23T11:40:35Z,LA/1719/P
nhia_hcp_0917,Blue Cross Hospital,hospital,Lagos,,,"48 Ijaiye Road, Ogba",,,NHIA directory code LA/1311/P,,,area,https://integratedhealthcareltd.com/provider-directory-nhia/,2026-04-23T11:40:35Z,LA/1311/P
nhia_hcp_0918,Bodet Medicare & Maternity,clinic,Lagos,,,"6/8 Odewale St. Alausa, Ikeja",,,NHIA directory code LA/0176/P,,,area,https://integratedhealthcareltd.com/provider-directory-nhia/,2026-04-23T11:40:35Z,LA/0176/P
nhia_hcp_0919,Bola Hospital And Maternity Home,clinic,Lagos,,,"No 30 Akiti avenue, off Oka Road By Gidion B/stop Isolo, Lagos",,,NHIA directory code LA/0623/P,,,area,https://integratedhealthcareltd.com/provider-directory-nhia/,2026-04-23T11:40:35Z,LA/0623/P
nhia_hcp_0920,Bose Specialist Hospital,hospital,Lagos,,,"7,Ilori Street, Ire-Akari Estate, Isolo",,,NHIA directory code LA/0363/P,,,area,https://integratedhealthcareltd.com/provider-directory-nhia/,2026-04-23T11:40:35Z,LA/0363/P
nhia_hcp_0921,BRAFUS SPECIALIST HOSPITAL,hospital,Lagos,,,"1B AJAYI ROAD, OGBA, P.O. Box 21, Oshopey Plaza, Allen Avenue, Ikeja,Lagos.",,,NHIA directory code LA/0177/P,,,area,https://integratedhealthcareltd.com/provider-directory-nhia/,2026-04-23T11:40:35Z,LA/0177/P
nhia_hcp_0922,Broad Hospital & Materinty,hospital,Lagos,,,"17 Fehintola Street , Off Isijola Street Ikotun Lagos",,,NHIA directory code LA/0045/P,,,area,https://integratedhealthcareltd.com/provider-directory-nhia/,2026-04-23T11:40:35Z,LA/0045/P
nhia_hcp_0923,Calvery Grace Hospital,hospital,Lagos,,,"Lagos Badagry Express Way, IyanaIba B/Stop, Opp. LASU, Ojo",,,NHIA directory code LA/1207/P,,,area,https://integratedhealthcareltd.com/provider-directory-nhia/,2026-04-23T11:40:35Z,LA/1207/P
nhia_hcp_0924,Christ Foundation Clinic,clinic,Lagos,,,"68 Alhaja Sinatu Ajayi Road, Morogbo Agbara, Lagos",,,NHIA directory code LA/0704/P,,,area,https://integratedhealthcareltd.com/provider-directory-nhia/,2026-04-23T11:40:35Z,LA/0704/P
nhia_hcp_0925,CITIZEN MEDICAL CENTER,clinic,Lagos,,,86 NORMAN WILLIAMS STREET S/W IKOYI,,,NHIA directory code LA/0985/P,,,area,https://integratedhealthcareltd.com/provider-directory-nhia/,2026-04-23T11:40:35Z,LA/0985/P
nhia_hcp_0926,CONTINENTAL HOSPITAL AND MATERNITY HOME,clinic,Lagos,,,"11 AGO-OWU ST OFF KAYODE ST ONIPANU, Lagos",,,NHIA directory code LA/0616/P,,,area,https://integratedhealthcareltd.com/provider-directory-nhia/,2026-04-23T11:40:35Z,LA/0616/P
nhia_hcp_0927,Cosmoderm Medical Centre,clinic,Lagos,,,"202, Awolowo Road, Folomo, Ikoyi, Lagos.",,,NHIA directory code LA/0138/P,,,area,https://integratedhealthcareltd.com/provider-directory-nhia/,2026-04-23T11:40:35Z,LA/0138/P
nhia_hcp_0928,Cottage Hospital/Comprehensive Health Centre,clinic,Lagos,,,"Police College, Ikeja, Lagos State",,,NHIA directory code LA/0589/P,,,area,https://integratedhealthcareltd.com/provider-directory-nhia/,2026-04-23T11:40:35Z,LA/0589/P
nhia_hcp_0929,County Hospital Ltd.,hospital,Lagos,,,"43-45 Isheri Road, Agudu - Ogba Ikeja Lagos.",,,NHIA directory code LA/0009/P,,,area,https://integratedhealthcareltd.com/provider-directory-nhia/,2026-04-23T11:40:35Z,LA/0009/P
nhia_hcp_0930,CRI Mediclinic Lekki Vgc,hospital,Lagos,,,Plot 232 Road 1 Vgc Lekki Epc Expressway Lagos,,,NHIA directory code LA/0374/P,,,area,https://integratedhealthcareltd.com/provider-directory-nhia/,2026-04-23T11:40:35Z,LA/0374/P
nhia_hcp_0931,Crystal Specialist Hospital,hospital,Lagos,,,"148, Akowonjo Road, Dopemu, Lagos.",,,NHIA directory code LA/0539/P,,,area,https://integratedhealthcareltd.com/provider-directory-nhia/,2026-04-23T11:40:35Z,LA/0539/P
nhia_hcp_0932,Dako Medical Centre (Hosp. & Mat. Home),clinic,Lagos,,,"225b Kirikiri Rd., Trinity Bus Stop, Olodi, Apapa, Lagos.",,,NHIA directory code LA/0090/P,,,area,https://integratedhealthcareltd.com/provider-directory-nhia/,2026-04-23T11:40:35Z,LA/0090/P
nhia_hcp_0933,DaySpring Hospital & Maternity,clinic,Lagos,,,1 Papoola Street Off Isijola Street Ikotun Lagos,,,NHIA directory code LA/0690/P,,,area,https://integratedhealthcareltd.com/provider-directory-nhia/,2026-04-23T11:40:35Z,LA/0690/P
nhia_hcp_0934,Deji Clinic,clinic,Lagos,,,"1, Atilade Adebowale Str, Off Daddy Savage Str, Fagba, Iju Ishaga, Lagos",,,NHIA directory code LA/0007/P,,,area,https://integratedhealthcareltd.com/provider-directory-nhia/,2026-04-23T11:40:35Z,LA/0007/P
nhia_hcp_0935,Deji Clinic Ltd.,clinic,Lagos,,,"19 Demurin Street, Catop Chicken George Ketu Lagos",,,NHIA directory code LA/0251/P,,,area,https://integratedhealthcareltd.com/provider-directory-nhia/,2026-04-23T11:40:35Z,LA/0251/P
nhia_hcp_0936,Delta Crown Hospital & Mat. Home,hospital,Lagos,,,"14, Ajayi Street, Ketu, Lagos",,,NHIA directory code LA/0533/P,,,area,https://integratedhealthcareltd.com/provider-directory-nhia/,2026-04-23T11:40:35Z,LA/0533/P
nhia_hcp_0937,Divine Blessing Hospital,hospital,Lagos,,,"1 Aruna Ayuba Close, Akesan, Lagos",,,NHIA directory code LA/1301/P,,,area,https://integratedhealthcareltd.com/provider-directory-nhia/,2026-04-23T11:40:35Z,LA/1301/P
nhia_hcp_0938,Divine -Grace Medical Centre,clinic,Lagos,,,"3, Sobogun Rofa Street, Off Airport Road Mafoloku-Oshodi Lagos",,,NHIA directory code LA/0354/P,,,area,https://integratedhealthcareltd.com/provider-directory-nhia/,2026-04-23T11:40:35Z,LA/0354/P
nhia_hcp_0939,Dolu Hospital,hospital,Lagos,,,7.Sunmola Abayomi Str. Motoluku Lagos,,,NHIA directory code LA/0351/P,,,area,https://integratedhealthcareltd.com/provider-directory-nhia/,2026-04-23T11:40:35Z,LA/0351/P
nhia_hcp_0940,Donas Hospital and Maternity,clinic,Lagos,,,67 Owulade Avenue Irawo Bus/Stop Owode,,,NHIA directory code LA/0639/P,,,area,https://integratedhealthcareltd.com/provider-directory-nhia/,2026-04-23T11:40:35Z,LA/0639/P
nhia_hcp_0941,Doren Specialist Hospital,hospital,Lagos,,,"1 Kemfat Road , Thomas Estate, Ajah. 0",,,NHIA directory code LA/0134/P,,,area,https://integratedhealthcareltd.com/provider-directory-nhia/,2026-04-23T11:40:35Z,LA/0134/P
nhia_hcp_0942,DUNIA HOSPITAL,hospital,Lagos,,,47 OLD OKO OBA RD. AGEGE,,,NHIA directory code LA/0991/P,,,area,https://integratedhealthcareltd.com/provider-directory-nhia/,2026-04-23T11:40:35Z,LA/0991/P
nhia_hcp_0943,Duro Soleye Hospital,hospital,Lagos,,,"Duro Soleye Hospital,34 Allen Avenue,Ikeja",,,NHIA directory code LA/1259/P,,,area,https://integratedhealthcareltd.com/provider-directory-nhia/,2026-04-23T11:40:35Z,LA/1259/P
nhia_hcp_0944,Ebenezer Specialist Hospital,hospital,Lagos,,,"355 Agege Motor Road Challenge B/Stop, Mushin",,,NHIA directory code LA/0305/P,,,area,https://integratedhealthcareltd.com/provider-directory-nhia/,2026-04-23T11:40:35Z,LA/0305/P
nhia_hcp_0945,"Eko Hospital, Ikeja",hospital,Lagos,,,"31, Mobolaji Bank, Anthony Way Ikeja",,,NHIA directory code LA/0174/P,,,area,https://integratedhealthcareltd.com/provider-directory-nhia/,2026-04-23T11:40:35Z,LA/0174/P
nhia_hcp_0946,Elegbeleye Specialist Hospital,hospital,Lagos,,,"1, Elegbeleye Street, Ikosi-Ketu, Lagos",,,NHIA directory code LA/0566/P,,,area,https://integratedhealthcareltd.com/provider-directory-nhia/,2026-04-23T11:40:35Z,LA/0566/P
nhia_hcp_0947,Elphy Hospital,hospital,Lagos,,,"6, Task Force Rd, By PPL B/S, Okokomaiko, Lagos",,,NHIA directory code LA/0705/P,,,area,https://integratedhealthcareltd.com/provider-directory-nhia/,2026-04-23T11:40:35Z,LA/0705/P
nhia_hcp_0948,Emel Hospital,hospital,Lagos,,,"21 Road Z Close,Festac Town",,,NHIA directory code LA/0085/P,,,area,https://integratedhealthcareltd.com/provider-directory-nhia/,2026-04-23T11:40:35Z,LA/0085/P
nhia_hcp_0949,Ericon Clinic and Maternity,clinic,Lagos,,,"8 Ladipo Close, Olodi Apapa Lagos",,,NHIA directory code LA/0693/P,,,area,https://integratedhealthcareltd.com/provider-directory-nhia/,2026-04-23T11:40:35Z,LA/0693/P
nhia_hcp_0950,Estate Clinic & Holy Trinity Hospital,clinic,Lagos,,,"110b Awolowo Way, Ikeja, Lagos",,,NHIA directory code LA/0201/P,,,area,https://integratedhealthcareltd.com/provider-directory-nhia/,2026-04-23T11:40:35Z,LA/0201/P
nhia_hcp_0951,Ever- Life Hospital,hospital,Lagos,,,"3, Peter Edoso Street, Ijanikin, Pako-iyanera busstop, Lagos State",,,NHIA directory code LA/1501/P,,,area,https://integratedhealthcareltd.com/provider-directory-nhia/,2026-04-23T11:40:35Z,LA/1501/P
nhia_hcp_0952,Fabma Hospital,hospital,Lagos,,,"1 muyiwa close off Ajayi Road,Ogba Ifako LGA Lagos.",,,NHIA directory code LA/0560/P,,,area,https://integratedhealthcareltd.com/provider-directory-nhia/,2026-04-23T11:40:35Z,LA/0560/P
nhia_hcp_0953,Fafolu Medical Centre,clinic,Lagos,,,"22, Fafolu Street, Olorunshogo, Lagos",,,NHIA directory code LA/0932/P,,,area,https://integratedhealthcareltd.com/provider-directory-nhia/,2026-04-23T11:40:35Z,LA/0932/P
nhia_hcp_0954,"Faith City Hospital, Ajao -estate",hospital,Lagos,,,"16, Asa-Afariogun Street, Off Osolo Way, Ajao Estate, Lagos.",,,NHIA directory code LA/0541/P,,,area,https://integratedhealthcareltd.com/provider-directory-nhia/,2026-04-23T11:40:35Z,LA/0541/P
nhia_hcp_0955,"Faith City Hospital, V/I",hospital,Lagos,,,"2B, Oko-Awo Close, V/Island, Lagos",,,NHIA directory code LA/0543/P,,,area,https://integratedhealthcareltd.com/provider-directory-nhia/,2026-04-23T11:40:35Z,LA/0543/P
nhia_hcp_0956,Faleti Medical Centre,clinic,Lagos,,,"204, Kirikiri Road, Trinity B/Stop, Olodi, Apapa, Lagos.",,,NHIA directory code LA/0097/P,,,area,https://integratedhealthcareltd.com/provider-directory-nhia/,2026-04-23T11:40:35Z,LA/0097/P
nhia_hcp_0957,Fasanmi Clinic And Maternity,clinic,Lagos,,,5/7 Olori Str. Shogunle Ikeja,,,NHIA directory code LA/0184/P,,,area,https://integratedhealthcareltd.com/provider-directory-nhia/,2026-04-23T11:40:35Z,LA/0184/P
nhia_hcp_0958,Federal Medical Centre - Ebute Metta,clinic,Lagos,,,"PMB 1097, Ebute-Metta",,,NHIA directory code LA/0279/P,,,area,https://integratedhealthcareltd.com/provider-directory-nhia/,2026-04-23T11:40:35Z,LA/0279/P
nhia_hcp_0959,FEMOLA HOSPITAL,hospital,Lagos,,,"106, OLOTO RING ROAD, IJANIKIN,Lagos.",,,NHIA directory code LA/0339/P,,,area,https://integratedhealthcareltd.com/provider-directory-nhia/,2026-04-23T11:40:35Z,LA/0339/P
nhia_hcp_0960,Finnih Medical Centre,clinic,Lagos,,,"42, Oduduwa Crescent G.R.A, Ikeja.",,,NHIA directory code LA/0528/P,,,area,https://integratedhealthcareltd.com/provider-directory-nhia/,2026-04-23T11:40:35Z,LA/0528/P
nhia_hcp_0961,"FIRST CITY HOSPITAL, LEKKI",hospital,Lagos,,,OSAPA LONDON LEKKI PENINSULA,,,NHIA directory code LA/0994/P,,,area,https://integratedhealthcareltd.com/provider-directory-nhia/,2026-04-23T11:40:35Z,LA/0994/P
nhia_hcp_0962,First Cross Hospital,hospital,Lagos,,,"No. 2 Oshofisan Street, Off Karounwi Street,Itire,surulere, Lagos.",,,NHIA directory code LA/0442/P,,,area,https://integratedhealthcareltd.com/provider-directory-nhia/,2026-04-23T11:40:35Z,LA/0442/P
nhia_hcp_0963,First Dominican Hospital Ltd,hospital,Lagos,,,"27, Alhaji Masha Road, by masha bustop, Surulere, Lagos.",,,NHIA directory code LA/0448/P,,,area,https://integratedhealthcareltd.com/provider-directory-nhia/,2026-04-23T11:40:35Z,LA/0448/P
nhia_hcp_0964,First Faith Med. Centre Ltd.,hospital,Lagos,,,"2, Kekere Ekun Str., Orile Iganmu, Lagos.",,,NHIA directory code LA/0059/P,,,area,https://integratedhealthcareltd.com/provider-directory-nhia/,2026-04-23T11:40:35Z,LA/0059/P
nhia_hcp_0965,"FIRST FAITH MEDICAL CENTRE, SURULERE",clinic,Lagos,,,"5, KARIMU COKER ORILE IGANMU",,,NHIA directory code LA/0995/P,,,area,https://integratedhealthcareltd.com/provider-directory-nhia/,2026-04-23T11:40:35Z,LA/0995/P
nhia_hcp_0966,First Line Hospital,hospital,Lagos,,,"2nd Avenue House 14 By 207 Road Junction, Festac Town Lagos.",,,NHIA directory code LA/0644/P,,,area,https://integratedhealthcareltd.com/provider-directory-nhia/,2026-04-23T11:40:35Z,LA/0644/P
nhia_hcp_0967,Folarin Fountain Hospital & Maternity Home,clinic,Lagos,,,"9B Aderibigbe Shitta Street,P.O.Box 7599, Maryland, ikeja.",,,NHIA directory code LA/0259/P,,,area,https://integratedhealthcareltd.com/provider-directory-nhia/,2026-04-23T11:40:35Z,LA/0259/P
nhia_hcp_0968,G. Estate Clinic,clinic,Lagos,,,"Plot 40A, 33 Road, Behind Bethview School, Gowon Estata, Ipaja, Lagos.",,,NHIA directory code LA/0688/P,,,area,https://integratedhealthcareltd.com/provider-directory-nhia/,2026-04-23T11:40:35Z,LA/0688/P
nhia_hcp_0969,General Hospital Apapa,hospital,Lagos,,,"16, Ibikunle Akintoye Str, Off Randle Rd, Apapa",,,NHIA directory code LA/0716/P,,,area,https://integratedhealthcareltd.com/provider-directory-nhia/,2026-04-23T11:40:35Z,LA/0716/P
nhia_hcp_0970,General Hospital Gbagada,hospital,Lagos,,,"GBAGADA, Lagos.",,,NHIA directory code LA/0403/P,,,area,https://integratedhealthcareltd.com/provider-directory-nhia/,2026-04-23T11:40:35Z,LA/0403/P
nhia_hcp_0971,General hospital lagos odan,hospital,Lagos,,,lagos,,,NHIA directory code LA/0564/P,,,area,https://integratedhealthcareltd.com/provider-directory-nhia/,2026-04-23T11:40:35Z,LA/0564/P
nhia_hcp_0972,"General Hospital, Badagry",hospital,Lagos,,,Badagry,,,NHIA directory code LA/0111/P,,,area,https://integratedhealthcareltd.com/provider-directory-nhia/,2026-04-23T11:40:35Z,LA/0111/P
nhia_hcp_0973,"GENERAL HOSPITAL, EPE",hospital,Lagos,,,"Epe, Lagos state.",,,NHIA directory code LA/0125/P,,,area,https://integratedhealthcareltd.com/provider-directory-nhia/,2026-04-23T11:40:35Z,LA/0125/P
nhia_hcp_0974,"General Hospital, Gbagada",hospital,Lagos,,,"Gbagada, Kosofe LGA, Lagos.",,,NHIA directory code LA/0519/P,,,area,https://integratedhealthcareltd.com/provider-directory-nhia/,2026-04-23T11:40:35Z,LA/0519/P
nhia_hcp_0975,"General Hospital, Ikorodu",hospital,Lagos,,,"Tos Benson Road, Ebute Ikorodu, Lagos.",,,NHIA directory code LA/0238/P,,,area,https://integratedhealthcareltd.com/provider-directory-nhia/,2026-04-23T11:40:35Z,LA/0238/P
nhia_hcp_0976,"General Hospital, Isolo",hospital,Lagos,,,"NO 121 MUSHI ROADIsolo, Lagos",,,NHIA directory code LA/0370/P,,,area,https://integratedhealthcareltd.com/provider-directory-nhia/,2026-04-23T11:40:35Z,LA/0370/P
nhia_hcp_0977,"General Hospital, Mushin",hospital,Lagos,,,"48, oliyide street, Mushin, Lagos State",,,NHIA directory code LA/1677/P,,,area,https://integratedhealthcareltd.com/provider-directory-nhia/,2026-04-23T11:40:35Z,LA/1677/P
nhia_hcp_0978,"General Hospital, Orile-Agege",hospital,Lagos,,,Orile-Agege,,,NHIA directory code LA/0012/P,,,area,https://integratedhealthcareltd.com/provider-directory-nhia/,2026-04-23T11:40:35Z,LA/0012/P
nhia_hcp_0979,Geo-marie Hospital,hospital,Lagos,,,"35, AdePegbu Street, Abule-Egba, Lagos",,,NHIA directory code LA/0636/P,,,area,https://integratedhealthcareltd.com/provider-directory-nhia/,2026-04-23T11:40:35Z,LA/0636/P
nhia_hcp_0980,Germaine Health Centre,clinic,Lagos,,,"Km 14 Lagos/Epe Expressway, Lekki, Lagos.",,,NHIA directory code LA/0145/P,,,area,https://integratedhealthcareltd.com/provider-directory-nhia/,2026-04-23T11:40:35Z,LA/0145/P
nhia_hcp_0981,GLORIA HOSPITAL,hospital,Lagos,,,"9, OLADEINDE STR., ANTHONY VILLAGE, Lagos",,,NHIA directory code LA/0254/P,,,area,https://integratedhealthcareltd.com/provider-directory-nhia/,2026-04-23T11:40:35Z,LA/0254/P
nhia_hcp_0982,Golden Cross Infirmary Hospital and Maternity Home Ltd.,clinic,Lagos,,,"2nd Avenue, 22 Road, Festac Town Lagos",,,NHIA directory code LA/0699/P,,,area,https://integratedhealthcareltd.com/provider-directory-nhia/,2026-04-23T11:40:35Z,LA/0699/P
nhia_hcp_0983,Good Faith Clinic,clinic,Lagos,,,"19, Ojo-Giwa Street, Off Idumagbo Avenue, Lagos.",,,NHIA directory code LA/0269/P,,,area,https://integratedhealthcareltd.com/provider-directory-nhia/,2026-04-23T11:40:35Z,LA/0269/P
nhia_hcp_0984,GOODTIDINGS HOSPITAL,hospital,Lagos,,,"37/39 FASORO STREET, SURULERE",,,NHIA directory code LA/0998/P,,,area,https://integratedhealthcareltd.com/provider-directory-nhia/,2026-04-23T11:40:35Z,LA/0998/P
nhia_hcp_0985,Goodwill Family Hospital,hospital,Lagos,,,84 Oluwa Street Ladega Bus Stop Olodi Apapa Lagos,,,NHIA directory code LA/0700/P,,,area,https://integratedhealthcareltd.com/provider-directory-nhia/,2026-04-23T11:40:35Z,LA/0700/P
nhia_hcp_0986,Grace-Land Medical Center,clinic,Lagos,,,"147, Badagry Expressway opposite vollkwagen.Km5 Lasu-isheri",,,NHIA directory code LA/0112/P,,,area,https://integratedhealthcareltd.com/provider-directory-nhia/,2026-04-23T11:40:35Z,LA/0112/P
nhia_hcp_0987,Hamkad Hospital,hospital,Lagos,,,39 Olawale Cole Street U-turn B/Stop Abule Egba,,,NHIA directory code LA/0687/P,,,area,https://integratedhealthcareltd.com/provider-directory-nhia/,2026-04-23T11:40:35Z,LA/0687/P
nhia_hcp_0988,Hanoba Medical Centre,clinic,Lagos,,,"23, Boyce Street, Onikan, Lagos",,,NHIA directory code LA/0661/P,,,area,https://integratedhealthcareltd.com/provider-directory-nhia/,2026-04-23T11:40:35Z,LA/0661/P
nhia_hcp_0989,HEALING STRIPES HOSPITAL,hospital,Lagos,,,"6A/B, Prince Alaba Oniru Way V.I Lagos Nigeria",,,NHIA directory code LA/1878/P,,,area,https://integratedhealthcareltd.com/provider-directory-nhia/,2026-04-23T11:40:35Z,LA/1878/P
nhia_hcp_0990,Heals Specialist Hospital,hospital,Lagos,,,"40B, Godwin Omonua Street, Ireakari Estate.",,,NHIA directory code LA/0549/P,,,area,https://integratedhealthcareltd.com/provider-directory-nhia/,2026-04-23T11:40:35Z,LA/0549/P
nhia_hcp_0991,High Rocks Hospital,hospital,Lagos,,,"38 Afariogun street, Oshodi",,,NHIA directory code LA/0668/P,,,area,https://integratedhealthcareltd.com/provider-directory-nhia/,2026-04-23T11:40:35Z,LA/0668/P
nhia_hcp_0992,Hillstar Clinics,hospital,Lagos,,,"MUSHIN, LAGOS",,,NHIA directory code LA/0311/P,,,area,https://integratedhealthcareltd.com/provider-directory-nhia/,2026-04-23T11:40:35Z,LA/0311/P
nhia_hcp_0993,Hilton Hospital,hospital,Lagos,,,"2 Berger Street, Olodi, Apapa, Lagos",,,NHIA directory code LA/0102/P,,,area,https://integratedhealthcareltd.com/provider-directory-nhia/,2026-04-23T11:40:35Z,LA/0102/P
nhia_hcp_0994,HOLINESS HOSPITAL,hospital,Lagos,,,"3, MODUPEOLA STREET,OFF AKEJA ROADBEHIND MUSLIM COLL. ILE IWE B/STOP",,,NHIA directory code LA/1001/P,,,area,https://integratedhealthcareltd.com/provider-directory-nhia/,2026-04-23T11:40:35Z,LA/1001/P
nhia_hcp_0995,HOLY FAMILY CATHOLIC MEDICAL CENTER,clinic,Lagos,,,22 RD FESTAC TOWN,,,NHIA directory code LA/1002/P,,,area,https://integratedhealthcareltd.com/provider-directory-nhia/,2026-04-23T11:40:35Z,LA/1002/P
nhia_hcp_0996,Holy Saviour Hosp. Clinic & Mat. Home,clinic,Lagos,,,"45/47 Mofoluku Road Garage Bus Stop, Oshodi",,,NHIA directory code LA/0355/P,,,area,https://integratedhealthcareltd.com/provider-directory-nhia/,2026-04-23T11:40:35Z,LA/0355/P
nhia_hcp_0997,Holy Trinity Hospital,hospital,Lagos,,,1108 Awolowo Way Ikeja Lagos,,,NHIA directory code LA/0187/P,,,area,https://integratedhealthcareltd.com/provider-directory-nhia/,2026-04-23T11:40:35Z,LA/0187/P
nhia_hcp_0998,Hova's Place Hospital & Clini,hospital,Lagos,,,"PLOT 122A, P CLOSE,",,,NHIA directory code LA/0063/P,,,area,https://integratedhealthcareltd.com/provider-directory-nhia/,2026-04-23T11:40:35Z,LA/0063/P
nhia_hcp_0999,Idowu Specialist Hospital,hospital,Lagos,,,"12, Agba Oku Street Off Opebi Rd. Ikeja",,,NHIA directory code LA/0727/P,,,area,https://integratedhealthcareltd.com/provider-directory-nhia/,2026-04-23T11:40:35Z,LA/0727/P
nhia_hcp_1000,IFPF HOSPITAL,hospital,Lagos,,,"5, Oki lane Mende, Maryland Lagos.",,,NHIA directory code LA/1837/P,,,area,https://integratedhealthcareltd.com/provider-directory-nhia/,2026-04-23T11:40:35Z,LA/1837/P
nhia_hcp_1001,Ikeja Medical Centre,clinic,Lagos,,,"11 Ogun Modede Street Off, Allen Avenue , Ikeja",,,NHIA directory code LA/0186/P,,,area,https://integratedhealthcareltd.com/provider-directory-nhia/,2026-04-23T11:40:35Z,LA/0186/P
nhia_hcp_1002,Ikorodu Hospital & Clinic.,clinic,Lagos,,,"9, Muniratu Alojo Street,Off Lagos Road By Afribank,Ikorodu",,,NHIA directory code LA/0239/P,,,area,https://integratedhealthcareltd.com/provider-directory-nhia/,2026-04-23T11:40:35Z,LA/0239/P
nhia_hcp_1003,IMPERIAL MEDICAL CENTER,clinic,Lagos,,,"65 BRICKFIELD ROAD, EBUTE METTA WEST",,,NHIA directory code LA/1004/P,,,area,https://integratedhealthcareltd.com/provider-directory-nhia/,2026-04-23T11:40:35Z,LA/1004/P
nhia_hcp_1004,Inland Specialist Hospital,hospital,Lagos,,,"11 Bola Owodunni Street, Behind Eskay Filling Station, Alapere, Ketu",,,NHIA directory code LA/1245/P,,,area,https://integratedhealthcareltd.com/provider-directory-nhia/,2026-04-23T11:40:35Z,LA/1245/P
nhia_hcp_1005,Inland Specialist Hospital,hospital,Lagos,,,"Inland Specialist Hospital - 153, Ogudu Road GRA, Ojota",,,NHIA directory code LA/1410/P,,,area,https://integratedhealthcareltd.com/provider-directory-nhia/,2026-04-23T11:40:35Z,LA/1410/P
nhia_hcp_1006,ISALU HOSPITAL,hospital,Lagos,,,"10 MEMPCORD, AGIDGBI ROAD , Lagos",,,NHIA directory code LA/0724/P,,,area,https://integratedhealthcareltd.com/provider-directory-nhia/,2026-04-23T11:40:35Z,LA/0724/P
nhia_hcp_1007,Ituah Hospital Ltd.,hospital,Lagos,,,512 Road J. Close Festac Town Lagos,,,NHIA directory code LA/0082/P,,,area,https://integratedhealthcareltd.com/provider-directory-nhia/,2026-04-23T11:40:35Z,LA/0082/P
nhia_hcp_1008,Iyalode Bisoye Tejuoso Hospital,hospital,Lagos,,,"18-20 Ilupeju Bye-Pass Road, Ilupeju, Lagos.",,,NHIA directory code LA/0320/P,,,area,https://integratedhealthcareltd.com/provider-directory-nhia/,2026-04-23T11:40:35Z,LA/0320/P
nhia_hcp_1009,J. Rapha Clinic,clinic,Lagos,,,"Addo-Lamgbasa Road, Off Epe Expreeway, Lagos",,,NHIA directory code LA/0143/P,,,area,https://integratedhealthcareltd.com/provider-directory-nhia/,2026-04-23T11:40:35Z,LA/0143/P
nhia_hcp_1010,Jaiyeola clinic,clinic,Lagos,,,"4 Bankole Street by Famous Bust Stop, Pedro, Shomolu, Bariga",,,NHIA directory code LA/1275/P,,,area,https://integratedhealthcareltd.com/provider-directory-nhia/,2026-04-23T11:40:35Z,LA/1275/P
nhia_hcp_1011,Jakupon EState Hospital,hospital,Lagos,,,63 Bode Thomas Street Lagos,,,NHIA directory code LA/0748/P,,,area,https://integratedhealthcareltd.com/provider-directory-nhia/,2026-04-23T11:40:35Z,LA/0748/P
nhia_hcp_1012,Jeffis Specialist Hospital,hospital,Lagos,,,"9 Adegbola Street, Alakuku, Lagos",,,NHIA directory code LA/0858/P,,,area,https://integratedhealthcareltd.com/provider-directory-nhia/,2026-04-23T11:40:35Z,LA/0858/P
nhia_hcp_1013,Jobi Clinic & Maternity Hospital,clinic,Lagos,,,3/5 Adeyeri Owuyo St Ikorodu,,,NHIA directory code LA/0647/P,,,area,https://integratedhealthcareltd.com/provider-directory-nhia/,2026-04-23T11:40:35Z,LA/0647/P
nhia_hcp_1014,Jones Specialist Hospital,hospital,Lagos,,,"54 Isolo Road, Egbe",,,NHIA directory code LA/1380/P,,,area,https://integratedhealthcareltd.com/provider-directory-nhia/,2026-04-23T11:40:35Z,LA/1380/P
nhia_hcp_1015,Kiladejo Hospital & Specialist Clinics,hospital,Lagos,,,15ppl Road Off Ppl Bus Stop Badagry Expressway Lagos,,,NHIA directory code LA/0332/P,,,area,https://integratedhealthcareltd.com/provider-directory-nhia/,2026-04-23T11:40:35Z,LA/0332/P
nhia_hcp_1016,Kings Hospital,hospital,Lagos,,,"17B Bourdillon Road Ikoyi, Lagos. . kingshosp@yahoo.com",,,NHIA directory code LA/0135/P,,,area,https://integratedhealthcareltd.com/provider-directory-nhia/,2026-04-23T11:40:35Z,LA/0135/P
nhia_hcp_1017,Krown Hospital & Maternity Centre,clinic,Lagos,,,"11, Alhaji Sekoni Street, Off Alimosho Rd, Iyana-Ipaja, Lagos.",,,NHIA directory code LA/0554/P,,,area,https://integratedhealthcareltd.com/provider-directory-nhia/,2026-04-23T11:40:35Z,LA/0554/P
nhia_hcp_1018,Kunlade Hospital,hospital,Lagos,,,"7 Opeki Road, Olude Ipaja, Lagos",,,NHIA directory code LA/1307/P,,,area,https://integratedhealthcareltd.com/provider-directory-nhia/,2026-04-23T11:40:35Z,LA/1307/P
nhia_hcp_1019,Kupa Medical Centre Ltd,clinic,Lagos,,,"4, Lateef Salami Street, Off M/M In''tl Airport Rd. Ajao Estate, Lagos.",,,NHIA directory code LA/0529/P,,,area,https://integratedhealthcareltd.com/provider-directory-nhia/,2026-04-23T11:40:35Z,LA/0529/P
nhia_hcp_1020,Labi Hospital & Maternity,clinic,Lagos,,,"13 Oziegbe Street, Ilupeju",,,NHIA directory code LA/0613/P,,,area,https://integratedhealthcareltd.com/provider-directory-nhia/,2026-04-23T11:40:35Z,LA/0613/P
nhia_hcp_1021,Ladi-lak Medical Centre,clinic,Lagos,,,"No 53 IGY Ologbin street, Ladi-lak B/Stop, Bariga, Lagos",,,NHIA directory code LA/0599/P,,,area,https://integratedhealthcareltd.com/provider-directory-nhia/,2026-04-23T11:40:35Z,LA/0599/P
nhia_hcp_1022,Lagoon Clinic,clinic,Lagos,,,"11A, Idejo Street, V/Island, Lagos",,,NHIA directory code LA/0524/P,,,area,https://integratedhealthcareltd.com/provider-directory-nhia/,2026-04-23T11:40:35Z,LA/0524/P
nhia_hcp_1023,"Lagoon Hospital, Ikeja",hospital,Lagos,,,"97/101 Obafemi Awolowo Way, Ikeja.",,,NHIA directory code LA/0526/P,,,area,https://integratedhealthcareltd.com/provider-directory-nhia/,2026-04-23T11:40:35Z,LA/0526/P
nhia_hcp_1024,Lagos Mainland Hospital,hospital,Lagos,,,"Abule-Oja, Yaba.",,,NHIA directory code LA/0281/P,,,area,https://integratedhealthcareltd.com/provider-directory-nhia/,2026-04-23T11:40:35Z,LA/0281/P
nhia_hcp_1025,Lagos State University Teach. Hospital,hospital,Lagos,,,"Ikeja, Lagos StateLASUTH CONSOLIDATED REVENUE ACCOUNT.",,,NHIA directory code LA/0563/P,,,area,https://integratedhealthcareltd.com/provider-directory-nhia/,2026-04-23T11:40:35Z,LA/0563/P
nhia_hcp_1026,Lagos Univ. Teach. Hosp.,hospital,Lagos,,,"Idiaraba, lagos 01",,,NHIA directory code LA/0561/P,,,area,https://integratedhealthcareltd.com/provider-directory-nhia/,2026-04-23T11:40:35Z,LA/0561/P
nhia_hcp_1027,Lex Medical Centre,clinic,Lagos,,,"5 Rahat Alabi Street, Iyana Meiran B/Stop, Ijaiye, Lagos",,,NHIA directory code LA/0861/P,,,area,https://integratedhealthcareltd.com/provider-directory-nhia/,2026-04-23T11:40:35Z,LA/0861/P
nhia_hcp_1028,life line children hospital,hospital,Lagos,,,133 OGUNLANA DRIVE SURULERE,,,NHIA directory code LA/1011/P,,,area,https://integratedhealthcareltd.com/provider-directory-nhia/,2026-04-23T11:40:35Z,LA/1011/P
nhia_hcp_1029,Life Link Clinic,clinic,Lagos,,,1B Amosu Street Off Bode Thomas Street By UBA,,,NHIA directory code LA/0754/P,,,area,https://integratedhealthcareltd.com/provider-directory-nhia/,2026-04-23T11:40:35Z,LA/0754/P
nhia_hcp_1030,Light Hospital,hospital,Lagos,,,15 Olumide Onanubi Str Off Folarin Str Alimosho/Off Jimoh B/S Akowonjo,,,NHIA directory code LA/0683/P,,,area,https://integratedhealthcareltd.com/provider-directory-nhia/,2026-04-23T11:40:35Z,LA/0683/P
nhia_hcp_1031,LILY CLINIC,clinic,Lagos,,,,,,NHIA directory code LA/1964/P,,,area,https://integratedhealthcareltd.com/provider-directory-nhia/,2026-04-23T11:40:35Z,LA/1964/P
nhia_hcp_1032,Limad Hospital,hospital,Lagos,,,"No. 30, Abusi Edumare Street, Ajasa Command, Lagos State",,,NHIA directory code LA/1618/P,,,area,https://integratedhealthcareltd.com/provider-directory-nhia/,2026-04-23T11:40:35Z,LA/1618/P
nhia_hcp_1033,Lives Foundation Medicare,hospital,Lagos,,,"61, Ire Akari Estate, Lagos",,,NHIA directory code LA/0367/P,,,area,https://integratedhealthcareltd.com/provider-directory-nhia/,2026-04-23T11:40:35Z,LA/0367/P
nhia_hcp_1034,LIVING SPRING HOSPITAL & MAT. HOME,hospital,Lagos,,,"49, ALAFIA AVENUE OFF AFOLABI OBE STREET ORI-OKE B/STOP, Lagos",,,NHIA directory code LA/0492/P,,,area,https://integratedhealthcareltd.com/provider-directory-nhia/,2026-04-23T11:40:35Z,LA/0492/P
nhia_hcp_1035,LONGE MEDICAL CENTER,clinic,Lagos,,,"126, OLUSEGUN OSOBA ROAD, AGBADO CROSSING, Lagos",,,NHIA directory code LA/1014/P,,,area,https://integratedhealthcareltd.com/provider-directory-nhia/,2026-04-23T11:40:35Z,LA/1014/P
nhia_hcp_1036,Longing Medical Centre,clinic,Lagos,,,"1, Josepha close off Oguntona Str. Ajala Ijaye, Ojokoro, Lagos.",,,NHIA directory code LA/0268/P,,,area,https://integratedhealthcareltd.com/provider-directory-nhia/,2026-04-23T11:40:35Z,LA/0268/P
nhia_hcp_1037,lota medical center,clinic,Lagos,,,"1 mojisola abass street off salvation str powerline b/stop, isheri-olofin",,,NHIA directory code LA/1015/P,,,area,https://integratedhealthcareltd.com/provider-directory-nhia/,2026-04-23T11:40:35Z,LA/1015/P
nhia_hcp_1038,Maciland Medical Centre,clinic,Lagos,,,"51 Lafunke Street, Papa B/Stop, Ijegun Ikotun",,,NHIA directory code LA/1402/P,,,area,https://integratedhealthcareltd.com/provider-directory-nhia/,2026-04-23T11:40:35Z,LA/1402/P
nhia_hcp_1039,Malomo medical center and Maternity home,clinic,Lagos,,,"26/28 Runsewe Estate Avenue, Lagos/Abeokuta express way, Ahmadiyyah area, Lagos State",,,NHIA directory code LA/1498/P,,,area,https://integratedhealthcareltd.com/provider-directory-nhia/,2026-04-23T11:40:35Z,LA/1498/P
nhia_hcp_1040,manifel medical center,clinic,Lagos,,,"192 ijegun road, ikotun",,,NHIA directory code LA/1019/P,,,area,https://integratedhealthcareltd.com/provider-directory-nhia/,2026-04-23T11:40:35Z,LA/1019/P
nhia_hcp_1041,Marien Clinic,clinic,Lagos,,,"7, Montgomery Road, Yaba, Lagos",,,NHIA directory code LA/0291/P,,,area,https://integratedhealthcareltd.com/provider-directory-nhia/,2026-04-23T11:40:35Z,LA/0291/P
nhia_hcp_1042,Masol Hospital Clinic & Mat. Home,clinic,Lagos,,,"8, Kola Akinlade Str., off Akinsegun Rd., Jesu Oseun, Abule Egba, Lagos",,,NHIA directory code LA/0018/P,,,area,https://integratedhealthcareltd.com/provider-directory-nhia/,2026-04-23T11:40:35Z,LA/0018/P
nhia_hcp_1043,MAX-HEALTH CONSULTANT HOSPITAL,hospital,Lagos,,,"Road 1A, House 15, Diamond Estate, Isheri Igando road, Isheri, Lagos.",,,NHIA directory code LA/1872/P,,,area,https://integratedhealthcareltd.com/provider-directory-nhia/,2026-04-23T11:40:35Z,LA/1872/P
nhia_hcp_1044,May Clinics Limited,hospital,Lagos,,,"Doxology House,24/26 Sadiku Str.Ilasamaja,Off Isolo Express",,,NHIA directory code LA/0313/P,,,area,https://integratedhealthcareltd.com/provider-directory-nhia/,2026-04-23T11:40:35Z,LA/0313/P
nhia_hcp_1045,MED-IN SPECIALIST HOSPITAL,hospital,Lagos,,,"1, OSUGBO STREET OGUDU,KOSOFE, Lagos",,,NHIA directory code LA/0265/P,,,area,https://integratedhealthcareltd.com/provider-directory-nhia/,2026-04-23T11:40:35Z,LA/0265/P
nhia_hcp_1046,Mediservices Community Hospital,hospital,Lagos,,,"245 Ipaja Road, Ijaja,Lagos State",,,NHIA directory code LA/1699/P,,,area,https://integratedhealthcareltd.com/provider-directory-nhia/,2026-04-23T11:40:35Z,LA/1699/P
nhia_hcp_1047,Merit Medical Centre,clinic,Lagos,,,25 Wowo Street Olodi Apapa,,,NHIA directory code LA/1211/P,,,area,https://integratedhealthcareltd.com/provider-directory-nhia/,2026-04-23T11:40:35Z,LA/1211/P
nhia_hcp_1048,Mezonel Hospital,hospital,Lagos,,,"1 Adetola Street, Aguda-Surulere, Lagos.",,,NHIA directory code LA/0450/P,,,area,https://integratedhealthcareltd.com/provider-directory-nhia/,2026-04-23T11:40:35Z,LA/0450/P
nhia_hcp_1049,Military Hospital or Creek Hospital,hospital,Lagos,,,"Awolowo Road, Ikoyi, Lagos.",,,NHIA directory code LA/0508/P,,,area,https://integratedhealthcareltd.com/provider-directory-nhia/,2026-04-23T11:40:35Z,LA/0508/P
nhia_hcp_1050,Mobonike-T Medical Centre,clinic,Lagos,,,"42, Surulere Str Baale Bus/Stop Dopemu Agege.01",,,NHIA directory code LA/0679/P,,,area,https://integratedhealthcareltd.com/provider-directory-nhia/,2026-04-23T11:40:35Z,LA/0679/P
nhia_hcp_1051,Model Specialist Hospital,hospital,Lagos,,,"5, Tafawa Balewa Square Street, Surulere, Lagos",,,NHIA directory code LA/0447/P,,,area,https://integratedhealthcareltd.com/provider-directory-nhia/,2026-04-23T11:40:35Z,LA/0447/P
nhia_hcp_1052,Motayo Hospital Limited,hospital,Lagos,,,"3. Owodumi Street, Off Toyin Street Ikeja Lagos",,,NHIA directory code LA/0190/P,,,area,https://integratedhealthcareltd.com/provider-directory-nhia/,2026-04-23T11:40:35Z,LA/0190/P
nhia_hcp_1053,Mother & Child Hospital,hospital,Lagos,,,"39, Adeniyi Jones Avenue Ikeja",,,NHIA directory code LA/0733/P,,,area,https://integratedhealthcareltd.com/provider-directory-nhia/,2026-04-23T11:40:35Z,LA/0733/P
nhia_hcp_1054,Mount Pisgah Hospital Ltd.,hospital,Lagos,,,"140 Isolo Road, Egbe, Lagos State",,,NHIA directory code LA/0365/P,,,area,https://integratedhealthcareltd.com/provider-directory-nhia/,2026-04-23T11:40:35Z,LA/0365/P
nhia_hcp_1055,Mount Sina'I Hospital - Egbe,hospital,Lagos,,,"137, Isolo Road , Egbe Lagos.",,,NHIA directory code LA/0042/P,,,area,https://integratedhealthcareltd.com/provider-directory-nhia/,2026-04-23T11:40:35Z,LA/0042/P
nhia_hcp_1056,Mount Sinai Hospital - Mushin,hospital,Lagos,,,"39 Olanibi Street, Papa Ajao. Mushin Lagos.",,,NHIA directory code LA/0310/P,,,area,https://integratedhealthcareltd.com/provider-directory-nhia/,2026-04-23T11:40:35Z,LA/0310/P
nhia_hcp_1057,Mount Sinai Special. Clinic,clinic,Lagos,,,19a Millitary Str. Onikan Lagos.,,,NHIA directory code LA/0266/P,,,area,https://integratedhealthcareltd.com/provider-directory-nhia/,2026-04-23T11:40:35Z,LA/0266/P
nhia_hcp_1058,Moyub Hospital,hospital,Lagos,,,"No 1 Hajia Halima Mohammed ,close off Taiwo street ,Okota",,,NHIA directory code LA/0620/P,,,area,https://integratedhealthcareltd.com/provider-directory-nhia/,2026-04-23T11:40:35Z,LA/0620/P
nhia_hcp_1059,Mucas Hospital,hospital,Lagos,,,"19 Ogun Street., Adeolu Dopemu, Alimosho, Lagos.",,,NHIA directory code LA/0017/P,,,area,https://integratedhealthcareltd.com/provider-directory-nhia/,2026-04-23T11:40:35Z,LA/0017/P
nhia_hcp_1060,Natafod Consultants Hospital,hospital,Lagos,,,"104 Cemetry Road, Mosafejo, NEPA B/Stop, Amukoko, Lagos",,,NHIA directory code LA/0667/P,,,area,https://integratedhealthcareltd.com/provider-directory-nhia/,2026-04-23T11:40:35Z,LA/0667/P
nhia_hcp_1061,national orthopaedics hospital,hospital,Lagos,,,120/124 ikorodu rd. Igbobi Lagos,,,NHIA directory code LA/1023/P,,,area,https://integratedhealthcareltd.com/provider-directory-nhia/,2026-04-23T11:40:35Z,LA/1023/P
nhia_hcp_1062,Navy Medical Centre,clinic,Lagos,,,"Wilmot point, Victoria Island, Lagos.",,,NHIA directory code LA/0592/P,,,area,https://integratedhealthcareltd.com/provider-directory-nhia/,2026-04-23T11:40:35Z,LA/0592/P
nhia_hcp_1063,New Alpha Medical centre,clinic,Lagos,,,"No. 26 Oshundairo str, off Lagos Abeokuta Exp. Way, Araromi B/Stop, Iyana Ipaja, Lagos",,,NHIA directory code LA/0633/P,,,area,https://integratedhealthcareltd.com/provider-directory-nhia/,2026-04-23T11:40:35Z,LA/0633/P
nhia_hcp_1064,New Merit Hospital Ltd,hospital,Lagos,,,"103 Ibari Road, Alagbado",,,NHIA directory code LA/1379/P,,,area,https://integratedhealthcareltd.com/provider-directory-nhia/,2026-04-23T11:40:35Z,LA/1379/P
nhia_hcp_1065,New-Gate Hospital,hospital,Lagos,,,59 Ikorodu,,,NHIA directory code LA/0237/P,,,area,https://integratedhealthcareltd.com/provider-directory-nhia/,2026-04-23T11:40:35Z,LA/0237/P
nhia_hcp_1066,Nigerian Airforce Medical Centre - Onikan,clinic,Lagos,,,"Onikan Street, Lagos",,,NHIA directory code LA/0511/P,,,area,https://integratedhealthcareltd.com/provider-directory-nhia/,2026-04-23T11:40:35Z,LA/0511/P
nhia_hcp_1067,Nigerian Law School Clinic,clinic,Lagos,,,"Ozumba Mbadiwe Street, Victoria Island, Lagos",,,NHIA directory code LA/0660/P,,,area,https://integratedhealthcareltd.com/provider-directory-nhia/,2026-04-23T11:40:35Z,LA/0660/P
nhia_hcp_1068,Nigerian Navy Reference Hospital,hospital,Lagos,,,"Navy Town, Ojo, Lagos",,,NHIA directory code LA/0591/P,,,area,https://integratedhealthcareltd.com/provider-directory-nhia/,2026-04-23T11:40:35Z,LA/0591/P
nhia_hcp_1069,Nusamin Clinc & Maternity Hospital,clinic,Lagos,,,"No. 43, Apena Street, Off Fashoro Street, Suru-Lere, Lagos State.",,,NHIA directory code LA/0308/P,,,area,https://integratedhealthcareltd.com/provider-directory-nhia/,2026-04-23T11:40:35Z,LA/0308/P
nhia_hcp_1070,Oak Hospital,hospital,Lagos,,,Lagos,,,NHIA directory code LA/1509/P,,,area,https://integratedhealthcareltd.com/provider-directory-nhia/,2026-04-23T11:40:35Z,LA/1509/P
nhia_hcp_1071,Okiki Clinic & Maternity,clinic,Lagos,,,18 Ola Sheu Str Iyana Ipaja by Alimosho Bus/Stop,,,NHIA directory code LA/0677/P,,,area,https://integratedhealthcareltd.com/provider-directory-nhia/,2026-04-23T11:40:35Z,LA/0677/P
nhia_hcp_1072,Olaniba Mem. Spec. Hospital,hospital,Lagos,,,"10a Olatunde Onimole Street, Aguda Surulere, Lagos",,,NHIA directory code LA/0429/P,,,area,https://integratedhealthcareltd.com/provider-directory-nhia/,2026-04-23T11:40:35Z,LA/0429/P
nhia_hcp_1073,Olatunbosun Convalescent & Mat. Home,hospital,Lagos,,,"2, Olatunbosun Close, Egbatedo Obadeyi B/Stop Ijaye,",,,NHIA directory code LA/0164/P,,,area,https://integratedhealthcareltd.com/provider-directory-nhia/,2026-04-23T11:40:35Z,LA/0164/P
nhia_hcp_1074,Omni Medical Centre,clinic,Lagos,,,"18, Boyce Street, Onikan, Lagos Island, Lagos",,,NHIA directory code LA/0648/P,,,area,https://integratedhealthcareltd.com/provider-directory-nhia/,2026-04-23T11:40:35Z,LA/0648/P
nhia_hcp_1075,Omolewa Medical Centre,clinic,Lagos,,,"10B Idowu Akinola Off Olufemi Ojo, Oluwura Isheri, Lagos",,,NHIA directory code LA/0725/P,,,area,https://integratedhealthcareltd.com/provider-directory-nhia/,2026-04-23T11:40:35Z,LA/0725/P
nhia_hcp_1076,ONE LIFE HOSPITAL LIMITED,hospital,Lagos,,,"485 Agege Motor Road, Bolade, Oshodi",,,NHIA directory code LA/0358/P,,,area,https://integratedhealthcareltd.com/provider-directory-nhia/,2026-04-23T11:40:35Z,LA/0358/P
nhia_hcp_1077,Onyems-B Hospital,hospital,Lagos,,,"16, Oba-Dauda Str., Ojoo Alaba, Lagos",,,NHIA directory code LA/0706/P,,,area,https://integratedhealthcareltd.com/provider-directory-nhia/,2026-04-23T11:40:35Z,LA/0706/P
nhia_hcp_1078,"Optimal Medical Centre,Oshodi",clinic,Lagos,,,"5A ADEYEMO STREET OFF 7/8 B/STOP MAFOLOKU, LAGOS",,,NHIA directory code LA/0371/P,,,area,https://integratedhealthcareltd.com/provider-directory-nhia/,2026-04-23T11:40:35Z,LA/0371/P
nhia_hcp_1079,OPTIMAL SPEC. HOSPITAL,hospital,Lagos,,,"9 GBAJA STR. SURULERE,",,,NHIA directory code LA/1029/P,,,area,https://integratedhealthcareltd.com/provider-directory-nhia/,2026-04-23T11:40:35Z,LA/1029/P
nhia_hcp_1080,Ostard Hospital & Mat. Home,hospital,Lagos,,,"161, Idewu Street, Olodi, Apapa, Lagos.",,,NHIA directory code LA/0096/P,,,area,https://integratedhealthcareltd.com/provider-directory-nhia/,2026-04-23T11:40:35Z,LA/0096/P
nhia_hcp_1081,"Osuntuyi Medical Center, iju_ishaga",clinic,Lagos,,,"Head Office: No. 255 Iju Rd, Bologun B/Stop, Iju-Ishaga , Obanikoro Branch: No. 9 Alhaji Salisu Street, Obanikoro, Lagos",,,NHIA directory code LA/0010/P,,,area,https://integratedhealthcareltd.com/provider-directory-nhia/,2026-04-23T11:40:35Z,LA/0010/P
nhia_hcp_1082,"Osuntuyi Medical Centre, Obanikoro",clinic,Lagos,,,"6, Alh. Salisu Street, Obanikoro, Lagos.",,,NHIA directory code LA/0535/P,,,area,https://integratedhealthcareltd.com/provider-directory-nhia/,2026-04-23T11:40:35Z,LA/0535/P
nhia_hcp_1083,P & G Medical Centre,clinic,Lagos,,,"NO 29 SANNI LABODE STREET, NEW OKO-OBA, LAGOS STATE",,,NHIA directory code LA/1313/P,,,area,https://integratedhealthcareltd.com/provider-directory-nhia/,2026-04-23T11:40:35Z,LA/1313/P
nhia_hcp_1084,PACIFIC HOSPITAL,hospital,Lagos,,,"314 IJU WATER WORKS ROAD,IJU IFAKO, LAGOS",,,NHIA directory code LA/1030/P,,,area,https://integratedhealthcareltd.com/provider-directory-nhia/,2026-04-23T11:40:35Z,LA/1030/P
nhia_hcp_1085,Palm Beach Foundation Hospital Ltd.,hospital,Lagos,,,"157 Old Ojo Road, Amuwo Odofin, Festac Town, Lagos",,,NHIA directory code LA/0065/P,,,area,https://integratedhealthcareltd.com/provider-directory-nhia/,2026-04-23T11:40:35Z,LA/0065/P
nhia_hcp_1086,Parkande Specialist Hospital,hospital,Lagos,,,"13, Rasaq Balogun Street Off Adetola Street Off Adeniran Ogunsanya",,,NHIA directory code LA/0745/P,,,area,https://integratedhealthcareltd.com/provider-directory-nhia/,2026-04-23T11:40:35Z,LA/0745/P
nhia_hcp_1087,PENIEL NOBLE MATERNITY- LA/1746/P,clinic,Lagos,,,,,,NHIA directory code LA/1746/P,,,area,https://integratedhealthcareltd.com/provider-directory-nhia/,2026-04-23T11:40:35Z,LA/1746/P
nhia_hcp_1088,Petros foundation Hospital,hospital,Lagos,,,"20 Seinde Callisto Crescent Charity, Oshodi",,,NHIA directory code LA/0645/P,,,area,https://integratedhealthcareltd.com/provider-directory-nhia/,2026-04-23T11:40:35Z,LA/0645/P
nhia_hcp_1089,Pinecrest Specialist Hospital,hospital,Lagos,,,"83 Makinde street, Mofoluku, Oshodi,",,,NHIA directory code LA/0634/P,,,area,https://integratedhealthcareltd.com/provider-directory-nhia/,2026-04-23T11:40:35Z,LA/0634/P
nhia_hcp_1090,Plato Hospital And Maternity Home,clinic,Lagos,,,"641 Agege Motor Road, Shogunle, Lagos",,,NHIA directory code LA/0686/P,,,area,https://integratedhealthcareltd.com/provider-directory-nhia/,2026-04-23T11:40:35Z,LA/0686/P
nhia_hcp_1091,"Police Hospital, Falomo",hospital,Lagos,,,"Ikoyi, Lagos",,,NHIA directory code LA/0588/P,,,area,https://integratedhealthcareltd.com/provider-directory-nhia/,2026-04-23T11:40:35Z,LA/0588/P
nhia_hcp_1092,Prime Clinic,clinic,Lagos,,,2. Sunkanmi Awoyungbo Str. Ewu-Tutun Mofoluku Oshodi,,,NHIA directory code LA/0349/P,,,area,https://integratedhealthcareltd.com/provider-directory-nhia/,2026-04-23T11:40:35Z,LA/0349/P
nhia_hcp_1093,Primex Hospital,hospital,Lagos,,,58 Igando Rd Unity Bus/Stop Ikotun-Egbe Lagos.,,,NHIA directory code LA/0674/P,,,area,https://integratedhealthcareltd.com/provider-directory-nhia/,2026-04-23T11:40:35Z,LA/0674/P
nhia_hcp_1094,PRIMUS HOSPITAL,hospital,Lagos,,,"272 IJESHA RD. IJESHA-TEDO, Lagos",,,NHIA directory code LA/0752/P,,,area,https://integratedhealthcareltd.com/provider-directory-nhia/,2026-04-23T11:40:35Z,LA/0752/P
nhia_hcp_1095,Prince & Princess Hospital,hospital,Lagos,,,"191 Ojo Road, Ligoli Bus Stop, Ajegunle, Lagos.",,,NHIA directory code LA/0037/P,,,area,https://integratedhealthcareltd.com/provider-directory-nhia/,2026-04-23T11:40:35Z,LA/0037/P
nhia_hcp_1096,"Prince & Princess Hospital, Egbeda",hospital,Lagos,,,"Plot 75. 12th Road Gowon Estate Egbeda, Lagos.",,,NHIA directory code LA/0001/P,,,area,https://integratedhealthcareltd.com/provider-directory-nhia/,2026-04-23T11:40:35Z,LA/0001/P
nhia_hcp_1097,Promise Medical Center Ltd,clinic,Lagos,,,112 Dopemu Rd Ayinla B/Stop Dopemu Lagos,,,NHIA directory code LA/0673/P,,,area,https://integratedhealthcareltd.com/provider-directory-nhia/,2026-04-23T11:40:35Z,LA/0673/P
nhia_hcp_1098,Providence Hospital,hospital,Lagos,,,"2B Maduike Street, off Raymond Njoku Street, SW Ikoyi, Lagos, Lagos.",,,NHIA directory code LA/0426/P,,,area,https://integratedhealthcareltd.com/provider-directory-nhia/,2026-04-23T11:40:35Z,LA/0426/P
nhia_hcp_1099,Psychiatric Hospital(Community/Staff Clinic),clinic,Lagos,,,"Yaba, Lagos",,,NHIA directory code LA/0289/P,,,area,https://integratedhealthcareltd.com/provider-directory-nhia/,2026-04-23T11:40:35Z,LA/0289/P
nhia_hcp_1100,Queens Specialist Hospital Ltd,hospital,Lagos,,,"17, Majekodunmi Street, Ikeja, Lagos",,,NHIA directory code LA/0192/P,,,area,https://integratedhealthcareltd.com/provider-directory-nhia/,2026-04-23T11:40:35Z,LA/0192/P
nhia_hcp_1101,REGINA MUNDI CATHOLIC HOSPITAL MUSHIN,hospital,Lagos,,,"142-144 AGEGE MOTOR ROAD, MUSHIN",,,NHIA directory code LA/1035/P,,,area,https://integratedhealthcareltd.com/provider-directory-nhia/,2026-04-23T11:40:35Z,LA/1035/P
nhia_hcp_1102,Rhowil Totalcare Medical Centre,clinic,Lagos,,,"Plot 3b, Block 7, Site G, Satellite Town, Amuwo Odofin Lagos",,,NHIA directory code LA/1389/P,,,area,https://integratedhealthcareltd.com/provider-directory-nhia/,2026-04-23T11:40:35Z,LA/1389/P
nhia_hcp_1103,R-Jolad Hospital,hospital,Lagos,,,"1, Akinyede Street, By New Garage, Bariga, Lagos.",,,NHIA directory code LA/0545/P,,,area,https://integratedhealthcareltd.com/provider-directory-nhia/,2026-04-23T11:40:35Z,LA/0545/P
nhia_hcp_1104,Royal Specialist Hospital,hospital,Lagos,,,"11 Olubunmi Alonge Street, Pako, Aguda",,,NHIA directory code LA/1359/P,,,area,https://integratedhealthcareltd.com/provider-directory-nhia/,2026-04-23T11:40:35Z,LA/1359/P
nhia_hcp_1105,Royan Hospital,hospital,Lagos,,,7 Aina Street Ojodu,,,NHIA directory code LA/1370/P,,,area,https://integratedhealthcareltd.com/provider-directory-nhia/,2026-04-23T11:40:35Z,LA/1370/P
nhia_hcp_1106,Sabo Crown Hospital & Maternity Home,clinic,Lagos,,,"4,Ogunyemi Street,Ilaje B/Stop,Ojo Alaba International",,,NHIA directory code LA/0334/P,,,area,https://integratedhealthcareltd.com/provider-directory-nhia/,2026-04-23T11:40:35Z,LA/0334/P
nhia_hcp_1107,Safe-way Hospital & Maternity,clinic,Lagos,,,"Km 46 Lagos-Epe Express Road, Sangotedo, Lagos",,,NHIA directory code LA/0618/P,,,area,https://integratedhealthcareltd.com/provider-directory-nhia/,2026-04-23T11:40:35Z,LA/0618/P
nhia_hcp_1108,SAINT CHARLES HOSPITAL,hospital,Lagos,,,"3, oshinkalu close,off randle avenue,surulere.",,,NHIA directory code LA/0743/P,,,area,https://integratedhealthcareltd.com/provider-directory-nhia/,2026-04-23T11:40:35Z,LA/0743/P
nhia_hcp_1109,Samaria Hospital,hospital,Lagos,,,"No 17 Dabo Bashorun street off Ali Dada Street, Okota, Lagos",,,NHIA directory code LA/0601/P,,,area,https://integratedhealthcareltd.com/provider-directory-nhia/,2026-04-23T11:40:35Z,LA/0601/P
nhia_hcp_1110,Samas Hospital,hospital,Lagos,,,"24, Aina Obembe Street, Off Oluwaga",,,NHIA directory code LA/1836/P,,,area,https://integratedhealthcareltd.com/provider-directory-nhia/,2026-04-23T11:40:35Z,LA/1836/P
nhia_hcp_1111,Santa Maria Hospital,hospital,Lagos,,,"10, Santa Maria Street, Egan Igando",,,NHIA directory code LA/1270/P,,,area,https://integratedhealthcareltd.com/provider-directory-nhia/,2026-04-23T11:40:35Z,LA/1270/P
nhia_hcp_1112,SHALOM HOSPITAL,hospital,Lagos,,,"OYERO STREET,ADURA B/STOP,LAGOS-ABEOKUTA EX/WAY, ALAGBADO",,,NHIA directory code LA/1040/P,,,area,https://integratedhealthcareltd.com/provider-directory-nhia/,2026-04-23T11:40:35Z,LA/1040/P
nhia_hcp_1113,Shalom Hospital Of Int'L Check Up Ltd.,hospital,Lagos,,,"Off Admirally Way, Off Wale Ariyo Street, Lekki, Lagos.",,,NHIA directory code LA/0144/P,,,area,https://integratedhealthcareltd.com/provider-directory-nhia/,2026-04-23T11:40:35Z,LA/0144/P
nhia_hcp_1114,Shammah Hospital,hospital,Lagos,,,"5, Epe Street Off Iludun Street Amukoko Lagos.",,,NHIA directory code LA/0656/P,,,area,https://integratedhealthcareltd.com/provider-directory-nhia/,2026-04-23T11:40:35Z,LA/0656/P
nhia_hcp_1115,Sick bay Okokomaiko,hospital,Lagos,,,"Okokomaiko, Lagos State",,,NHIA directory code LA/0596/P,,,area,https://integratedhealthcareltd.com/provider-directory-nhia/,2026-04-23T11:40:35Z,LA/0596/P
nhia_hcp_1116,Smith Medical Centre,clinic,Lagos,,,"3, Eniason-Beyioke Street, Ajao Road, Surulere, Lagos.",,,NHIA directory code LA/0444/P,,,area,https://integratedhealthcareltd.com/provider-directory-nhia/,2026-04-23T11:40:35Z,LA/0444/P
nhia_hcp_1117,Solbi Continental Hospital Ltd.,hospital,Lagos,,,"3, Fola Agoro Str., Off Abule Ijesha Str., Shomolu",,,NHIA directory code LA/0401/P,,,area,https://integratedhealthcareltd.com/provider-directory-nhia/,2026-04-23T11:40:35Z,LA/0401/P
nhia_hcp_1118,SOLID ROCK HOSPITAL,hospital,Lagos,,,"PLOTE 108 ISHERI ROAD OJODU, Lagos",,,NHIA directory code LA/0731/P,,,area,https://integratedhealthcareltd.com/provider-directory-nhia/,2026-04-23T11:40:35Z,LA/0731/P
nhia_hcp_1119,Sonex Clinics Ltd. (Hosp. & Mat.),hospital,Lagos,,,"5b Emordi Street, Olodi, Apapa, Lagos.",,,NHIA directory code LA/0094/P,,,area,https://integratedhealthcareltd.com/provider-directory-nhia/,2026-04-23T11:40:35Z,LA/0094/P
nhia_hcp_1120,Soteria Maternity and Hospital,clinic,Lagos,,,Lagos state,,,NHIA directory code LA/1874/P,,,area,https://integratedhealthcareltd.com/provider-directory-nhia/,2026-04-23T11:40:35Z,LA/1874/P
nhia_hcp_1121,St Patricks Medical Center,clinic,Lagos,,,"19 Adams Street, Oworonshoki",,,NHIA directory code LA/1354/P,,,area,https://integratedhealthcareltd.com/provider-directory-nhia/,2026-04-23T11:40:35Z,LA/1354/P
nhia_hcp_1122,St. Anthony's Medical Centre,clinic,Lagos,,,"19 Badagry Expressway, Festac Town, Lagos",,,NHIA directory code LA/0062/P,,,area,https://integratedhealthcareltd.com/provider-directory-nhia/,2026-04-23T11:40:35Z,LA/0062/P
nhia_hcp_1123,St. Emmanuel Clinics & Hospital,hospital,Lagos,,,"2,Bola Ademuwon Street,Behind Aswani Market,Isolo",,,NHIA directory code LA/0359/P,,,area,https://integratedhealthcareltd.com/provider-directory-nhia/,2026-04-23T11:40:35Z,LA/0359/P
nhia_hcp_1124,St. Ives Medical Centre,clinic,Lagos,,,90 Opebi Rd. Ikeja,,,NHIA directory code LA/0182/P,,,area,https://integratedhealthcareltd.com/provider-directory-nhia/,2026-04-23T11:40:35Z,LA/0182/P
nhia_hcp_1125,St. Leo's Catholic Clinic,clinic,Lagos,,,"C/O Catholic Church,10 Toyin Str. Ikeja",,,NHIA directory code LA/0179/P,,,area,https://integratedhealthcareltd.com/provider-directory-nhia/,2026-04-23T11:40:35Z,LA/0179/P
nhia_hcp_1126,St. Luke's Hospital,hospital,Lagos,,,"18 Commercial Avenue, Sabo, Yaba, Lagos.",,,NHIA directory code LA/0288/P,,,area,https://integratedhealthcareltd.com/provider-directory-nhia/,2026-04-23T11:40:35Z,LA/0288/P
nhia_hcp_1127,St. Luke's Medical Centre,clinic,Lagos,,,"11, Alhaji Kewulere street, off Agbebi street, opposite Omilani street Behind ijesha market, Ijeshatedo, Lagos",,,NHIA directory code LA/0438/P,,,area,https://integratedhealthcareltd.com/provider-directory-nhia/,2026-04-23T11:40:35Z,LA/0438/P
nhia_hcp_1128,St. Nicholas Hospital,hospital,Lagos,,,"58 Campbell Street Lagos Island, Lagos State",,,NHIA directory code LA/1568/P,,,area,https://integratedhealthcareltd.com/provider-directory-nhia/,2026-04-23T11:40:35Z,LA/1568/P
nhia_hcp_1129,St. Paul's Hospital & Maternity Centre,clinic,Lagos,,,"71a Ondo Street (East), Ebute Metta.",,,NHIA directory code LA/0275/P,,,area,https://integratedhealthcareltd.com/provider-directory-nhia/,2026-04-23T11:40:35Z,LA/0275/P
nhia_hcp_1130,St. Raphael Divine Mercy Specialist Hospital,hospital,Lagos,,,"Boge Town, Ijede Road, Ikorodu, Lagos State",,,NHIA directory code LA/1591/P,,,area,https://integratedhealthcareltd.com/provider-directory-nhia/,2026-04-23T11:40:35Z,LA/1591/P
nhia_hcp_1131,St. Raphaels Hospital Ltd.,hospital,Lagos,,,"9,Ago Okota Palace Way,Okota -Layout, Isolo Okota",,,NHIA directory code LA/0361/P,,,area,https://integratedhealthcareltd.com/provider-directory-nhia/,2026-04-23T11:40:35Z,LA/0361/P
nhia_hcp_1132,St. Thomas's Hosp. Ifako-Agege,hospital,Lagos,,,"17, Awoni Murphy Street, Ifako-Ijaiye, Agege, Lagos.",,,NHIA directory code LA/0013/P,,,area,https://integratedhealthcareltd.com/provider-directory-nhia/,2026-04-23T11:40:35Z,LA/0013/P
nhia_hcp_1133,ST.CLAVER HOSPITAL,hospital,Lagos,,,"28, Ijaiye Road, Beside Sweet sensation, By ETB Bank, Ogba, Ikeja, Lagos",,,NHIA directory code LA/0006/P,,,area,https://integratedhealthcareltd.com/provider-directory-nhia/,2026-04-23T11:40:35Z,LA/0006/P
nhia_hcp_1134,ST.KIZITO (PHC),hospital,Lagos,,,"ILASAN HOUSING ESTATE JAKANDE, LEKKI",,,NHIA directory code LA/1050/P,,,area,https://integratedhealthcareltd.com/provider-directory-nhia/,2026-04-23T11:40:35Z,LA/1050/P
nhia_hcp_1135,Standard Lifecare Clinic,clinic,Lagos,,,"5, Paul Street, Off Sanni Balogun,Off Egba Road, New Oko Oba, Abule Egba Lagos State",,,NHIA directory code LA/1475/P,,,area,https://integratedhealthcareltd.com/provider-directory-nhia/,2026-04-23T11:40:35Z,LA/1475/P
nhia_hcp_1136,Subol Hospital,hospital,Lagos,,,"16/17, Oba Amusa Avenue, Off Ikotun Rd, Idimu-Lagos",,,NHIA directory code LA/0655/P,,,area,https://integratedhealthcareltd.com/provider-directory-nhia/,2026-04-23T11:40:35Z,LA/0655/P
nhia_hcp_1137,SURULERE (RANDLE) GENERAL HOSPITAL,hospital,Lagos,,,"RANDLE AVENUE, Lagos",,,NHIA directory code LA/1054/P,,,area,https://integratedhealthcareltd.com/provider-directory-nhia/,2026-04-23T11:40:35Z,LA/1054/P
nhia_hcp_1138,T & S Hospital,hospital,Lagos,,,"169 Agege Motor Road Olosha B/S Mushin,",,,NHIA directory code LA/0611/P,,,area,https://integratedhealthcareltd.com/provider-directory-nhia/,2026-04-23T11:40:35Z,LA/0611/P
nhia_hcp_1139,"T&S Hospital, Apapa",hospital,Lagos,,,"26 Bombay Crescent Apapa, Lagos.",,,NHIA directory code LA/0651/P,,,area,https://integratedhealthcareltd.com/provider-directory-nhia/,2026-04-23T11:40:35Z,LA/0651/P
nhia_hcp_1140,Talent Specialist Hospital,hospital,Lagos,,,"Plot 440 4th Avenue, Gowon Estate, Egbeda, Lagos",,,NHIA directory code LA/0002/P,,,area,https://integratedhealthcareltd.com/provider-directory-nhia/,2026-04-23T11:40:35Z,LA/0002/P
nhia_hcp_1141,The Ark Hospital and Maternity,clinic,Lagos,,,"8 Ogun Abewenla Str Off Ayobo Rd Oja B/Stop Ipaja, Lagos.",,,NHIA directory code LA/0694/P,,,area,https://integratedhealthcareltd.com/provider-directory-nhia/,2026-04-23T11:40:35Z,LA/0694/P
nhia_hcp_1142,The Great Physcian Hospital Ltd,hospital,Lagos,,,"3, Niyi Adebule Str, New Nepa B/S Badagry",,,NHIA directory code LA/0714/P,,,area,https://integratedhealthcareltd.com/provider-directory-nhia/,2026-04-23T11:40:35Z,LA/0714/P
nhia_hcp_1143,The Peninsular Hospital,hospital,Lagos,,,"Km 23, Lagos Expressway, Ikota, Lekki, Lagos",,,NHIA directory code LA/0147/P,,,area,https://integratedhealthcareltd.com/provider-directory-nhia/,2026-04-23T11:40:35Z,LA/0147/P
nhia_hcp_1144,The Premier Specialist Medical Centre,clinic,Lagos,,,"7, Ogalade Close, Victoria Island, Lagos",,,NHIA directory code LA/0755/P,,,area,https://integratedhealthcareltd.com/provider-directory-nhia/,2026-04-23T11:40:35Z,LA/0755/P
nhia_hcp_1145,The Royal Infirmary Hospital,hospital,Lagos,,,"Badore Road, Off Ajah - Addo Road",,,NHIA directory code LA/0151/P,,,area,https://integratedhealthcareltd.com/provider-directory-nhia/,2026-04-23T11:40:35Z,LA/0151/P
nhia_hcp_1146,Tin Can Hospital,hospital,Lagos,,,"3, Kudaisi Str. Off Tin Can Exp. Olodi, Apapa",,,NHIA directory code LA/0709/P,,,area,https://integratedhealthcareltd.com/provider-directory-nhia/,2026-04-23T11:40:35Z,LA/0709/P
nhia_hcp_1147,Tofaan's Hospital,hospital,Lagos,,,"15 ,Asipa road, amule, bus stop, ayobo, Lagos State",,,NHIA directory code LA/1614/P,,,area,https://integratedhealthcareltd.com/provider-directory-nhia/,2026-04-23T11:40:35Z,LA/1614/P
nhia_hcp_1148,Topaz Hospital,hospital,Lagos,,,"12, Adeniyi Street, By Municipal Library, Lagos",,,NHIA directory code LA/0460/P,,,area,https://integratedhealthcareltd.com/provider-directory-nhia/,2026-04-23T11:40:35Z,LA/0460/P
nhia_hcp_1149,Trinity Clinic & Maternity,clinic,Lagos,,,"No 6, Oyedele Str. By Trinity Clinic Bus Stop, Off Mobil Filling Station Off Igbo-Elerin Road, Lagos State",,,NHIA directory code LA/1517/P,,,area,https://integratedhealthcareltd.com/provider-directory-nhia/,2026-04-23T11:40:35Z,LA/1517/P
nhia_hcp_1150,TRUST IN GOD MEDICAL CENTRE,clinic,Lagos,,,,,,NHIA directory code LA/1915/P,,,area,https://integratedhealthcareltd.com/provider-directory-nhia/,2026-04-23T11:40:35Z,LA/1915/P
nhia_hcp_1151,Udeco Medical Centre,clinic,Lagos,,,"Plo 39, Udeco Medical Road, Off Chevron Drive, Lagos",,,NHIA directory code LA/0150/P,,,area,https://integratedhealthcareltd.com/provider-directory-nhia/,2026-04-23T11:40:35Z,LA/0150/P
nhia_hcp_1152,Ultima Medical Hospital,hospital,Lagos,,,3. Cappa Avenue Palmgrove Estate Mushin Lagos.,,,NHIA directory code LA/0306/P,,,area,https://integratedhealthcareltd.com/provider-directory-nhia/,2026-04-23T11:40:35Z,LA/0306/P
nhia_hcp_1153,Unita Hospital,hospital,Lagos,,,"63, Oduduwa, Street, by College B/Stop, Ikotun, Lagos",,,NHIA directory code LA/0654/P,,,area,https://integratedhealthcareltd.com/provider-directory-nhia/,2026-04-23T11:40:35Z,LA/0654/P
nhia_hcp_1154,Unity Hospital,hospital,Lagos,,,138 Obafemi Awolowo Way Ikeja,,,NHIA directory code LA/0720/P,,,area,https://integratedhealthcareltd.com/provider-directory-nhia/,2026-04-23T11:40:35Z,LA/0720/P
nhia_hcp_1155,"UNITY HOSPITAL, Surulere",hospital,Lagos,,,"81, OJUELEGBA ROAD, SURULERE",,,NHIA directory code LA/1062/P,,,area,https://integratedhealthcareltd.com/provider-directory-nhia/,2026-04-23T11:40:35Z,LA/1062/P
nhia_hcp_1156,University of Lagos Health Centre,clinic,Lagos,,,"Medicare Centre, University of Lagos. Akoka, Lagos State.",,,NHIA directory code LA/0586/P,,,area,https://integratedhealthcareltd.com/provider-directory-nhia/,2026-04-23T11:40:35Z,LA/0586/P
nhia_hcp_1157,UPTOWN MEDICAL CENTRE,clinic,Lagos,,,"60, AGBADO ROAD, IJAIYE OJOKORO, NEAR BUKINSHEEN INT'L SCH., LAGOS STATE",,,NHIA directory code LA/0165/P,,,area,https://integratedhealthcareltd.com/provider-directory-nhia/,2026-04-23T11:40:35Z,LA/0165/P
nhia_hcp_1158,Uwemedimo Hospital Ltd,hospital,Lagos,,,"5, Imam Thani street, Ijesha - Lagos",,,NHIA directory code LA/0456/P,,,area,https://integratedhealthcareltd.com/provider-directory-nhia/,2026-04-23T11:40:35Z,LA/0456/P
nhia_hcp_1159,Veta Hospital Ltd.,hospital,Lagos,,,"1, Veta Close, Araromi Bus Stop Abeoukuta Expressway Iyana-Paja Lagos, P.O Box 4005 Ikeja, Lagos State.",,,NHIA directory code LA/0047/P,,,area,https://integratedhealthcareltd.com/provider-directory-nhia/,2026-04-23T11:40:35Z,LA/0047/P
nhia_hcp_1160,Vones Medical Center,clinic,Lagos,,,9 Barikisu St Onike Yaba,,,NHIA directory code LA/0606/P,,,area,https://integratedhealthcareltd.com/provider-directory-nhia/,2026-04-23T11:40:35Z,LA/0606/P
nhia_hcp_1161,Watershed Hospital,hospital,Lagos,,,"No 3 Dele Orisabiyi street off Ago palace way, Okota, Lagos",,,NHIA directory code LA/0602/P,,,area,https://integratedhealthcareltd.com/provider-directory-nhia/,2026-04-23T11:40:35Z,LA/0602/P
nhia_hcp_1162,West Care Specialist Hospital,hospital,Lagos,,,"32, Samuel Street Vulcanizer bus stop Egbeda, Akowonjo, Lagos State",,,NHIA directory code LA/1563/P,,,area,https://integratedhealthcareltd.com/provider-directory-nhia/,2026-04-23T11:40:35Z,LA/1563/P
nhia_hcp_1163,Zenith Medical Centre,clinic,Lagos,,,1. Adeyefa Street. Off Abeokuta Exp. Iyana-Paja,,,NHIA directory code LA/0046/P,,,area,https://integratedhealthcareltd.com/provider-directory-nhia/,2026-04-23T11:40:35Z,LA/0046/P
nhia_hcp_1164,Zion Medical Centre,clinic,Lagos,,,No. 6 Visa Omotunde Street Off Elebiju Road Ketu Lago,,,NHIA directory code LA/0253/P,,,area,https://integratedhealthcareltd.com/provider-directory-nhia/,2026-04-23T11:40:35Z,LA/0253/P
nhia_hcp_1165,ACCORDIA HOSPITALS,hospital,Nasarawa,,,,,,NHIA directory code NW/0342/P,,,area,https://integratedhealthcareltd.com/provider-directory-nhia/,2026-04-23T11:40:35Z,NW/0342/P
nhia_hcp_1166,Adonai Hospital,hospital,Nasarawa,,,"2, Adonai Close Off Old Karu Road, Mararaba",,,NHIA directory code NW/0004/P,,,area,https://integratedhealthcareltd.com/provider-directory-nhia/,2026-04-23T11:40:35Z,NW/0004/P
nhia_hcp_1167,AL-NUR GOD CARE MEDICAL CENTRE LTD,clinic,Nasarawa,,,"Tudun wada,beside masallacin idi praying ground, keffi",,,NHIA directory code NW/0122/P,,,area,https://integratedhealthcareltd.com/provider-directory-nhia/,2026-04-23T11:40:35Z,NW/0122/P
nhia_hcp_1168,Alpha Hospital,hospital,Nasarawa,,,36 Makama Dogo Near Alhaji Sam Timbe Shade Rd Nassara Tooto,,,NHIA directory code NW/0054/P,,,area,https://integratedhealthcareltd.com/provider-directory-nhia/,2026-04-23T11:40:35Z,NW/0054/P
nhia_hcp_1169,Anointed Medical Services Ltd,hospital,Nasarawa,,,nassarawa,,,NHIA directory code NW/0123/P,,,area,https://integratedhealthcareltd.com/provider-directory-nhia/,2026-04-23T11:40:35Z,NW/0123/P
nhia_hcp_1170,Blessed Trinity Hospital Ltd.,hospital,Nasarawa,,,"By Assembly Of God Church CRISS PARK Opposite Timbe Shed, Sharp Corner MARARABA",,,NHIA directory code NW/0005/P,,,area,https://integratedhealthcareltd.com/provider-directory-nhia/,2026-04-23T11:40:35Z,NW/0005/P
nhia_hcp_1171,Dalhatu Araf (Specialist Hospital),hospital,Nasarawa,,,Shedam Road Lafia Nasarawa State,,,NHIA directory code NW/0016/P,,,area,https://integratedhealthcareltd.com/provider-directory-nhia/,2026-04-23T11:40:35Z,NW/0016/P
nhia_hcp_1172,E.R.C.C. Medical Centre,clinic,Nasarawa,,,Keffi Road Akwanga,,,NHIA directory code NW/0010/P,,,area,https://integratedhealthcareltd.com/provider-directory-nhia/,2026-04-23T11:40:35Z,NW/0010/P
nhia_hcp_1173,Ettal Clinic &Maternity,clinic,Nasarawa,,,"Behind Alafam Filling Station by Primary Healthcare, Masaka, Nasarawa State.",,,NHIA directory code NW/0114/P,,,area,https://integratedhealthcareltd.com/provider-directory-nhia/,2026-04-23T11:40:35Z,NW/0114/P
nhia_hcp_1174,"Federal Medical Centre, keffi",clinic,Nasarawa,,,Old Akwanga Road Keffi,,,NHIA directory code NW/0003/P,,,area,https://integratedhealthcareltd.com/provider-directory-nhia/,2026-04-23T11:40:35Z,NW/0003/P
nhia_hcp_1175,Fountainhead Medical Centre,clinic,Nasarawa,,,"Plot 112 Old Karu Road, NIPDC Estate, Off Abacha Road Mararaba.",,,NHIA directory code NW/0092/P,,,area,https://integratedhealthcareltd.com/provider-directory-nhia/,2026-04-23T11:40:35Z,NW/0092/P
nhia_hcp_1176,"General Hospital, Akwanga",hospital,Nasarawa,,,"AKW- KEFFI Road, Akwanga, 0",,,NHIA directory code NW/0009/P,,,area,https://integratedhealthcareltd.com/provider-directory-nhia/,2026-04-23T11:40:35Z,NW/0009/P
nhia_hcp_1177,"General Hospital, Keana",hospital,Nasarawa,,,Keana,,,NHIA directory code NW/0012/P,,,area,https://integratedhealthcareltd.com/provider-directory-nhia/,2026-04-23T11:40:35Z,NW/0012/P
nhia_hcp_1178,"General Hospital, Keffi",hospital,Nasarawa,,,Along Nasarawa Bye Pass Keffi,,,NHIA directory code NW/0006/P,,,area,https://integratedhealthcareltd.com/provider-directory-nhia/,2026-04-23T11:40:35Z,NW/0006/P
nhia_hcp_1179,"General Hospital, Nasarawa",hospital,Nasarawa,,,"Hayin Gada, Nasarawa State",,,NHIA directory code NW/0069/P,,,area,https://integratedhealthcareltd.com/provider-directory-nhia/,2026-04-23T11:40:35Z,NW/0069/P
nhia_hcp_1180,"General Hospital, Nasarawa Eggon",hospital,Nasarawa,,,Nasarawa Eggon,,,NHIA directory code NW/0011/P,,,area,https://integratedhealthcareltd.com/provider-directory-nhia/,2026-04-23T11:40:35Z,NW/0011/P
nhia_hcp_1181,"GENERAL HOSPITAL, NASSARAWA",hospital,Nasarawa,,,NASSARAWA TOWN,,,NHIA directory code NW/0078/P,,,area,https://integratedhealthcareltd.com/provider-directory-nhia/,2026-04-23T11:40:35Z,NW/0078/P
nhia_hcp_1182,"General Hospital, Obi",hospital,Nasarawa,,,"Obi, Nasarawa State",,,NHIA directory code NW/0014/P,,,area,https://integratedhealthcareltd.com/provider-directory-nhia/,2026-04-23T11:40:35Z,NW/0014/P
nhia_hcp_1183,"General Hospital, Uke",hospital,Nasarawa,,,Karhi Development Area Uke,,,NHIA directory code NW/0008/P,,,area,https://integratedhealthcareltd.com/provider-directory-nhia/,2026-04-23T11:40:35Z,NW/0008/P
nhia_hcp_1184,"General Hospital,Wamba",hospital,Nasarawa,,,"Wamba East, Nasarawa State",,,NHIA directory code NW/0015/P,,,area,https://integratedhealthcareltd.com/provider-directory-nhia/,2026-04-23T11:40:35Z,NW/0015/P
nhia_hcp_1185,GODS MARVEL CLINIC AND MATERNIT,clinic,Nasarawa,,,,,,NHIA directory code NW/0350/P,,,area,https://integratedhealthcareltd.com/provider-directory-nhia/,2026-04-23T11:40:35Z,NW/0350/P
nhia_hcp_1186,His Mercy Hospital,hospital,Nasarawa,,,"Aso Rd., By NEPA Transformer, Mararaba",,,NHIA directory code NW/0047/P,,,area,https://integratedhealthcareltd.com/provider-directory-nhia/,2026-04-23T11:40:35Z,NW/0047/P
nhia_hcp_1187,JAMA`A MEDICAL CENTRE,clinic,Nasarawa,,,,,,NHIA directory code NW/0156/P,,,area,https://integratedhealthcareltd.com/provider-directory-nhia/,2026-04-23T11:40:35Z,NW/0156/P
nhia_hcp_1188,JOHEPZ MEDICAL CENTRE KARU,clinic,Nasarawa,,,,,,NHIA directory code NW/0182/P,,,area,https://integratedhealthcareltd.com/provider-directory-nhia/,2026-04-23T11:40:35Z,NW/0182/P
nhia_hcp_1189,Karu Hospitals Limited,hospital,Nasarawa,,,"Behind Building Material Market, Mararaba,",,,NHIA directory code NW/0048/P,,,area,https://integratedhealthcareltd.com/provider-directory-nhia/,2026-04-23T11:40:35Z,NW/0048/P
nhia_hcp_1190,Kings Care Hospital,hospital,Nasarawa,,,Kingscare Close Behind Royal Dream Mararaba,,,NHIA directory code NW/0085/P,,,area,https://integratedhealthcareltd.com/provider-directory-nhia/,2026-04-23T11:40:35Z,NW/0085/P
nhia_hcp_1191,Kowa Hospital,hospital,Nasarawa,,,"Jos Road, Lafia, Nasarawa State",,,NHIA directory code NW/0017/P,,,area,https://integratedhealthcareltd.com/provider-directory-nhia/,2026-04-23T11:40:35Z,NW/0017/P
nhia_hcp_1192,Kyari Lafiya Clinic & Maternity Ltd,clinic,Nasarawa,,,"No 10, Philip Dada Street, One Man Village, Nasarawa State.",,,NHIA directory code NW/0106/P,,,area,https://integratedhealthcareltd.com/provider-directory-nhia/,2026-04-23T11:40:35Z,NW/0106/P
nhia_hcp_1193,Livia Shammah Hospitals Limited,hospital,Nasarawa,,,"Opp. MRS Petrol station, beside Zinaria science academy, Abuja-Keffi road Mararaba, Nasarawa State.",,,NHIA directory code NW/0098/P,,,area,https://integratedhealthcareltd.com/provider-directory-nhia/,2026-04-23T11:40:35Z,NW/0098/P
nhia_hcp_1194,M&D HOSPITAL,hospital,Nasarawa,,,"PLOT 6565 JOS ROAD, LAFIA",,,NHIA directory code NW/0077/P,,,area,https://integratedhealthcareltd.com/provider-directory-nhia/,2026-04-23T11:40:35Z,NW/0077/P
nhia_hcp_1195,MARANATHA HOSPITAL - NW/0149/P,hospital,Nasarawa,,,"12, Leha Street, Commissioner road, behind City College of Education, Off Abacha road, Mararaba.",,,NHIA directory code NW/0149/P,,,area,https://integratedhealthcareltd.com/provider-directory-nhia/,2026-04-23T11:40:35Z,NW/0149/P
nhia_hcp_1196,Mararaba Guruku Medical Centre,clinic,Nasarawa,,,Mararaba Int. Mkt Mararaba Gurku,,,NHIA directory code NW/0052/P,,,area,https://integratedhealthcareltd.com/provider-directory-nhia/,2026-04-23T11:40:35Z,NW/0052/P
nhia_hcp_1197,Masaka Central Hospital,hospital,Nasarawa,,,"100 royal college road, immediatelyafter royal college, Masaka, Nasarawa State.",,,NHIA directory code NW/0113/P,,,area,https://integratedhealthcareltd.com/provider-directory-nhia/,2026-04-23T11:40:35Z,NW/0113/P
nhia_hcp_1198,May Day Specialist Hospital & Maternity,clinic,Nasarawa,,,"No 1 Pecados Str. Opp Skye Bank, Mararaba.",,,NHIA directory code NW/0001/P,,,area,https://integratedhealthcareltd.com/provider-directory-nhia/,2026-04-23T11:40:35Z,NW/0001/P
nhia_hcp_1199,MISAN CLINIC AND MAT.,clinic,Nasarawa,,,"ADO, KARU",,,NHIA directory code NW/0076/P,,,area,https://integratedhealthcareltd.com/provider-directory-nhia/,2026-04-23T11:40:35Z,NW/0076/P
nhia_hcp_1200,Nagari Allah Magani Clinic & Maternity,clinic,Nasarawa,,,"Behind Chief Magistrate Court, Keffi.P. O BOX 174 Keffi,",,,NHIA directory code NW/0050/P,,,area,https://integratedhealthcareltd.com/provider-directory-nhia/,2026-04-23T11:40:35Z,NW/0050/P
nhia_hcp_1201,Nasarawa Medical Centre,clinic,Nasarawa,,,Along Toto-Abaji Road Nasarawa,,,NHIA directory code NW/0097/P,,,area,https://integratedhealthcareltd.com/provider-directory-nhia/,2026-04-23T11:40:35Z,NW/0097/P
nhia_hcp_1202,Neman Clinic & Maternity,clinic,Nasarawa,,,,,,NHIA directory code NW/0126/P,,,area,https://integratedhealthcareltd.com/provider-directory-nhia/,2026-04-23T11:40:35Z,NW/0126/P
nhia_hcp_1203,NEW AGM HOSPITAL,hospital,Nasarawa,,,"10 Barr., Mamman Road, Koroduma, Karu LGA, Nasarawa State",,,NHIA directory code NW/0353/P,,,area,https://integratedhealthcareltd.com/provider-directory-nhia/,2026-04-23T11:40:35Z,NW/0353/P
nhia_hcp_1204,NEW HOPE HOSPITAL,hospital,Nasarawa,,,,,,NHIA directory code NW/0157/P,,,area,https://integratedhealthcareltd.com/provider-directory-nhia/,2026-04-23T11:40:35Z,NW/0157/P
nhia_hcp_1205,New Metro Clinic & Maternity,clinic,Nasarawa,,,"21 DR KASH STREET, BEHIND ST JOHN'S, CATHOLIC, MARARABA",,,NHIA directory code NW/0090/P,,,area,https://integratedhealthcareltd.com/provider-directory-nhia/,2026-04-23T11:40:35Z,NW/0090/P
nhia_hcp_1206,OLAWORE HOSPITAL LTD,hospital,Nasarawa,,,,,,NHIA directory code NW/0195/P,,,area,https://integratedhealthcareltd.com/provider-directory-nhia/,2026-04-23T11:40:35Z,NW/0195/P
nhia_hcp_1207,Oshyeg’Ba Josh Medical Centre Lafia,clinic,Nasarawa,,,"Behind Ministry Of Justice, Off Shendam Road, Lafia Nasarawa State",,,NHIA directory code NW/0121/P,,,area,https://integratedhealthcareltd.com/provider-directory-nhia/,2026-04-23T11:40:35Z,NW/0121/P
nhia_hcp_1208,OUR LADY OF APOSTLES HOSPITAL,hospital,Nasarawa,,,"OLA HOSPITAL, AKWANGA",,,NHIA directory code NW/0074/P,,,area,https://integratedhealthcareltd.com/provider-directory-nhia/,2026-04-23T11:40:35Z,NW/0074/P
nhia_hcp_1209,Pijag Clinic & Maternity,clinic,Nasarawa,,,"No 17, Base 2, Aku Village, Mararaba, Nasarawa State.",,,NHIA directory code NW/0104/P,,,area,https://integratedhealthcareltd.com/provider-directory-nhia/,2026-04-23T11:40:35Z,NW/0104/P
nhia_hcp_1210,PINECREST SPECIALIST HOSPITAL,hospital,Nasarawa,,,"NO 4,DAN IYA STREET,BESIDE KARU",,,NHIA directory code NW/0160/P,,,area,https://integratedhealthcareltd.com/provider-directory-nhia/,2026-04-23T11:40:35Z,NW/0160/P
nhia_hcp_1211,Police Clinic,clinic,Nasarawa,,,Nasarawa,,,NHIA directory code NW/0095/P,,,area,https://integratedhealthcareltd.com/provider-directory-nhia/,2026-04-23T11:40:35Z,NW/0095/P
nhia_hcp_1212,Sauki Hospital,hospital,Nasarawa,,,"51/55 Shendam Road, Lafia, Nasarawa State.",,,NHIA directory code NW/0018/P,,,area,https://integratedhealthcareltd.com/provider-directory-nhia/,2026-04-23T11:40:35Z,NW/0018/P
nhia_hcp_1213,Vicar Clinic,clinic,Nasarawa,,,"Near Deeper Life, Kabayi Mararaba, Nasarawa State",,,NHIA directory code NW/0105/P,,,area,https://integratedhealthcareltd.com/provider-directory-nhia/,2026-04-23T11:40:35Z,NW/0105/P
nhia_hcp_1214,99 AWS Medical Centre,clinic,Niger,,,"NAF Base, Kainji P M B 266 99ACTG NAF KAINJI",,,NHIA directory code NG/0092/P,,,area,https://integratedhealthcareltd.com/provider-directory-nhia/,2026-04-23T11:40:35Z,NG/0092/P
nhia_hcp_1215,Al-AZEEZ MEDICAL CENTER,clinic,Niger,,,"OPP MADENGE STATION, LAGOS-KADUNA ROAD, KONTAGORA. P.O BOX 158",,,NHIA directory code NG/0144/P,,,area,https://integratedhealthcareltd.com/provider-directory-nhia/,2026-04-23T11:40:35Z,NG/0144/P
nhia_hcp_1216,ARCHMEDICS HOSPITAL,hospital,Niger,,,NIGER STATE,,,NHIA directory code NG/0307/P,,,area,https://integratedhealthcareltd.com/provider-directory-nhia/,2026-04-23T11:40:35Z,NG/0307/P
nhia_hcp_1217,"Base Medical Centre, Suleja",clinic,Niger,,,"No 38 Suleiman Barau Road, SulejaP.O.Box 180.",,,NHIA directory code NG/0059/P,,,area,https://integratedhealthcareltd.com/provider-directory-nhia/,2026-04-23T11:40:35Z,NG/0059/P
nhia_hcp_1218,Bay Specialist Hospital,clinic,Niger,,,"Plot 33, Bay Clinic Road, Tunga, Minna",,,NHIA directory code NG/0016/P,,,area,https://integratedhealthcareltd.com/provider-directory-nhia/,2026-04-23T11:40:35Z,NG/0016/P
nhia_hcp_1219,Berith Specialist Hospital,hospital,Niger,,,"Plot 16087, Minna Road, KwambaLayout, Suleja, Niger State",,,NHIA directory code NG/0283/P,,,area,https://integratedhealthcareltd.com/provider-directory-nhia/,2026-04-23T11:40:35Z,NG/0283/P
nhia_hcp_1220,Bisi Clinic & Maternity,clinic,Niger,,,"SW 16, Benin Street, Minna, Niger State",,,NHIA directory code NG/0111/P,,,area,https://integratedhealthcareltd.com/provider-directory-nhia/,2026-04-23T11:40:35Z,NG/0111/P
nhia_hcp_1221,Charles Health Care Limited,hospital,Niger,,,"No 2, Aliyu Sardauna Street,",,,NHIA directory code NG/0281/P,,,area,https://integratedhealthcareltd.com/provider-directory-nhia/,2026-04-23T11:40:35Z,NG/0281/P
nhia_hcp_1222,Citizen Hospital,hospital,Niger,,,"No 18 Alkali street Suleja, G.R.A.",,,NHIA directory code NG/0060/P,,,area,https://integratedhealthcareltd.com/provider-directory-nhia/,2026-04-23T11:40:35Z,NG/0060/P
nhia_hcp_1223,Delight Hospital,hospital,Niger,,,"Plot 66, Suleiman Barau Road, Suleja, G R A, P.O.Box 945, Suleja, Niger State",,,NHIA directory code NG/0066/P,,,area,https://integratedhealthcareltd.com/provider-directory-nhia/,2026-04-23T11:40:35Z,NG/0066/P
nhia_hcp_1224,DHA SPECILITY CLINIC LIMITED,clinic,Niger,,,,,,NHIA directory code NG/0317/P,,,area,https://integratedhealthcareltd.com/provider-directory-nhia/,2026-04-23T11:40:35Z,NG/0317/P
nhia_hcp_1225,EL- Hussain Specialist Hospital Ltd-NG,hospital,Niger,,,,,,NHIA directory code NG/0596/P,,,area,https://integratedhealthcareltd.com/provider-directory-nhia/,2026-04-23T11:40:35Z,NG/0596/P
nhia_hcp_1226,Fary Group Clinic,clinic,Niger,,,"105, Suleiman Barau Road, Suleja.",,,NHIA directory code NG/0061/P,,,area,https://integratedhealthcareltd.com/provider-directory-nhia/,2026-04-23T11:40:35Z,NG/0061/P
nhia_hcp_1227,"Federal College of Education Medical Centre, Kontagora",clinic,Niger,,,"Kontagora, Niger State",,,NHIA directory code NG/0131/P,,,area,https://integratedhealthcareltd.com/provider-directory-nhia/,2026-04-23T11:40:35Z,NG/0131/P
nhia_hcp_1228,"Federal Medical Centre, Bida",clinic,Niger,,,"Bida, Niger State, P.M.B. 14 Bida, Niger State",,,NHIA directory code NG/0003/P,,,area,https://integratedhealthcareltd.com/provider-directory-nhia/,2026-04-23T11:40:35Z,NG/0003/P
nhia_hcp_1229,Gaskiya Children Specialist clinic minna Niger state,clinic,Niger,,,"Bosso, Minna Niger State",,,NHIA directory code NG/0278/P,,,area,https://integratedhealthcareltd.com/provider-directory-nhia/,2026-04-23T11:40:35Z,NG/0278/P
nhia_hcp_1230,Gaskiya Clinic,clinic,Niger,,,"Victory Road, Suleja, Niger State.",,,NHIA directory code NG/0110/P,,,area,https://integratedhealthcareltd.com/provider-directory-nhia/,2026-04-23T11:40:35Z,NG/0110/P
nhia_hcp_1231,"General Hosiptal, Minna.",hospital,Niger,,,"No.1 Hospital Road, P.M.B. 2, Minna",,,NHIA directory code NG/0013/P,,,area,https://integratedhealthcareltd.com/provider-directory-nhia/,2026-04-23T11:40:35Z,NG/0013/P
nhia_hcp_1232,General Hospital,hospital,Niger,,,"Hospital Road, Kafin-Koro",,,NHIA directory code NG/0168/P,,,area,https://integratedhealthcareltd.com/provider-directory-nhia/,2026-04-23T11:40:35Z,NG/0168/P
nhia_hcp_1233,"General Hospital, Kagara",hospital,Niger,,,"Kaduna-Lagos road Kagara, Niger State.",,,NHIA directory code NG/0094/P,,,area,https://integratedhealthcareltd.com/provider-directory-nhia/,2026-04-23T11:40:35Z,NG/0094/P
nhia_hcp_1234,"General Hospital, Kontangora",hospital,Niger,,,"Lagos kaduna Rd, Kontangora",,,NHIA directory code NG/0049/P,,,area,https://integratedhealthcareltd.com/provider-directory-nhia/,2026-04-23T11:40:35Z,NG/0049/P
nhia_hcp_1235,"General Hospital, Mokwa",hospital,Niger,,,"Mokwa, P O BOX 40 MOKWA Niger State.",,,NHIA directory code NG/0024/P,,,area,https://integratedhealthcareltd.com/provider-directory-nhia/,2026-04-23T11:40:35Z,NG/0024/P
nhia_hcp_1236,"General Hospital, New Bussa",hospital,Niger,,,New Bussa,,,NHIA directory code NG/0088/P,,,area,https://integratedhealthcareltd.com/provider-directory-nhia/,2026-04-23T11:40:35Z,NG/0088/P
nhia_hcp_1237,"General Hospital, Suleja",hospital,Niger,,,Suleja,,,NHIA directory code NG/0062/P,,,area,https://integratedhealthcareltd.com/provider-directory-nhia/,2026-04-23T11:40:35Z,NG/0062/P
nhia_hcp_1238,Hope Clinic & Maternity,clinic,Niger,,,"Along Gofanti Road, Wawa, Minna, Niger State",,,NHIA directory code NG/0259/P,,,area,https://integratedhealthcareltd.com/provider-directory-nhia/,2026-04-23T11:40:35Z,NG/0259/P
nhia_hcp_1239,IBB Specialist Hospital,hospital,Niger,,,"Biko Road, Chanchangi, P.M.B. 169, Minna - Nigeria.",,,NHIA directory code NG/0014/P,,,area,https://integratedhealthcareltd.com/provider-directory-nhia/,2026-04-23T11:40:35Z,NG/0014/P
nhia_hcp_1240,Imani Specialist Hospital,hospital,Niger,,,"PLOT NGS 4989, WESTERN BYEPASS MINNA.",,,NHIA directory code NG/0017/P,,,area,https://integratedhealthcareltd.com/provider-directory-nhia/,2026-04-23T11:40:35Z,NG/0017/P
nhia_hcp_1241,KAINJI MEDICAL CENTER,clinic,Niger,,,"48 KAINJI ROAD, P.O. BOX 171, NEW BUSSA NIGER STATE",,,NHIA directory code NG/0140/P,,,area,https://integratedhealthcareltd.com/provider-directory-nhia/,2026-04-23T11:40:35Z,NG/0140/P
nhia_hcp_1242,Katameya First Call Hospital,hospital,Niger,,,"191, Ibrahim Taiwo road, New Bussa, Niger state",,,NHIA directory code NG/0300/P,,,area,https://integratedhealthcareltd.com/provider-directory-nhia/,2026-04-23T11:40:35Z,NG/0300/P
nhia_hcp_1243,Kontagora Clinic,clinic,Niger,,,"Lagos-Kano Road, Kontagora",,,NHIA directory code NG/0261/P,,,area,https://integratedhealthcareltd.com/provider-directory-nhia/,2026-04-23T11:40:35Z,NG/0261/P
nhia_hcp_1244,Liberty Hospital,hospital,Niger,,,"Behind Eco Bank, Minna Road, Suleja Niger State.",,,NHIA directory code NG/0107/P,,,area,https://integratedhealthcareltd.com/provider-directory-nhia/,2026-04-23T11:40:35Z,NG/0107/P
nhia_hcp_1245,LUCAS HOSPITAL,hospital,Niger,,,"OPP. ASSEMBLIES OF GOD CHURCH, ALONG SULEJA RD., MADALA, NIGER STATE",,,NHIA directory code NG/0139/P,,,area,https://integratedhealthcareltd.com/provider-directory-nhia/,2026-04-23T11:40:35Z,NG/0139/P
nhia_hcp_1246,Maraba Hospital - Bida,hospital,Niger,,,"Bida, Minna Road.",,,NHIA directory code NG/0004/P,,,area,https://integratedhealthcareltd.com/provider-directory-nhia/,2026-04-23T11:40:35Z,NG/0004/P
nhia_hcp_1247,Maraba Hospital - Suleija,hospital,Niger,,,"Maganda, Off Suleiman, Barau Road P.O BOX 512 SULEJA",,,NHIA directory code NG/0064/P,,,area,https://integratedhealthcareltd.com/provider-directory-nhia/,2026-04-23T11:40:35Z,NG/0064/P
nhia_hcp_1248,NAF Medical Centre,clinic,Niger,,,"NAF Station, Minna",,,NHIA directory code NG/0091/P,,,area,https://integratedhealthcareltd.com/provider-directory-nhia/,2026-04-23T11:40:35Z,NG/0091/P
nhia_hcp_1249,NICE INTERNATIONAL SPECIALIST HO,hospital,Niger,,,"Bida Club Road, G.R.A, Bida, Niger State",,,NHIA directory code NG/0299/P,,,area,https://integratedhealthcareltd.com/provider-directory-nhia/,2026-04-23T11:40:35Z,NG/0299/P
nhia_hcp_1250,RIGHTCARE HOSPITAL,hospital,Niger,,,"No. 21 Nok street,by Abundant Life Full Gospel Church, Javino, Gauraka, Niger State",,,NHIA directory code NG/0316/P,,,area,https://integratedhealthcareltd.com/provider-directory-nhia/,2026-04-23T11:40:35Z,NG/0316/P
nhia_hcp_1251,RIGHTCARE HOSPITAL,hospital,Niger,,,"No 1, Hospital close, opposite Police check point, Deidei Madalla road, Dakwa, Tafa LGA Niger state",,,NHIA directory code NG/0315/P,,,area,https://integratedhealthcareltd.com/provider-directory-nhia/,2026-04-23T11:40:35Z,NG/0315/P
nhia_hcp_1252,Rural Hospital,hospital,Niger,,,"Agaie, Minna",,,NHIA directory code NG/0002/P,,,area,https://integratedhealthcareltd.com/provider-directory-nhia/,2026-04-23T11:40:35Z,NG/0002/P
nhia_hcp_1253,"Rural Hospital, Nasco Road",hospital,Niger,,,Nasco Road,,,NHIA directory code NG/0087/P,,,area,https://integratedhealthcareltd.com/provider-directory-nhia/,2026-04-23T11:40:35Z,NG/0087/P
nhia_hcp_1254,Sallam Hospital and Maternity,clinic,Niger,,,"No. 10 Justus Sadiq, Angwan Magaji Road, Suleja, Niger State",,,NHIA directory code NG/0274/P,,,area,https://integratedhealthcareltd.com/provider-directory-nhia/,2026-04-23T11:40:35Z,NG/0274/P
nhia_hcp_1255,SAUKI CLINICS PARWA NIG. LTD- NG/0,hospital,Niger,,,"Bida, Niger state",,,NHIA directory code NG/0309/P,,,area,https://integratedhealthcareltd.com/provider-directory-nhia/,2026-04-23T11:40:35Z,NG/0309/P
nhia_hcp_1256,"Savannah Hospital, Bay Clinic Road",clinic,Niger,,,"Off Bay Clinic road,Tunga, Minna, Niger State.",,,NHIA directory code NG/0018/P,,,area,https://integratedhealthcareltd.com/provider-directory-nhia/,2026-04-23T11:40:35Z,NG/0018/P
nhia_hcp_1257,SPRING VALLEY HOSPITAL,hospital,Niger,,,"Behind Sarafina, Along White Dove School/Redeemed Christian Church of God/City Link Hotel Road, Ajacent Supreme School,Suleja-Niger State.",,,NHIA directory code NG/0252/P,,,area,https://integratedhealthcareltd.com/provider-directory-nhia/,2026-04-23T11:40:35Z,NG/0252/P
nhia_hcp_1258,Standard Hospital,hospital,Niger,,,"Off Muazu Mohammed Road, beside Old Secretariat, Minna, Niger State.",,,NHIA directory code NG/0020/P,,,area,https://integratedhealthcareltd.com/provider-directory-nhia/,2026-04-23T11:40:35Z,NG/0020/P
nhia_hcp_1259,Suleja Hospital Ltd,pharmacy,Niger,,,"11, Hassan Dallalu Road, Opp. City Gate Chemist, Suleja.Box 1037, Suleja.",,,NHIA directory code NG/0109/P,,,area,https://integratedhealthcareltd.com/provider-directory-nhia/,2026-04-23T11:40:35Z,NG/0109/P
nhia_hcp_1260,Supreme Hospital,hospital,Niger,,,"Behind Christ Apostolic Church, Rafin Sanyi, Suleja",,,NHIA directory code NG/0157/P,,,area,https://integratedhealthcareltd.com/provider-directory-nhia/,2026-04-23T11:40:35Z,NG/0157/P
nhia_hcp_1261,Suzan Memorial Clinic and Maternity,clinic,Niger,,,"P.O Box 314 Suleja,Uphill Near Suleja Club,G.R.A. Suleja,",,,NHIA directory code NG/0065/P,,,area,https://integratedhealthcareltd.com/provider-directory-nhia/,2026-04-23T11:40:35Z,NG/0065/P
nhia_hcp_1262,Taimako Hospital,hospital,Niger,,,"Se 158 Sabon Gari, Minna,",,,NHIA directory code NG/0012/P,,,area,https://integratedhealthcareltd.com/provider-directory-nhia/,2026-04-23T11:40:35Z,NG/0012/P
nhia_hcp_1263,Teekay Hospital,hospital,Niger,,,"5,Musa Kwajafa Street, off Yaro College Road, Suleja, Niger State",,,NHIA directory code NG/0275/P,,,area,https://integratedhealthcareltd.com/provider-directory-nhia/,2026-04-23T11:40:35Z,NG/0275/P
nhia_hcp_1264,Top Medical Centre,clinic,Niger,,,"4 Topmedical road,P. O Box 1894, Minna, Niger State",,,NHIA directory code NG/0093/P,,,area,https://integratedhealthcareltd.com/provider-directory-nhia/,2026-04-23T11:40:35Z,NG/0093/P
nhia_hcp_1265,UMARU MUSA YAR ADUA MEMORIAL HOSPITAL,hospital,Niger,,,,,,NHIA directory code NG/0271/P,,,area,https://integratedhealthcareltd.com/provider-directory-nhia/,2026-04-23T11:40:35Z,NG/0271/P
nhia_hcp_1266,Unity Clinic,clinic,Niger,,,"Bida Road, Kpakungu, Minna,",,,NHIA directory code NG/0021/P,,,area,https://integratedhealthcareltd.com/provider-directory-nhia/,2026-04-23T11:40:35Z,NG/0021/P
nhia_hcp_1267,University of Technology Minna,hospital,Niger,,,"Minna, Niger State",,,NHIA directory code NG/0125/P,,,area,https://integratedhealthcareltd.com/provider-directory-nhia/,2026-04-23T11:40:35Z,NG/0125/P
nhia_hcp_1268,Wasiha Medical Centre,clinic,Niger,,,"Plot 10B Off Niiteco Road, Tunga, Minna, Niger State.",,,NHIA directory code NG/0102/P,,,area,https://integratedhealthcareltd.com/provider-directory-nhia/,2026-04-23T11:40:35Z,NG/0102/P
nhia_hcp_1269,Zuma Total Care Hospital,hospital,Niger,,,"Suleja, Niger State",,,NHIA directory code NG/0279/P,,,area,https://integratedhealthcareltd.com/provider-directory-nhia/,2026-04-23T11:40:35Z,NG/0279/P
nhia_hcp_1270,Access Medical Centre,clinic,Ogun,,,Ogun,,,NHIA directory code OG/0234/P,,,area,https://integratedhealthcareltd.com/provider-directory-nhia/,2026-04-23T11:40:35Z,OG/0234/P
nhia_hcp_1271,Adeyemi Medical Centre,clinic,Ogun,,,"4 Muri Abiola Street, Agbado Station",,,NHIA directory code OG/0149/P,,,area,https://integratedhealthcareltd.com/provider-directory-nhia/,2026-04-23T11:40:35Z,OG/0149/P
nhia_hcp_1272,Akobi Specialist Hospital,hospital,Ogun,,,"Plot 5, Blk vw, Molipa Community layout, Ijebu-Ode",,,NHIA directory code OG/0158/P,,,area,https://integratedhealthcareltd.com/provider-directory-nhia/,2026-04-23T11:40:35Z,OG/0158/P
nhia_hcp_1273,Alpha Hospital & Maternity Home,clinic,Ogun,,,Ogun state,,,NHIA directory code OS/0130/P,,,area,https://integratedhealthcareltd.com/provider-directory-nhia/,2026-04-23T11:40:35Z,OS/0130/P
nhia_hcp_1274,Amazing Grace Hospital,hospital,Ogun,,,"7 Iloro Street, Off New Road, Ijebu-Ode",,,NHIA directory code OG/0174/P,,,area,https://integratedhealthcareltd.com/provider-directory-nhia/,2026-04-23T11:40:35Z,OG/0174/P
nhia_hcp_1275,Ariset Medical Centre and Ventures Ltd,clinic,Ogun,,,6 Akunleyon Street Ota,,,NHIA directory code OG/0075/P,,,area,https://integratedhealthcareltd.com/provider-directory-nhia/,2026-04-23T11:40:35Z,OG/0075/P
nhia_hcp_1276,Ayotola Specialist Hospital,hospital,Ogun,,,"3 Suraju Odunuga Street, Off Baruwa Str, Sagamu.",,,NHIA directory code OG/0057/P,,,area,https://integratedhealthcareltd.com/provider-directory-nhia/,2026-04-23T11:40:35Z,OG/0057/P
nhia_hcp_1277,Babcock University Medical Centre,clinic,Ogun,,,Ilisan Remo,,,NHIA directory code OG/0188/P,,,area,https://integratedhealthcareltd.com/provider-directory-nhia/,2026-04-23T11:40:35Z,OG/0188/P
nhia_hcp_1278,Beachland Specialist Hospital,hospital,Ogun,,,Arepo,,,NHIA directory code OG/0181/P,,,area,https://integratedhealthcareltd.com/provider-directory-nhia/,2026-04-23T11:40:35Z,OG/0181/P
nhia_hcp_1279,Bisoyegboye Medical Centre,clinic,Ogun,,,"No 1B Taiwo Str, Makun, Sagamu",,,NHIA directory code OG/0067/P,,,area,https://integratedhealthcareltd.com/provider-directory-nhia/,2026-04-23T11:40:35Z,OG/0067/P
nhia_hcp_1280,Central Specialist Hospital,hospital,Ogun,,,133 Idiroko Rd Ota,,,NHIA directory code OG/0053/P,,,area,https://integratedhealthcareltd.com/provider-directory-nhia/,2026-04-23T11:40:35Z,OG/0053/P
nhia_hcp_1281,Comfort Clinic and Maternity,clinic,Ogun,,,"3, Ganiyu Ayinla str, off Celetial ave, Ereko qtrs, Ibafo",,,NHIA directory code OG/0195/P,,,area,https://integratedhealthcareltd.com/provider-directory-nhia/,2026-04-23T11:40:35Z,OG/0195/P
nhia_hcp_1282,Cornerstone Hospital,hospital,Ogun,,,"Beside Akute Grammar School, Akute.",,,NHIA directory code OG/0160/P,,,area,https://integratedhealthcareltd.com/provider-directory-nhia/,2026-04-23T11:40:35Z,OG/0160/P
nhia_hcp_1283,Diamond Cross Med. Centre,hospital,Ogun,,,"5-7 Apitipiti Street, Omidiji Estate, Opposite Odeda Local Govenment Nursery and Primary School, Obantoko, Abeokuta.",,,NHIA directory code OG/0107/P,,,area,https://integratedhealthcareltd.com/provider-directory-nhia/,2026-04-23T11:40:35Z,OG/0107/P
nhia_hcp_1284,Faramed Clinics,hospital,Ogun,,,"37 Akinwunmi Street (Joji Rodd.) Sango Ota, Ogun State.",,,NHIA directory code OG/0073/P,,,area,https://integratedhealthcareltd.com/provider-directory-nhia/,2026-04-23T11:40:35Z,OG/0073/P
nhia_hcp_1285,Federal College Of Education Health Centre Abeokuta,clinic,Ogun,,,"Abeoukuta, PMB 2096 Sapon, abeokuta, ogun state.",,,NHIA directory code OG/0066/P,,,area,https://integratedhealthcareltd.com/provider-directory-nhia/,2026-04-23T11:40:35Z,OG/0066/P
nhia_hcp_1286,"Federal Medical Centre, Abeokuta",clinic,Ogun,,,"Bisi Onabanjo Way, Idi-Aba, Abeokuta, Ogun State",,,NHIA directory code OG/0001/P,,,area,https://integratedhealthcareltd.com/provider-directory-nhia/,2026-04-23T11:40:35Z,OG/0001/P
nhia_hcp_1287,Federal Polytechnic Medical Centre,clinic,Ogun,,,"Abeokuta, Ogun State",,,NHIA directory code OG/0104/P,,,area,https://integratedhealthcareltd.com/provider-directory-nhia/,2026-04-23T11:40:35Z,OG/0104/P
nhia_hcp_1288,First Alpha Medical Centre,clinic,Ogun,,,"KUFORIJI OLUBI DRIVE, ADIGBE, ABEOKUTA, OGUN STATE.",,,NHIA directory code OG/0176/P,,,area,https://integratedhealthcareltd.com/provider-directory-nhia/,2026-04-23T11:40:35Z,OG/0176/P
nhia_hcp_1289,Glory Medical Centre,clinic,Ogun,,,,,,NHIA directory code OG/0223/P,,,area,https://integratedhealthcareltd.com/provider-directory-nhia/,2026-04-23T11:40:35Z,OG/0223/P
nhia_hcp_1290,God’s Hope Hospital Limited,hospital,Ogun,,,,,,NHIA directory code OG/0220/P,,,area,https://integratedhealthcareltd.com/provider-directory-nhia/,2026-04-23T11:40:35Z,OG/0220/P
nhia_hcp_1291,Grace Medical Enterprises Nig. Ltd,hospital,Ogun,,,,,,NHIA directory code OG/0255/P,,,area,https://integratedhealthcareltd.com/provider-directory-nhia/,2026-04-23T11:40:35Z,OG/0255/P
nhia_hcp_1292,Healing Spring Medical Centre,clinic,Ogun,,,"23 ILESHAN ROAD, IPERU, OGUN STATE",,,NHIA directory code OG/0170/P,,,area,https://integratedhealthcareltd.com/provider-directory-nhia/,2026-04-23T11:40:35Z,OG/0170/P
nhia_hcp_1293,Hetta Medical Centre,clinic,Ogun,,,"15, Martina Road, Sango, Ota Ogun state",,,NHIA directory code OG/0031/P,,,area,https://integratedhealthcareltd.com/provider-directory-nhia/,2026-04-23T11:40:35Z,OG/0031/P
nhia_hcp_1294,Hossana Specialist Hospital,hospital,Ogun,,,"Oja Odan Road, Ilaro, Ogun State.",,,NHIA directory code OG/0129/P,,,area,https://integratedhealthcareltd.com/provider-directory-nhia/,2026-04-23T11:40:35Z,OG/0129/P
nhia_hcp_1295,Ire-Ayo Hospital Limited,hospital,Ogun,,,Ogun,,,NHIA directory code OG/0217/P,,,area,https://integratedhealthcareltd.com/provider-directory-nhia/,2026-04-23T11:40:35Z,OG/0217/P
nhia_hcp_1296,Itunu Hospital,hospital,Ogun,,,48 Tinubu Street Ita Eko Abeoukuta.,,,NHIA directory code OG/0070/P,,,area,https://integratedhealthcareltd.com/provider-directory-nhia/,2026-04-23T11:40:35Z,OG/0070/P
nhia_hcp_1297,Jesus is Love & Power Hospital,hospital,Ogun,,,St. Mary''s Catholic Church Area Alaja IF,,,NHIA directory code OG/0111/P,,,area,https://integratedhealthcareltd.com/provider-directory-nhia/,2026-04-23T11:40:35Z,OG/0111/P
nhia_hcp_1298,Kingsmith Specialist Hospital,hospital,Ogun,,,"12, Ojodu Road, Fabolude Bus Stop, Akute Lagos, Ogun State,",,,NHIA directory code OG/0009/P,,,area,https://integratedhealthcareltd.com/provider-directory-nhia/,2026-04-23T11:40:35Z,OG/0009/P
nhia_hcp_1299,Kolade Specialist Hospital,hospital,Ogun,,,"68 Idiroko Road, Sango Ota",,,NHIA directory code OG/0081/P,,,area,https://integratedhealthcareltd.com/provider-directory-nhia/,2026-04-23T11:40:35Z,OG/0081/P
nhia_hcp_1300,Lanik Medical Centre,clinic,Ogun,,,No 5 Imoru Str Ijebu-Ode,,,NHIA directory code OG/0068/P,,,area,https://integratedhealthcareltd.com/provider-directory-nhia/,2026-04-23T11:40:35Z,OG/0068/P
nhia_hcp_1301,Medicare Clinic,clinic,Ogun,,,"105, Idi-Iroko Road, Otta, Ogun State.",,,NHIA directory code OG/0036/P,,,area,https://integratedhealthcareltd.com/provider-directory-nhia/,2026-04-23T11:40:35Z,OG/0036/P
nhia_hcp_1302,Mercy Group Clinics,hospital,Ogun,,,"Back Of Uba Building Panseke, Ibara, Abeokuta.",,,NHIA directory code OG/0002/P,,,area,https://integratedhealthcareltd.com/provider-directory-nhia/,2026-04-23T11:40:35Z,OG/0002/P
nhia_hcp_1303,Mulib Hospital,hospital,Ogun,,,"57 Ijoko Motor Road, Sango Ota, Ogun State.",,,NHIA directory code OG/0078/P,,,area,https://integratedhealthcareltd.com/provider-directory-nhia/,2026-04-23T11:40:35Z,OG/0078/P
nhia_hcp_1304,Neuropsychiatric Hospital,hospital,Ogun,,,"Aro, Abeokuta, Ogun State.",,,NHIA directory code OG/0007/P,,,area,https://integratedhealthcareltd.com/provider-directory-nhia/,2026-04-23T11:40:35Z,OG/0007/P
nhia_hcp_1305,Oba Ademola Maternity Hospital,clinic,Ogun,,,"Ake Road, Ijemo, Abeokuta, Ogun State.",,,NHIA directory code OG/0006/P,,,area,https://integratedhealthcareltd.com/provider-directory-nhia/,2026-04-23T11:40:35Z,OG/0006/P
nhia_hcp_1306,Olabisi Onabanjo University Teaching Hospital Shagamu,hospital,Ogun,,,"hospital road,p.m.b 2001",,,NHIA directory code OG/0144/P,,,area,https://integratedhealthcareltd.com/provider-directory-nhia/,2026-04-23T11:40:35Z,OG/0144/P
nhia_hcp_1307,Olu-Ola Specialist Hospital,hospital,Ogun,,,"12B Odo-Egbo Street, Ijebu Ode",,,NHIA directory code OG/0156/P,,,area,https://integratedhealthcareltd.com/provider-directory-nhia/,2026-04-23T11:40:35Z,OG/0156/P
nhia_hcp_1308,Oluwalogbon Medical Center,clinic,Ogun,,,Ifelodun Qtrs. Atan Ota,,,NHIA directory code OG/0077/P,,,area,https://integratedhealthcareltd.com/provider-directory-nhia/,2026-04-23T11:40:35Z,OG/0077/P
nhia_hcp_1309,Ore Ofe Elshaddai Clinic,clinic,Ogun,,,"6 Isope Road off Ejirin Road, Texaco Junction, Ijebu Ode",,,NHIA directory code OG/0142/P,,,area,https://integratedhealthcareltd.com/provider-directory-nhia/,2026-04-23T11:40:35Z,OG/0142/P
nhia_hcp_1310,Ore-Ofe Clinic,clinic,Ogun,,,"88A Ejirin Rd Ijebu-Ode, Ogun State",,,NHIA directory code OG/0115/P,,,area,https://integratedhealthcareltd.com/provider-directory-nhia/,2026-04-23T11:40:35Z,OG/0115/P
nhia_hcp_1311,Ota Specialist Hospital Ltd,hospital,Ogun,,,"67 Idiroko Road, Ota",,,NHIA directory code OG/0082/P,,,area,https://integratedhealthcareltd.com/provider-directory-nhia/,2026-04-23T11:40:35Z,OG/0082/P
nhia_hcp_1312,Peace Han Clinic & Maternity Home,clinic,Ogun,,,Oun state,,,NHIA directory code OG/0229/P,,,area,https://integratedhealthcareltd.com/provider-directory-nhia/,2026-04-23T11:40:35Z,OG/0229/P
nhia_hcp_1313,PROMISE MEDICAL CENTRE LTD- OG/,clinic,Ogun,,,,,,NHIA directory code OG/0274/P,,,area,https://integratedhealthcareltd.com/provider-directory-nhia/,2026-04-23T11:40:35Z,OG/0274/P
nhia_hcp_1314,Queen's Hospital,hospital,Ogun,,,"Poly Exp Road, Ilaro",,,NHIA directory code OG/0191/P,,,area,https://integratedhealthcareltd.com/provider-directory-nhia/,2026-04-23T11:40:35Z,OG/0191/P
nhia_hcp_1315,Redemption Hospital,hospital,Ogun,,,"3, Redemption Ave. off Merger Thomson, Sabo Sagamu, OGUN STATE.",,,NHIA directory code OG/0178/P,,,area,https://integratedhealthcareltd.com/provider-directory-nhia/,2026-04-23T11:40:35Z,OG/0178/P
nhia_hcp_1316,Rophe Medical Centre,clinic,Ogun,,,"23, Anambra Crescent, Agbara Estate, Ogun State",,,NHIA directory code OG/0034/P,,,area,https://integratedhealthcareltd.com/provider-directory-nhia/,2026-04-23T11:40:35Z,OG/0034/P
nhia_hcp_1317,Rubee Medical Centre Ltd,clinic,Ogun,,,"Km 38 Abeokuta Motor Road, Sango, Ota",,,NHIA directory code OG/0076/P,,,area,https://integratedhealthcareltd.com/provider-directory-nhia/,2026-04-23T11:40:35Z,OG/0076/P
nhia_hcp_1318,Sacred Heart Hospital,hospital,Ogun,,,"P.O.BOX 816, Lantoro Abeokuta, Ogun State",,,NHIA directory code OG/0116/P,,,area,https://integratedhealthcareltd.com/provider-directory-nhia/,2026-04-23T11:40:35Z,OG/0116/P
nhia_hcp_1319,Shaje Hospital,hospital,Ogun,,,"OOUTH Annex, Quarry Road, Shaje, Oke Saje, Abeokuta Ogunstate",,,NHIA directory code OG/0166/P,,,area,https://integratedhealthcareltd.com/provider-directory-nhia/,2026-04-23T11:40:35Z,OG/0166/P
nhia_hcp_1320,State Hospital Abeokuta,hospital,Ogun,,,"sokenu road, ijaye Abeokuta, Ogun State.",,,NHIA directory code OG/0027/P,,,area,https://integratedhealthcareltd.com/provider-directory-nhia/,2026-04-23T11:40:35Z,OG/0027/P
nhia_hcp_1321,"State Hospital Ota, Ogun State",hospital,Ogun,,,"Km 4 sango-Idiroko road,onipanu,ota ogun state.",,,NHIA directory code OG/0209/P,,,area,https://integratedhealthcareltd.com/provider-directory-nhia/,2026-04-23T11:40:35Z,OG/0209/P
nhia_hcp_1322,"State Hospital, Ijebu-Ode",hospital,Ogun,,,Ijebu-Ode,,,NHIA directory code OG/0026/P,,,area,https://integratedhealthcareltd.com/provider-directory-nhia/,2026-04-23T11:40:35Z,OG/0026/P
nhia_hcp_1323,Tobiloba Clinic & Maternity,clinic,Ogun,,,Kuforiji-olubi Adigbe,,,NHIA directory code OG/0048/P,,,area,https://integratedhealthcareltd.com/provider-directory-nhia/,2026-04-23T11:40:35Z,OG/0048/P
nhia_hcp_1324,Twins Specialist Clinic,clinic,Ogun,,,"2nd Gate GRA Ota,",,,NHIA directory code OG/0055/P,,,area,https://integratedhealthcareltd.com/provider-directory-nhia/,2026-04-23T11:40:35Z,OG/0055/P
nhia_hcp_1325,"University of Agric. Health Centre , Abeokuta",clinic,Ogun,,,"Abeokuta, Ogun State",,,NHIA directory code OG/0105/P,,,area,https://integratedhealthcareltd.com/provider-directory-nhia/,2026-04-23T11:40:35Z,OG/0105/P
nhia_hcp_1326,Abitoye Hospital,hospital,Ondo,,,"101, Ijoka Road, Akure",,,NHIA directory code OD/0010/P,,,area,https://integratedhealthcareltd.com/provider-directory-nhia/,2026-04-23T11:40:35Z,OD/0010/P
nhia_hcp_1327,Ade-Tade Hospital,hospital,Ondo,,,"5-7 Ade-Tade Str. Illesa Garrage, P.O.Box 3200, Akure",,,NHIA directory code OD/0008/P,,,area,https://integratedhealthcareltd.com/provider-directory-nhia/,2026-04-23T11:40:35Z,OD/0008/P
nhia_hcp_1328,ARIF MEDICAL CENTER,clinic,Ondo,,,BEHIND SABO MAIN MARKET ORE,,,NHIA directory code OD/0082/P,,,area,https://integratedhealthcareltd.com/provider-directory-nhia/,2026-04-23T11:40:35Z,OD/0082/P
nhia_hcp_1329,CHRISTBAY CONSULTANTS HOSPITAL,hospital,Ondo,,,ONDO STATE,,,NHIA directory code OD/0160/P,,,area,https://integratedhealthcareltd.com/provider-directory-nhia/,2026-04-23T11:40:35Z,OD/0160/P
nhia_hcp_1330,Federal Medical Centre - Owo,clinic,Ondo,,,"Michael Adekunle Ajasin Road, P.M.B 1053, Owo Ondo State.",,,NHIA directory code OD/0018/P,,,area,https://integratedhealthcareltd.com/provider-directory-nhia/,2026-04-23T11:40:35Z,OD/0018/P
nhia_hcp_1331,FEDERAL MEDICAL CENTRE OWO AKU,clinic,Ondo,,,"Adekunle Ajasin Road, Owo, Ondo State, Nigeria",,,NHIA directory code OD/0380/P,,,area,https://integratedhealthcareltd.com/provider-directory-nhia/,2026-04-23T11:40:35Z,OD/0380/P
nhia_hcp_1332,Federal University of Technology Health Centre,clinic,Ondo,,,"Akure, Ondo State",,,NHIA directory code OD/0076/P,,,area,https://integratedhealthcareltd.com/provider-directory-nhia/,2026-04-23T11:40:35Z,OD/0076/P
nhia_hcp_1333,First Mercy Specialist Hospital,hospital,Ondo,,,"19c Gbogi street, off Osa Adesida Road, Akure",,,NHIA directory code OD/0053/P,,,area,https://integratedhealthcareltd.com/provider-directory-nhia/,2026-04-23T11:40:35Z,OD/0053/P
nhia_hcp_1334,Fujah Specialist Hospital,hospital,Ondo,,,"22, Ayetutu Street, Opp. Isinkan Market, Akure,",,,NHIA directory code OD/0064/P,,,area,https://integratedhealthcareltd.com/provider-directory-nhia/,2026-04-23T11:40:35Z,OD/0064/P
nhia_hcp_1335,GENERAL HOSPITAL ORE,hospital,Ondo,,,"Ore 1, Odigbo Local Government, Ondo State",,,NHIA directory code OD/0381/P,,,area,https://integratedhealthcareltd.com/provider-directory-nhia/,2026-04-23T11:40:35Z,OD/0381/P
nhia_hcp_1336,Hopeland Specialist Medical Center,clinic,Ondo,,,"11, Arikawe Street, Akure,",,,NHIA directory code OD/0122/P,,,area,https://integratedhealthcareltd.com/provider-directory-nhia/,2026-04-23T11:40:35Z,OD/0122/P
nhia_hcp_1337,INLAND MEDICAL CENTER,clinic,Ondo,,,"2, OLANIPEKUN LANE,BEHIND GEN. HOSPITAL, IKARE-AKOKO",,,NHIA directory code OD/0086/P,,,area,https://integratedhealthcareltd.com/provider-directory-nhia/,2026-04-23T11:40:35Z,OD/0086/P
nhia_hcp_1338,J & E Fatunla Hospital,hospital,Ondo,,,"11/13 Arisoyin layout Oke Arotitun (By IBIPRESS), Akure, P.O.Box 998, Akure, Ondo State.",,,NHIA directory code OD/0055/P,,,area,https://integratedhealthcareltd.com/provider-directory-nhia/,2026-04-23T11:40:35Z,OD/0055/P
nhia_hcp_1339,Joe-Jane Medicine Centre,hospital,Ondo,,,Okejebu Rd. Akure,,,NHIA directory code OD/0009/P,,,area,https://integratedhealthcareltd.com/provider-directory-nhia/,2026-04-23T11:40:35Z,OD/0009/P
nhia_hcp_1340,MIRACLE HOSPITAL,hospital,Ondo,,,"17A IWEALEWA STREET, opposite state hospital, AKURE",,,NHIA directory code OD/0078/P,,,area,https://integratedhealthcareltd.com/provider-directory-nhia/,2026-04-23T11:40:35Z,OD/0078/P
nhia_hcp_1341,Miteda Specialist Hospital,hospital,Ondo,,,Akure,,,NHIA directory code OD/0156/P,,,area,https://integratedhealthcareltd.com/provider-directory-nhia/,2026-04-23T11:40:35Z,OD/0156/P
nhia_hcp_1342,MOMAAK Specialist Hospital,hospital,Ondo,,,"3 Lafe Inn way, Okuta Elerinla off Ilesha Rd, Akure.",,,NHIA directory code OD/0054/P,,,area,https://integratedhealthcareltd.com/provider-directory-nhia/,2026-04-23T11:40:35Z,OD/0054/P
nhia_hcp_1343,"MOTHERAND CHILD HOSPITAL, AKUR",hospital,Ondo,,,"Oke -Aro, Akure, Ondo state",,,NHIA directory code OD/0397/P,,,area,https://integratedhealthcareltd.com/provider-directory-nhia/,2026-04-23T11:40:35Z,OD/0397/P
nhia_hcp_1344,New Day Clinic & Maternity,clinic,Ondo,,,Ondo state,,,NHIA directory code OD/0147/P,,,area,https://integratedhealthcareltd.com/provider-directory-nhia/,2026-04-23T11:40:35Z,OD/0147/P
nhia_hcp_1345,Oludare Hospital,hospital,Ondo,,,"2, Oludare Fanibi Quarters, Akure,",,,NHIA directory code OD/0022/P,,,area,https://integratedhealthcareltd.com/provider-directory-nhia/,2026-04-23T11:40:35Z,OD/0022/P
nhia_hcp_1346,Pima Hospital and Maternity,clinic,Ondo,,,"63, Okitipupa Road, Ore ondo State.",,,NHIA directory code OD/0158/P,,,area,https://integratedhealthcareltd.com/provider-directory-nhia/,2026-04-23T11:40:35Z,OD/0158/P
nhia_hcp_1347,Police Clinic Ondo,clinic,Ondo,,,"92, Oba Adesida road (Akure Main Branch)",,,NHIA directory code OD/0145/P,,,area,https://integratedhealthcareltd.com/provider-directory-nhia/,2026-04-23T11:40:35Z,OD/0145/P
nhia_hcp_1348,"Police secondary school Clinics, Ondo",hospital,Ondo,,,"Isaogbolu Akure,Ondo state.",,,NHIA directory code OD/0074/P,,,area,https://integratedhealthcareltd.com/provider-directory-nhia/,2026-04-23T11:40:35Z,OD/0074/P
nhia_hcp_1349,Sckye Hospital Ltd,hospital,Ondo,,,"83 B Oba Adesida Road,Akure,",,,NHIA directory code OD/0108/P,,,area,https://integratedhealthcareltd.com/provider-directory-nhia/,2026-04-23T11:40:35Z,OD/0108/P
nhia_hcp_1350,Sick bay,hospital,Ondo,,,"FOB Igbokoda, Ondo State",,,NHIA directory code OD/0050/P,,,area,https://integratedhealthcareltd.com/provider-directory-nhia/,2026-04-23T11:40:35Z,OD/0050/P
nhia_hcp_1351,Sijuwade Specialist Hospital,hospital,Ondo,,,"Sijuwade Baasegun Hospital Road, P.O. Box 759, Akure.",,,NHIA directory code OD/0005/P,,,area,https://integratedhealthcareltd.com/provider-directory-nhia/,2026-04-23T11:40:35Z,OD/0005/P
nhia_hcp_1352,St. David's Hospital,hospital,Ondo,,,Akure,,,NHIA directory code OD/0006/P,,,area,https://integratedhealthcareltd.com/provider-directory-nhia/,2026-04-23T11:40:35Z,OD/0006/P
nhia_hcp_1353,St. John & Mary Hospital,hospital,Ondo,,,2 Adebayo Onilane Isikan Allase Akure,,,NHIA directory code OD/0007/P,,,area,https://integratedhealthcareltd.com/provider-directory-nhia/,2026-04-23T11:40:35Z,OD/0007/P
nhia_hcp_1354,"State Specialist Hospital,Ikare",hospital,Ondo,,,Ikare Akoko,,,NHIA directory code OD/0001/P,,,area,https://integratedhealthcareltd.com/provider-directory-nhia/,2026-04-23T11:40:35Z,OD/0001/P
nhia_hcp_1355,"State Specialist Hospital,Okitipupa",hospital,Ondo,,,"Okitipupa, Ondo State.",,,NHIA directory code OD/0015/P,,,area,https://integratedhealthcareltd.com/provider-directory-nhia/,2026-04-23T11:40:35Z,OD/0015/P
nhia_hcp_1356,Terebo Omowetan Hospital,hospital,Ondo,,,"Beside Muslim Primary School Eshe street,P.O.Box 350,Ikare Akoko. magnusterebo@yahoo.com.",,,NHIA directory code OD/0002/P,,,area,https://integratedhealthcareltd.com/provider-directory-nhia/,2026-04-23T11:40:35Z,OD/0002/P
nhia_hcp_1357,TIMUNITY SPECIALIST HOSPITAL AND,hospital,Ondo,,,ONDO STATE,,,NHIA directory code OD/0161/P,,,area,https://integratedhealthcareltd.com/provider-directory-nhia/,2026-04-23T11:40:35Z,OD/0161/P
nhia_hcp_1358,"University of Medical Sciences Teaching Hospital, Akure",hospital,Ondo,,,Akure. Ondo State,,,NHIA directory code OD/0011/P,,,area,https://integratedhealthcareltd.com/provider-directory-nhia/,2026-04-23T11:40:35Z,OD/0011/P
nhia_hcp_1359,"University of Medical Sciences Teaching Hospital,Ondo",hospital,Ondo,,,"P.M.B 506, Ondo,",,,NHIA directory code OD/0021/P,,,area,https://integratedhealthcareltd.com/provider-directory-nhia/,2026-04-23T11:40:35Z,OD/0021/P
nhia_hcp_1360,VINEWAY SPECIALIST HOSPITAL AND,hospital,Ondo,,,,,,NHIA directory code OD/0405/P,,,area,https://integratedhealthcareltd.com/provider-directory-nhia/,2026-04-23T11:40:35Z,OD/0405/P
nhia_hcp_1361,Abake Medical Centre,clinic,Osun,,,"Odiolowo, Osogbo.",,,NHIA directory code OS/0022/P,,,area,https://integratedhealthcareltd.com/provider-directory-nhia/,2026-04-23T11:40:35Z,OS/0022/P
nhia_hcp_1362,Adebare Specialist Hospital,hospital,Osun,,,Gbongan Road Osogbo,,,NHIA directory code OS/0019/P,,,area,https://integratedhealthcareltd.com/provider-directory-nhia/,2026-04-23T11:40:35Z,OS/0019/P
nhia_hcp_1363,Adenle Memorial Hospital,hospital,Osun,,,Ilesha. oamh98@yahoo.com,,,NHIA directory code OS/0041/P,,,area,https://integratedhealthcareltd.com/provider-directory-nhia/,2026-04-23T11:40:35Z,OS/0041/P
nhia_hcp_1364,Biket Medical Centre,clinic,Osun,,,"KM 4 New Ikirun Road, P.O.Box 804, Osogbo, Osun State, Nigeria.",,,NHIA directory code OS/0018/P,,,area,https://integratedhealthcareltd.com/provider-directory-nhia/,2026-04-23T11:40:35Z,OS/0018/P
nhia_hcp_1365,Bowen University Health Centre,clinic,Osun,,,Iwo,,,NHIA directory code OS/0096/P,,,area,https://integratedhealthcareltd.com/provider-directory-nhia/,2026-04-23T11:40:35Z,OS/0096/P
nhia_hcp_1366,Crystal Cross Spec. Hosp.,hospital,Osun,,,,,,NHIA directory code OS/0120/P,,,area,https://integratedhealthcareltd.com/provider-directory-nhia/,2026-04-23T11:40:35Z,OS/0120/P
nhia_hcp_1367,Emmanuel Medical Centre,clinic,Osun,,,8 Deborah Oladogun Street Oshogbo,,,NHIA directory code OS/0106/P,,,area,https://integratedhealthcareltd.com/provider-directory-nhia/,2026-04-23T11:40:35Z,OS/0106/P
nhia_hcp_1368,"Federal Polytechnic Medical Centre, Ede",clinic,Osun,,,"Ede North, Osun State",,,NHIA directory code OS/0059/P,,,area,https://integratedhealthcareltd.com/provider-directory-nhia/,2026-04-23T11:40:35Z,OS/0059/P
nhia_hcp_1369,Ibukun Olu Hospital,hospital,Osun,,,"P.O. BOX 337, Obaagun - Ikirun Osun state",,,NHIA directory code OS/0016/P,,,area,https://integratedhealthcareltd.com/provider-directory-nhia/,2026-04-23T11:40:35Z,OS/0016/P
nhia_hcp_1370,Klm Muslim Hospital,hospital,Osun,,,"Feesu Road, Iwo",,,NHIA directory code OS/0014/P,,,area,https://integratedhealthcareltd.com/provider-directory-nhia/,2026-04-23T11:40:35Z,OS/0014/P
nhia_hcp_1371,Ladoke Akintola Teaching Hospital,hospital,Osun,,,P.M.B 5000 Osogbo.,,,NHIA directory code OS/0021/P,,,area,https://integratedhealthcareltd.com/provider-directory-nhia/,2026-04-23T11:40:35Z,OS/0021/P
nhia_hcp_1372,Obafemi Awolowo Teaching Hospital,hospital,Osun,,,"Ilesha Road, Ile- Ife",,,NHIA directory code OS/0040/P,,,area,https://integratedhealthcareltd.com/provider-directory-nhia/,2026-04-23T11:40:35Z,OS/0040/P
nhia_hcp_1373,Obafemi Awolowo University Health Centre,clinic,Osun,,,"Ile-Ife, Osun State",,,NHIA directory code OS/0050/P,,,area,https://integratedhealthcareltd.com/provider-directory-nhia/,2026-04-23T11:40:35Z,OS/0050/P
nhia_hcp_1374,Okoye-Kola Hospital,hospital,Osun,,,"20, Hospital Road, Isale Agunjin Ikirun, Osun State.",,,NHIA directory code OS/0105/P,,,area,https://integratedhealthcareltd.com/provider-directory-nhia/,2026-04-23T11:40:35Z,OS/0105/P
nhia_hcp_1375,Olive Medical Centre,clinic,Osun,,,Ilesha,,,NHIA directory code OS/0009/P,,,area,https://integratedhealthcareltd.com/provider-directory-nhia/,2026-04-23T11:40:35Z,OS/0009/P
nhia_hcp_1376,Onward Specialist Hospital,hospital,Osun,,,"Agunbelewo Ilobu Road, Oshogbo.",,,NHIA directory code OS/0053/P,,,area,https://integratedhealthcareltd.com/provider-directory-nhia/,2026-04-23T11:40:35Z,OS/0053/P
nhia_hcp_1377,Oroki Hospital,hospital,Osun,,,"27 Cementery Road, Igbona Box 1052, Oshogbo.",,,NHIA directory code OS/0037/P,,,area,https://integratedhealthcareltd.com/provider-directory-nhia/,2026-04-23T11:40:35Z,OS/0037/P
nhia_hcp_1378,Osogbo Central Hospital,hospital,Osun,,,osogbo,,,NHIA directory code OS/0141/P,,,area,https://integratedhealthcareltd.com/provider-directory-nhia/,2026-04-23T11:40:35Z,OS/0141/P
nhia_hcp_1379,Our Lady of Fatima Catholic Hospital (Jaleyemi),hospital,Osun,,,"ODI-OLOWO,OSOGBO",,,NHIA directory code OS/0062/P,,,area,https://integratedhealthcareltd.com/provider-directory-nhia/,2026-04-23T11:40:35Z,OS/0062/P
nhia_hcp_1380,Our Lady of Lourdes Catholic Hospital & Maternity,clinic,Osun,,,"P.O. Box 66, Parde Road, Ipetumodu, Osun State",,,NHIA directory code OS/0088/P,,,area,https://integratedhealthcareltd.com/provider-directory-nhia/,2026-04-23T11:40:35Z,OS/0088/P
nhia_hcp_1381,Rehoboth Ear Nose and Throat Hospital,hospital,Osun,,,Osogbo,,,NHIA directory code OS/0140/P,,,area,https://integratedhealthcareltd.com/provider-directory-nhia/,2026-04-23T11:40:35Z,OS/0140/P
nhia_hcp_1382,RONBAY HOSPITAL & MAT,hospital,Osun,,,"TALAFIA IMAM STR, BEHIND FED. POLY EDE",,,NHIA directory code OS/0066/P,,,area,https://integratedhealthcareltd.com/provider-directory-nhia/,2026-04-23T11:40:35Z,OS/0066/P
nhia_hcp_1383,Safe Parturition Specialist Hospital,hospital,Osun,,,OSUN,,,NHIA directory code OS/0142/P,,,area,https://integratedhealthcareltd.com/provider-directory-nhia/,2026-04-23T11:40:35Z,OS/0142/P
nhia_hcp_1384,SEVENTH DAY ADVENTIST HOSPITAL,hospital,Osun,,,"LAGERE RD,ILE-IFE",,,NHIA directory code OS/0061/P,,,area,https://integratedhealthcareltd.com/provider-directory-nhia/,2026-04-23T11:40:35Z,OS/0061/P
nhia_hcp_1385,Spring Specialist Hospital,hospital,Osun,,,"126, Atimowa Junction,Old Ikirun Road, Oshogbo, Osun State",,,NHIA directory code OS/0103/P,,,area,https://integratedhealthcareltd.com/provider-directory-nhia/,2026-04-23T11:40:35Z,OS/0103/P
nhia_hcp_1386,"State Hospital, Ilesha",hospital,Osun,,,Ilesha,,,NHIA directory code OS/0034/P,,,area,https://integratedhealthcareltd.com/provider-directory-nhia/,2026-04-23T11:40:35Z,OS/0034/P
nhia_hcp_1387,VICTORY HOSPITAL,hospital,Osun,,,"1, Olumodan Compound, Iyalode street, Off FEESU road, Iwo, Osun State",,,NHIA directory code OS/0104/P,,,area,https://integratedhealthcareltd.com/provider-directory-nhia/,2026-04-23T11:40:35Z,OS/0104/P
nhia_hcp_1388,2 Div Hospital,hospital,Oyo,,,"Adekunle Fajuyi Cantonment, Ibadan",,,NHIA directory code OY/0165/P,,,area,https://integratedhealthcareltd.com/provider-directory-nhia/,2026-04-23T11:40:35Z,OY/0165/P
nhia_hcp_1389,Adeoye Memorial Specialist Hospital,hospital,Oyo,,,"Nw/ 4/185 George Street, Ibadan",,,NHIA directory code OY/0009/P,,,area,https://integratedhealthcareltd.com/provider-directory-nhia/,2026-04-23T11:40:35Z,OY/0009/P
nhia_hcp_1390,Adeoyo Maternity Hospital,clinic,Oyo,,,"Yemetu Road, Ibadan.",,,NHIA directory code OY/0175/P,,,area,https://integratedhealthcareltd.com/provider-directory-nhia/,2026-04-23T11:40:35Z,OY/0175/P
nhia_hcp_1391,Agugu Central Hospital,hospital,Oyo,,,"12, Agugu Oluyoro road, Ibadan, Oyo state",,,NHIA directory code OY/0493/P,,,area,https://integratedhealthcareltd.com/provider-directory-nhia/,2026-04-23T11:40:35Z,OY/0493/P
nhia_hcp_1392,Alafia Hospital,hospital,Oyo,,,"72, Adekunle Fajayi road, Adamasingba, Ibadan.",,,NHIA directory code OY/0044/P,,,area,https://integratedhealthcareltd.com/provider-directory-nhia/,2026-04-23T11:40:35Z,OY/0044/P
nhia_hcp_1393,Alawaye Hospital & Nursing Home Ltd,hospital,Oyo,,,"7, Alawaye Hospital Road, Iwo Road, Ibadan",,,NHIA directory code OY/0258/P,,,area,https://integratedhealthcareltd.com/provider-directory-nhia/,2026-04-23T11:40:35Z,OY/0258/P
nhia_hcp_1394,Al-Hayu Hospital,hospital,Oyo,,,"Saw-Mill Ife Road, Ibadan",,,NHIA directory code OY/0068/P,,,area,https://integratedhealthcareltd.com/provider-directory-nhia/,2026-04-23T11:40:35Z,OY/0068/P
nhia_hcp_1395,Anu Oluwa Specialist Hospital,hospital,Oyo,,,"No. 8 Abiclogen Layout Challenge, Ibadan",,,NHIA directory code OY/0195/P,,,area,https://integratedhealthcareltd.com/provider-directory-nhia/,2026-04-23T11:40:35Z,OY/0195/P
nhia_hcp_1396,Association for Reproductive and Family Health,hospital,Oyo,,,oyo,,,NHIA directory code OY/0534/P,,,area,https://integratedhealthcareltd.com/provider-directory-nhia/,2026-04-23T11:40:35Z,OY/0534/P
nhia_hcp_1397,AYO HOSPITAL,hospital,Oyo,,,"PREMIUM HOUSE ANNEX, MAGAZINE ROAD, JERICHO, IBADAN",,,NHIA directory code OY/0246/P,,,area,https://integratedhealthcareltd.com/provider-directory-nhia/,2026-04-23T11:40:35Z,OY/0246/P
nhia_hcp_1398,Ayofunmi Hospital and Maternity,clinic,Oyo,,,"43 Polytechnic Road, Sango,",,,NHIA directory code OY/0426/P,,,area,https://integratedhealthcareltd.com/provider-directory-nhia/,2026-04-23T11:40:35Z,OY/0426/P
nhia_hcp_1399,Ayokemi Hospital & ultrasound centre,hospital,Oyo,,,,,,NHIA directory code OY/0516/P,,,area,https://integratedhealthcareltd.com/provider-directory-nhia/,2026-04-23T11:40:35Z,OY/0516/P
nhia_hcp_1400,Badejoko Memorial Hospital,hospital,Oyo,,,,,,NHIA directory code OY/0005/P,,,area,https://integratedhealthcareltd.com/provider-directory-nhia/,2026-04-23T11:40:35Z,OY/0005/P
nhia_hcp_1401,Banby Specialist Hospital,hospital,Oyo,,,"Plot 11, Blk XLII, Akobo Estate, Olorunda-Abaa Rd, Ibadan,",,,NHIA directory code OY/0263/P,,,area,https://integratedhealthcareltd.com/provider-directory-nhia/,2026-04-23T11:40:35Z,OY/0263/P
nhia_hcp_1402,Baptist Hospital,hospital,Oyo,,,"Oyo, Ibadan",,,NHIA directory code OY/0083/P,,,area,https://integratedhealthcareltd.com/provider-directory-nhia/,2026-04-23T11:40:35Z,OY/0083/P
nhia_hcp_1403,"Baptist Medical Centre, Ogbomoso",clinic,Oyo,,,"Ogbomosho, Oyo State",,,NHIA directory code OY/0242/P,,,area,https://integratedhealthcareltd.com/provider-directory-nhia/,2026-04-23T11:40:35Z,OY/0242/P
nhia_hcp_1404,"Baptist Medical Centre, Saki",clinic,Oyo,,,"Ajegunle Area, Saki, Oyo State",,,NHIA directory code OY/0183/P,,,area,https://integratedhealthcareltd.com/provider-directory-nhia/,2026-04-23T11:40:35Z,OY/0183/P
nhia_hcp_1405,BEST WESTERN HOSPITAL,hospital,Oyo,,,,,,NHIA directory code OY/0953/P,,,area,https://integratedhealthcareltd.com/provider-directory-nhia/,2026-04-23T11:40:35Z,OY/0953/P
nhia_hcp_1406,BETA LIFE HOSPITAL,hospital,Oyo,,,"6 ADEGBITE STREET, AGBOWO, UNIVERSITY OF IBADAN, OYO STATE.",,,NHIA directory code OY/0405/P,,,area,https://integratedhealthcareltd.com/provider-directory-nhia/,2026-04-23T11:40:35Z,OY/0405/P
nhia_hcp_1407,Beta-Life Hospital,hospital,Oyo,,,"3, Odutola Street, Off Imalefafia Street, Obafemi Awolowo Way, Oke-Ado, Ibadan.",,,NHIA directory code OY/0077/P,,,area,https://integratedhealthcareltd.com/provider-directory-nhia/,2026-04-23T11:40:35Z,OY/0077/P
nhia_hcp_1408,Bethel Specialist Hospital,hospital,Oyo,,,"47, Awolowo Avenue, Old Bodiya Estate, Ibadan, Oyo State",,,NHIA directory code OY/0254/P,,,area,https://integratedhealthcareltd.com/provider-directory-nhia/,2026-04-23T11:40:35Z,OY/0254/P
nhia_hcp_1409,BISMO MEDICAL CENTRE,clinic,Oyo,,,"AYEGUN-OLOMO ROAD, ARIJO, APETE, IBADAN, OYO STATE",,,NHIA directory code OY/0550/P,,,area,https://integratedhealthcareltd.com/provider-directory-nhia/,2026-04-23T11:40:35Z,OY/0550/P
nhia_hcp_1410,"Catholic Hospital, Oluyoro",hospital,Oyo,,,"Oluyoro, Ibadan, Oyo State",,,NHIA directory code OY/0250/P,,,area,https://integratedhealthcareltd.com/provider-directory-nhia/,2026-04-23T11:40:35Z,OY/0250/P
nhia_hcp_1411,Chrisbo Medical Centre,clinic,Oyo,,,"House 11, Plot 1, Phase III, Bashorun Estate, Akobo, Ibadan",,,NHIA directory code OY/0345/P,,,area,https://integratedhealthcareltd.com/provider-directory-nhia/,2026-04-23T11:40:35Z,OY/0345/P
nhia_hcp_1412,Christ Hope Hospital and Maternity,clinic,Oyo,,,"59 Ijaye Road, Moniya, Ibadan",,,NHIA directory code OY/0413/P,,,area,https://integratedhealthcareltd.com/provider-directory-nhia/,2026-04-23T11:40:35Z,OY/0413/P
nhia_hcp_1413,Christus Special Hospital,hospital,Oyo,,,"Zion Building, Kayode Obembe, Crescent, New Ire Road, Ibadan",,,NHIA directory code OY/0015/P,,,area,https://integratedhealthcareltd.com/provider-directory-nhia/,2026-04-23T11:40:35Z,OY/0015/P
nhia_hcp_1414,Comfort Medical Centre,clinic,Oyo,,,"10, Lakanmi Close to Toatle Garden, Ibadan",,,NHIA directory code OY/0264/P,,,area,https://integratedhealthcareltd.com/provider-directory-nhia/,2026-04-23T11:40:35Z,OY/0264/P
nhia_hcp_1415,Continental Medical Centre,clinic,Oyo,,,"S7/998A Engineer Adebajo Oshinbowale Close,Opp. Globacom House, Elewura Bus Stop, Challenge Ibadan.",,,NHIA directory code OY/0212/P,,,area,https://integratedhealthcareltd.com/provider-directory-nhia/,2026-04-23T11:40:35Z,OY/0212/P
nhia_hcp_1416,Cottage Hospital/Comprehensive Health Centre,clinic,Oyo,,,"Oyo Police Command, Ibadan, Oyo State",,,NHIA directory code OY/0188/P,,,area,https://integratedhealthcareltd.com/provider-directory-nhia/,2026-04-23T11:40:35Z,OY/0188/P
nhia_hcp_1417,CROWN HOSPITAL,hospital,Oyo,,,"SW 9/1147A AGBAJE B/STOP, ORITA CHALLENGE,IBADAN",,,NHIA directory code OY/0279/P,,,area,https://integratedhealthcareltd.com/provider-directory-nhia/,2026-04-23T11:40:35Z,OY/0279/P
nhia_hcp_1418,Delight hospital & fertility centre,hospital,Oyo,,,"No1,emmanuel close,tomon sheet,bolumole Area",,,NHIA directory code OY/0502/P,,,area,https://integratedhealthcareltd.com/provider-directory-nhia/,2026-04-23T11:40:35Z,OY/0502/P
nhia_hcp_1419,Divine Favour Hospital,hospital,Oyo,,,"Ahop Mesan B/Stop, Iyana Church, Ibadan, Oyo State",,,NHIA directory code OY/0210/P,,,area,https://integratedhealthcareltd.com/provider-directory-nhia/,2026-04-23T11:40:35Z,OY/0210/P
nhia_hcp_1420,DOCTORS POLYCLINIC,clinic,Oyo,,,"12 AKINTOBA STR, AGBOWO U.I IBADAN",,,NHIA directory code OY/0268/P,,,area,https://integratedhealthcareltd.com/provider-directory-nhia/,2026-04-23T11:40:35Z,OY/0268/P
nhia_hcp_1421,Dorji Hospital & Maternity,clinic,Oyo,,,"Abidokun Close Police Molete, Ibadan",,,NHIA directory code OY/0064/P,,,area,https://integratedhealthcareltd.com/provider-directory-nhia/,2026-04-23T11:40:35Z,OY/0064/P
nhia_hcp_1422,Elyon Sepcialist Clinic,clinic,Oyo,,,"72 Iwo Road, Ibadan",,,NHIA directory code OY/0408/P,,,area,https://integratedhealthcareltd.com/provider-directory-nhia/,2026-04-23T11:40:35Z,OY/0408/P
nhia_hcp_1423,Faith Foundation Hospital,hospital,Oyo,,,Okeho Rd Iseyin Oyo State. 0,,,NHIA directory code OY/0200/P,,,area,https://integratedhealthcareltd.com/provider-directory-nhia/,2026-04-23T11:40:35Z,OY/0200/P
nhia_hcp_1424,Fajimi Memorial Hospital,hospital,Oyo,,,"Aba Eja, Tinuoye, off Army Barrack Rd Behind Total Petrol Station Ojoo.",,,NHIA directory code OY/0197/P,,,area,https://integratedhealthcareltd.com/provider-directory-nhia/,2026-04-23T11:40:35Z,OY/0197/P
nhia_hcp_1425,Femi Specialist Hospital,hospital,Oyo,,,"7, Bcos Road Basorun, Ibadan",,,NHIA directory code OY/0035/P,,,area,https://integratedhealthcareltd.com/provider-directory-nhia/,2026-04-23T11:40:35Z,OY/0035/P
nhia_hcp_1426,Florence Hospital,hospital,Oyo,,,"Near Co-Operative Building, Oja-Igbo, Ogbomosho",,,NHIA directory code OY/0085/P,,,area,https://integratedhealthcareltd.com/provider-directory-nhia/,2026-04-23T11:40:35Z,OY/0085/P
nhia_hcp_1427,Foremost Base Hospital,hospital,Oyo,,,"I Rufia Street, N6A/958 Coca Cola Area, Ibadan,",,,NHIA directory code OY/0348/P,,,area,https://integratedhealthcareltd.com/provider-directory-nhia/,2026-04-23T11:40:35Z,OY/0348/P
nhia_hcp_1428,FORTUNE HOSPITAL & DENTAL CENTRE,dental,Oyo,,,"32 MKO ABIOLA WAY, ANFANI ROUNDABOUT, IBADAN,",,,NHIA directory code OY/0271/P,,,area,https://integratedhealthcareltd.com/provider-directory-nhia/,2026-04-23T11:40:35Z,OY/0271/P
nhia_hcp_1429,"General Hospital, Iseyin",hospital,Oyo,,,"Iseyin, Oyo State.",,,NHIA directory code OY/0173/P,,,area,https://integratedhealthcareltd.com/provider-directory-nhia/,2026-04-23T11:40:35Z,OY/0173/P
nhia_hcp_1430,God’s Knot Hospital,hospital,Oyo,,,"7, Ologuneru Rd. Iyana Ekerin Beside",,,NHIA directory code OY/0504/P,,,area,https://integratedhealthcareltd.com/provider-directory-nhia/,2026-04-23T11:40:35Z,OY/0504/P
nhia_hcp_1431,Gold Cross Medical Clinic,clinic,Oyo,,,,,,NHIA directory code OY/0007/P,,,area,https://integratedhealthcareltd.com/provider-directory-nhia/,2026-04-23T11:40:35Z,OY/0007/P
nhia_hcp_1432,HERITAGE COMPREHENSIVE HOSPITAL,hospital,Oyo,,,"57 ANFANI RD, RING RD, IBADAN. P.O.BOX 38183, DUGBE",,,NHIA directory code OY/0272/P,,,area,https://integratedhealthcareltd.com/provider-directory-nhia/,2026-04-23T11:40:35Z,OY/0272/P
nhia_hcp_1433,Highland Specialist Hospital,hospital,Oyo,,,"The House Of Hearing,88 along Yemetu Adeoyo Hospital Road, Yemetu. Ibadan.",,,NHIA directory code OY/0078/P,,,area,https://integratedhealthcareltd.com/provider-directory-nhia/,2026-04-23T11:40:35Z,OY/0078/P
nhia_hcp_1434,IBADAN CENTRAL HOSPITAL,hospital,Oyo,,,"OSOSAMI RD, OFF RING RD,IBADAN, 0",,,NHIA directory code OY/0270/P,,,area,https://integratedhealthcareltd.com/provider-directory-nhia/,2026-04-23T11:40:35Z,OY/0270/P
nhia_hcp_1435,Immaculate Hospital,hospital,Oyo,,,"23 Odutola Road, Off Ososami Road,Oke-Ado,Ibadan.",,,NHIA directory code OY/0372/P,,,area,https://integratedhealthcareltd.com/provider-directory-nhia/,2026-04-23T11:40:35Z,OY/0372/P
nhia_hcp_1436,Ireti Oluwa Hospital,hospital,Oyo,,,"Saw-Mill, Apake,P.O.Box 888 Ogbomosho.",,,NHIA directory code OY/0172/P,,,area,https://integratedhealthcareltd.com/provider-directory-nhia/,2026-04-23T11:40:35Z,OY/0172/P
nhia_hcp_1437,J. Rapha Hospital,hospital,Oyo,,,,,,NHIA directory code OY/0008/P,,,area,https://integratedhealthcareltd.com/provider-directory-nhia/,2026-04-23T11:40:35Z,OY/0008/P
nhia_hcp_1438,Jerico General Hospital,hospital,Oyo,,,"MAGAZINE ROAD, JERICHO, IBADAN.",,,NHIA directory code OY/0177/P,,,area,https://integratedhealthcareltd.com/provider-directory-nhia/,2026-04-23T11:40:35Z,OY/0177/P
nhia_hcp_1439,Jerico Nursing Home,hospital,Oyo,,,"MAGAZINE ROAD, IBADAN.",,,NHIA directory code OY/0184/P,,,area,https://integratedhealthcareltd.com/provider-directory-nhia/,2026-04-23T11:40:35Z,OY/0184/P
nhia_hcp_1440,JOLALEKE SPEC. HOSPITAL,hospital,Oyo,,,"12 ALONG FODASIS RD, OPP. NEW ADEOYO HOSPITAL. IBADAN",,,NHIA directory code OY/0277/P,,,area,https://integratedhealthcareltd.com/provider-directory-nhia/,2026-04-23T11:40:35Z,OY/0277/P
nhia_hcp_1441,Jubilee Hospital,hospital,Oyo,,,OYO,,,NHIA directory code OY/0511/P,,,area,https://integratedhealthcareltd.com/provider-directory-nhia/,2026-04-23T11:40:35Z,OY/0511/P
nhia_hcp_1442,Kejide Specialist Hospital,hospital,Oyo,,,"Sw 9/704a Elewure Str., Challenge, Ibadan",,,NHIA directory code OY/0042/P,,,area,https://integratedhealthcareltd.com/provider-directory-nhia/,2026-04-23T11:40:35Z,OY/0042/P
nhia_hcp_1443,Lad Medical Centre,clinic,Oyo,,,"Orita Challenge, Ibadan",,,NHIA directory code OY/0067/P,,,area,https://integratedhealthcareltd.com/provider-directory-nhia/,2026-04-23T11:40:35Z,OY/0067/P
nhia_hcp_1444,Ladoke Akintola University of Technology,hospital,Oyo,,,Ogbomoso,,,NHIA directory code OY/0518/P,,,area,https://integratedhealthcareltd.com/provider-directory-nhia/,2026-04-23T11:40:35Z,OY/0518/P
nhia_hcp_1445,Lafia Hospital,hospital,Oyo,,,"NNPC AREA Sw 9/960 Abeokuta Road, Apata, Ibadan,",,,NHIA directory code OY/0072/P,,,area,https://integratedhealthcareltd.com/provider-directory-nhia/,2026-04-23T11:40:35Z,OY/0072/P
nhia_hcp_1446,Lanark Specialist Hospital,hospital,Oyo,,,"Sw9/1423, State Hospital Road, Ring Road Area, Ibadan",,,NHIA directory code OY/0014/P,,,area,https://integratedhealthcareltd.com/provider-directory-nhia/,2026-04-23T11:40:35Z,OY/0014/P
nhia_hcp_1447,MAINSPRING HOSPITAL - OY/0570/P,hospital,Oyo,,,,,,NHIA directory code OY/0570/P,,,area,https://integratedhealthcareltd.com/provider-directory-nhia/,2026-04-23T11:40:35Z,OY/0570/P
nhia_hcp_1448,Medical Practitioners Services,hospital,Oyo,,,"4, Queen Elizabeth Rd.Mokola Roundabout, Ibadan,",,,NHIA directory code OY/0075/P,,,area,https://integratedhealthcareltd.com/provider-directory-nhia/,2026-04-23T11:40:35Z,OY/0075/P
nhia_hcp_1449,MERCYLAND HOSPITAL & DENTAL,dental,Oyo,,,"OPP. NEW GBAGI MARKET NEW IFE RD,IBADAN",,,NHIA directory code OY/0275/P,,,area,https://integratedhealthcareltd.com/provider-directory-nhia/,2026-04-23T11:40:35Z,OY/0275/P
nhia_hcp_1450,Mobolaji Hospital,hospital,Oyo,,,"43, Obafemi Awolowo Way, Oke-Bola, Ibadan",,,NHIA directory code OY/0010/P,,,area,https://integratedhealthcareltd.com/provider-directory-nhia/,2026-04-23T11:40:35Z,OY/0010/P
nhia_hcp_1451,Molly Specialist Hospital,hospital,Oyo,,,"18, Iwo Road Idiape Junction, Ibadan",,,NHIA directory code OY/0004/P,,,area,https://integratedhealthcareltd.com/provider-directory-nhia/,2026-04-23T11:40:35Z,OY/0004/P
nhia_hcp_1452,Mommoh Memorial Hospital,hospital,Oyo,,,"Idi Ope Qtrs, Oyo town,",,,NHIA directory code OY/0198/P,,,area,https://integratedhealthcareltd.com/provider-directory-nhia/,2026-04-23T11:40:35Z,OY/0198/P
nhia_hcp_1453,Moviv Specialist Hopital Limited,hospital,Oyo,,,"Adetoun Area, Off Eruwa",,,NHIA directory code OY/0513/P,,,area,https://integratedhealthcareltd.com/provider-directory-nhia/,2026-04-23T11:40:35Z,OY/0513/P
nhia_hcp_1454,Muslim Hospital,hospital,Oyo,,,"Afote Road, Shaki",,,NHIA directory code OY/0167/P,,,area,https://integratedhealthcareltd.com/provider-directory-nhia/,2026-04-23T11:40:35Z,OY/0167/P
nhia_hcp_1455,NAF Detachment Medical Centre,clinic,Oyo,,,"Ojo, Ibadan, Oyo State",,,NHIA directory code OY/0213/P,,,area,https://integratedhealthcareltd.com/provider-directory-nhia/,2026-04-23T11:40:35Z,OY/0213/P
nhia_hcp_1456,NAF Medical Centre,clinic,Oyo,,,NAF Air Force Comp Sec. Sch. Ibadan,,,NHIA directory code OY/0166/P,,,area,https://integratedhealthcareltd.com/provider-directory-nhia/,2026-04-23T11:40:35Z,OY/0166/P
nhia_hcp_1457,New Day Hospital,hospital,Oyo,,,"Behind Hosanna Joe Restuarant Off Ibadan-Lagos Express Rd Owode-Academy Area, Ibadan",,,NHIA directory code OY/0199/P,,,area,https://integratedhealthcareltd.com/provider-directory-nhia/,2026-04-23T11:40:35Z,OY/0199/P
nhia_hcp_1458,Oke-Ado Hospital,hospital,Oyo,,,"SW7/217, Ibukun Olu Street, Oke Ado, Ibadan.",,,NHIA directory code OY/0032/P,,,area,https://integratedhealthcareltd.com/provider-directory-nhia/,2026-04-23T11:40:35Z,OY/0032/P
nhia_hcp_1459,OLAJUMOKE HOSPITAL,hospital,Oyo,,,OYO STATE,,,NHIA directory code OY/0558/P,,,area,https://integratedhealthcareltd.com/provider-directory-nhia/,2026-04-23T11:40:35Z,OY/0558/P
nhia_hcp_1460,Oluwayomi Hospital,hospital,Oyo,,,"3 Oyeniwe Street, Olorombo, Bashorun,",,,NHIA directory code OY/0425/P,,,area,https://integratedhealthcareltd.com/provider-directory-nhia/,2026-04-23T11:40:35Z,OY/0425/P
nhia_hcp_1461,Oniwumi Medical centre,clinic,Oyo,,,"Abayomi Street, Off Abayomi Bus Stop, Iwo Road Ibadan, Oyo State",,,NHIA directory code OY/0467/P,,,area,https://integratedhealthcareltd.com/provider-directory-nhia/,2026-04-23T11:40:35Z,OY/0467/P
nhia_hcp_1462,OPABODE MEMORIAL HOSPITAL,hospital,Oyo,,,"Along Emmanuel alayande College off Education Campus Oke-Oroki, Oyo.",,,NHIA directory code OY/0441/P,,,area,https://integratedhealthcareltd.com/provider-directory-nhia/,2026-04-23T11:40:35Z,OY/0441/P
nhia_hcp_1463,Our Lady Catholic Hospital,hospital,Oyo,,,"Iseyin, Oyo State.",,,NHIA directory code OY/0174/P,,,area,https://integratedhealthcareltd.com/provider-directory-nhia/,2026-04-23T11:40:35Z,OY/0174/P
nhia_hcp_1464,Oyin Specialist Hospital,hospital,Oyo,,,"Airport Road, Ibadan",,,NHIA directory code OY/0086/P,,,area,https://integratedhealthcareltd.com/provider-directory-nhia/,2026-04-23T11:40:35Z,OY/0086/P
nhia_hcp_1465,OYO MESI SPECIALIST HOSPITAL,hospital,Oyo,,,OYO STATE,,,NHIA directory code OY/0940/P,,,area,https://integratedhealthcareltd.com/provider-directory-nhia/,2026-04-23T11:40:35Z,OY/0940/P
nhia_hcp_1466,Pauline Canadian Hospital,hospital,Oyo,,,,,,NHIA directory code OY/0521/P,,,area,https://integratedhealthcareltd.com/provider-directory-nhia/,2026-04-23T11:40:35Z,OY/0521/P
nhia_hcp_1467,Peamak Hospital & Maternity Centre,clinic,Oyo,,,"ALALUBASA RD, OYI",,,NHIA directory code OY/0285/P,,,area,https://integratedhealthcareltd.com/provider-directory-nhia/,2026-04-23T11:40:35Z,OY/0285/P
nhia_hcp_1468,Premier Hospital,hospital,Oyo,,,"123, Obafemi awolowo way, Oke Ado Ibadan.",,,NHIA directory code OY/0437/P,,,area,https://integratedhealthcareltd.com/provider-directory-nhia/,2026-04-23T11:40:35Z,OY/0437/P
nhia_hcp_1469,Queen's Hospital,hospital,Oyo,,,"38, Iya Olobe St. Dugbe Eketedo Ibadan",,,NHIA directory code OY/0189/P,,,area,https://integratedhealthcareltd.com/provider-directory-nhia/,2026-04-23T11:40:35Z,OY/0189/P
nhia_hcp_1470,Ramoth-Gilead Hospital,hospital,Oyo,,,"44, Liberty Stadium road, Ibadan, Oyo state.",,,NHIA directory code OY/0488/P,,,area,https://integratedhealthcareltd.com/provider-directory-nhia/,2026-04-23T11:40:35Z,OY/0488/P
nhia_hcp_1471,Rdeemer's Health C entre,hospital,Oyo,,,"37, Awolowo Avenue Bodija Ibadan",,,NHIA directory code OY/0485/P,,,area,https://integratedhealthcareltd.com/provider-directory-nhia/,2026-04-23T11:40:35Z,OY/0485/P
nhia_hcp_1472,Ring Road Hospital,hospital,Oyo,,,"Ring Road state hospital,new adeoyo,off m.k.o abiola way Ibadan",,,NHIA directory code OY/0176/P,,,area,https://integratedhealthcareltd.com/provider-directory-nhia/,2026-04-23T11:40:35Z,OY/0176/P
nhia_hcp_1473,ROYAL CLINIC & MAT. NIG. LTD,clinic,Oyo,,,"58 OYO RD, VETERINARY B/STOP MOKOLA, IBADAN",,,NHIA directory code OY/0287/P,,,area,https://integratedhealthcareltd.com/provider-directory-nhia/,2026-04-23T11:40:35Z,OY/0287/P
nhia_hcp_1474,Safepath Hospital,hospital,Oyo,,,OYO STATE,,,NHIA directory code OY/0494/P,,,area,https://integratedhealthcareltd.com/provider-directory-nhia/,2026-04-23T11:40:35Z,OY/0494/P
nhia_hcp_1475,SAMARITAN HOSPITAL,hospital,Oyo,,,"PLOT 1 GOVT, COMM. LAYOUT, RING RD,STATE HOSP. RD, IBADAN OYO STATE.",,,NHIA directory code OY/0274/P,,,area,https://integratedhealthcareltd.com/provider-directory-nhia/,2026-04-23T11:40:35Z,OY/0274/P
nhia_hcp_1476,Samron Medical Centre,clinic,Oyo,,,"62 Adebiyi Street, Joyce - B Road off",,,NHIA directory code OY/0363/P,,,area,https://integratedhealthcareltd.com/provider-directory-nhia/,2026-04-23T11:40:35Z,OY/0363/P
nhia_hcp_1477,Shalom Group Medical Centre,clinic,Oyo,,,"SHALOM HOUSE, ABODERIN CLOSE, AGBAJE B/STOP, ORITA CHALLENGE.",,,NHIA directory code OY/0278/P,,,area,https://integratedhealthcareltd.com/provider-directory-nhia/,2026-04-23T11:40:35Z,OY/0278/P
nhia_hcp_1478,Shalom Medical Centre,clinic,Oyo,,,"SABO OGBOMOSO.OYO STATE. P.O BOX 1485, OGBOMOSO OYO STATE",,,NHIA directory code OY/0206/P,,,area,https://integratedhealthcareltd.com/provider-directory-nhia/,2026-04-23T11:40:35Z,OY/0206/P
nhia_hcp_1479,Shekinah Medical Centre,clinic,Oyo,,,No.2 Bamgboshe Street Owode Oyo,,,NHIA directory code OY/0202/P,,,area,https://integratedhealthcareltd.com/provider-directory-nhia/,2026-04-23T11:40:35Z,OY/0202/P
nhia_hcp_1480,Skyline Specialist Clinic,clinic,Oyo,,,"14, Olalekan Alabi Close, Off Abayomi Bus Stop, Iwo Road, Ibadan, Oyo State",,,NHIA directory code OY/0081/P,,,area,https://integratedhealthcareltd.com/provider-directory-nhia/,2026-04-23T11:40:35Z,OY/0081/P
nhia_hcp_1481,St Annes Specialist Hospital,hospital,Oyo,,,"9, Moremi Rd, off Aare Avenue,",,,NHIA directory code OY/0446/P,,,area,https://integratedhealthcareltd.com/provider-directory-nhia/,2026-04-23T11:40:35Z,OY/0446/P
nhia_hcp_1482,St Dominic Catholic Hospital,hospital,Oyo,,,"Ogungbade Village,New Ife Road,",,,NHIA directory code OY/0366/P,,,area,https://integratedhealthcareltd.com/provider-directory-nhia/,2026-04-23T11:40:35Z,OY/0366/P
nhia_hcp_1483,St Lucia Hospital,hospital,Oyo,,,bEHINDE oLD oDEON cINEMAOke-Ado Ibadan,,,NHIA directory code OY/0190/P,,,area,https://integratedhealthcareltd.com/provider-directory-nhia/,2026-04-23T11:40:35Z,OY/0190/P
nhia_hcp_1484,St Marello Catholic Hospital,hospital,Oyo,,,"OPERE VILLAGE, IBADAN, OYO STATE.",,,NHIA directory code OY/0357/P,,,area,https://integratedhealthcareltd.com/provider-directory-nhia/,2026-04-23T11:40:35Z,OY/0357/P
nhia_hcp_1485,St Patric's Hospital,hospital,Oyo,,,"NO 107/780 IDI OPE, OYO STATE",,,NHIA directory code OY/0354/P,,,area,https://integratedhealthcareltd.com/provider-directory-nhia/,2026-04-23T11:40:35Z,OY/0354/P
nhia_hcp_1486,St. Martinas Hospital Ltd.,hospital,Oyo,,,"NW6/309 Akintola Road, Ekotedo, Ibadan, Oyo State",,,NHIA directory code OY/0013/P,,,area,https://integratedhealthcareltd.com/provider-directory-nhia/,2026-04-23T11:40:35Z,OY/0013/P
nhia_hcp_1487,"St. Marys Catholic General Hospital Eleta, Ibadan",hospital,Oyo,,,"Eleta, P.M.B 085 Mapo Eleta, Ibadan, Oyo State.",,,NHIA directory code OY/0079/P,,,area,https://integratedhealthcareltd.com/provider-directory-nhia/,2026-04-23T11:40:35Z,OY/0079/P
nhia_hcp_1488,"State Hospital, Ogbomoso",hospital,Oyo,,,"Sunsum area, Ogbomosho, Oyo State.",,,NHIA directory code OY/0179/P,,,area,https://integratedhealthcareltd.com/provider-directory-nhia/,2026-04-23T11:40:35Z,OY/0179/P
nhia_hcp_1489,"State hospital, oyo",hospital,Oyo,,,"Along Oyo/Ogbomoso Road, Owode Oyo, Oyo State.",,,NHIA directory code OY/0178/P,,,area,https://integratedhealthcareltd.com/provider-directory-nhia/,2026-04-23T11:40:35Z,OY/0178/P
nhia_hcp_1490,"State Hospital, Saki",hospital,Oyo,,,"Saki, Sango Road, Ibadan, Oyo State.",,,NHIA directory code OY/0182/P,,,area,https://integratedhealthcareltd.com/provider-directory-nhia/,2026-04-23T11:40:35Z,OY/0182/P
nhia_hcp_1491,Teju Specialist Hospital,hospital,Oyo,,,"6 Alh. Animasaun Street, Ring Road, Ibadan.",,,NHIA directory code OY/0051/P,,,area,https://integratedhealthcareltd.com/provider-directory-nhia/,2026-04-23T11:40:35Z,OY/0051/P
nhia_hcp_1492,Teju Specialist Hospital Annex,hospital,Oyo,,,"Oyo-Ogbomosho Road,Ibadan",,,NHIA directory code OY/0036/P,,,area,https://integratedhealthcareltd.com/provider-directory-nhia/,2026-04-23T11:40:35Z,OY/0036/P
nhia_hcp_1493,The Horizon Hospital,optical,Oyo,,,"23, Odutola Street, Behind Conac Optical Imalefalafia,Oke-Ado, Ibadan,Oyo State",,,NHIA directory code OY/0462/P,,,area,https://integratedhealthcareltd.com/provider-directory-nhia/,2026-04-23T11:40:35Z,OY/0462/P
nhia_hcp_1494,The Issachar Medical Centre,clinic,Oyo,,,"Super guest house road,off orile-aro bus stop",,,NHIA directory code OY/0483/P,,,area,https://integratedhealthcareltd.com/provider-directory-nhia/,2026-04-23T11:40:35Z,OY/0483/P
nhia_hcp_1495,The Vine Hospital & Maternity Centre,clinic,Oyo,,,"Block 10 Plot 24, Alafin Avenue, Oluyole Extension, Ibadan",,,NHIA directory code OY/0031/P,,,area,https://integratedhealthcareltd.com/provider-directory-nhia/,2026-04-23T11:40:35Z,OY/0031/P
nhia_hcp_1496,Tobi Medical Centre Ltd.,clinic,Oyo,,,"57/453 Felele Layout, Ibadan P.O.Box 11252",,,NHIA directory code OY/0003/P,,,area,https://integratedhealthcareltd.com/provider-directory-nhia/,2026-04-23T11:40:35Z,OY/0003/P
nhia_hcp_1497,Toun Memorial Specialist Hospital,hospital,Oyo,,,"Km 1/2 New Life Road, Ibadan",,,NHIA directory code OY/0052/P,,,area,https://integratedhealthcareltd.com/provider-directory-nhia/,2026-04-23T11:40:35Z,OY/0052/P
nhia_hcp_1498,TRIOSES MEMORIAL HOSPITAL AND M,hospital,Oyo,,,Oyo state,,,NHIA directory code OY/0537/P,,,area,https://integratedhealthcareltd.com/provider-directory-nhia/,2026-04-23T11:40:35Z,OY/0537/P
nhia_hcp_1499,TZ HOSPITAL & MATERNITY,clinic,Oyo,,,"AGBAKIN LAYOUT BEHIND MR BIGGS IWO RD,IBADAN",,,NHIA directory code OY/0292/P,,,area,https://integratedhealthcareltd.com/provider-directory-nhia/,2026-04-23T11:40:35Z,OY/0292/P
nhia_hcp_1500,Unity Medical Centre,clinic,Oyo,,,31 Eleyele Rd Ibadan. umcib@yahoo.com.,,,NHIA directory code OY/0191/P,,,area,https://integratedhealthcareltd.com/provider-directory-nhia/,2026-04-23T11:40:35Z,OY/0191/P
nhia_hcp_1501,University College Hospital Ibadan,hospital,Oyo,,,Ibadan,,,NHIA directory code OY/0001/P,,,area,https://integratedhealthcareltd.com/provider-directory-nhia/,2026-04-23T11:40:35Z,OY/0001/P
nhia_hcp_1502,UNIVERSITY HEALTH SERVICE ( JAJA CLINIC),clinic,Oyo,,,"UNIVERSITY OF IBADAN, IBADAN",,,NHIA directory code OY/0267/P,,,area,https://integratedhealthcareltd.com/provider-directory-nhia/,2026-04-23T11:40:35Z,OY/0267/P
nhia_hcp_1503,University of Ibadan Health Services (Jaja Health Clinic),clinic,Oyo,,,"Ibadan, Oyo State",,,NHIA directory code OY/0252/P,,,area,https://integratedhealthcareltd.com/provider-directory-nhia/,2026-04-23T11:40:35Z,OY/0252/P
nhia_hcp_1504,Victory Medical Centre,clinic,Oyo,,,"House 4, Road 120,80,20, NW7 Poly-Eleyele Rd, Mosafejo B/Stop Ibadan",,,NHIA directory code OY/0203/P,,,area,https://integratedhealthcareltd.com/provider-directory-nhia/,2026-04-23T11:40:35Z,OY/0203/P
nhia_hcp_1505,Vine Branch Maternity and Infant Welfare Centre,clinic,Oyo,,,"Plot 4, Block",,,NHIA directory code OY/0429/P,,,area,https://integratedhealthcareltd.com/provider-directory-nhia/,2026-04-23T11:40:35Z,OY/0429/P
nhia_hcp_1506,Welfare Hospital Ltd.,hospital,Oyo,,,"Old Ife Road Newgbagi, Market Area, Ibadan.",,,NHIA directory code OY/0006/P,,,area,https://integratedhealthcareltd.com/provider-directory-nhia/,2026-04-23T11:40:35Z,OY/0006/P
nhia_hcp_1507,West Wind Hospital and Maternity Limi,clinic,Oyo,,,"Ibadan, Oyo state",,,NHIA directory code OY/0560/P,,,area,https://integratedhealthcareltd.com/provider-directory-nhia/,2026-04-23T11:40:35Z,OY/0560/P
nhia_hcp_1508,Zenith Care Hospital,hospital,Oyo,,,,,,NHIA directory code OY/0500/P,,,area,https://integratedhealthcareltd.com/provider-directory-nhia/,2026-04-23T11:40:35Z,OY/0500/P
nhia_hcp_1509,ZENITH CARE HOSPITAL & FERTILITY,hospital,Oyo,,,,,,NHIA directory code OY/0954/P,,,area,https://integratedhealthcareltd.com/provider-directory-nhia/,2026-04-23T11:40:35Z,OY/0954/P
nhia_hcp_1510,ZENITH CARE HOSPITAL AND FERTILITY CENTER,hospital,Oyo,,,Oyo State,,,NHIA directory code OY/0970/P,,,area,https://integratedhealthcareltd.com/provider-directory-nhia/,2026-04-23T11:40:35Z,OY/0970/P
nhia_hcp_1511,Zoe Specialist Mission Hospital,hospital,Oyo,,,"No.4 Adeogun Str., Oluyele Estate, Ibadan",,,NHIA directory code OY/0211/P,,,area,https://integratedhealthcareltd.com/provider-directory-nhia/,2026-04-23T11:40:35Z,OY/0211/P
nhia_hcp_1512,463 NAF Hospital Jos,hospital,Plateau,,,"NAF Station, Along Old Airport Road, Jos. P.M.B 2737 Rayfield road, Jos.",,,NHIA directory code PL/0058/P,,,area,https://integratedhealthcareltd.com/provider-directory-nhia/,2026-04-23T11:40:35Z,PL/0058/P
nhia_hcp_1513,Abnira Medical Centre,clinic,Plateau,,,"Plot 10078 Hospital place, behind Plateau Hospital, Jos",,,NHIA directory code PL/0172/P,,,area,https://integratedhealthcareltd.com/provider-directory-nhia/,2026-04-23T11:40:35Z,PL/0172/P
nhia_hcp_1514,AMINCI HOSPITAL-PL/0480/P,hospital,Plateau,,,JOS/PLATEAU,,,NHIA directory code PL/0480/P,,,area,https://integratedhealthcareltd.com/provider-directory-nhia/,2026-04-23T11:40:35Z,PL/0480/P
nhia_hcp_1515,"Bingham University Teaching Hospital, Jos",hospital,Plateau,,,"23 Zaria Bye-Pass, P.M.B Jos Plateau State.",,,NHIA directory code PL/0150/P,,,area,https://integratedhealthcareltd.com/provider-directory-nhia/,2026-04-23T11:40:35Z,PL/0150/P
nhia_hcp_1516,Bukuru Specialist Hospital,hospital,Plateau,,,Gyel Gyero Road Jos,,,NHIA directory code PL/0077/P,,,area,https://integratedhealthcareltd.com/provider-directory-nhia/,2026-04-23T11:40:35Z,PL/0077/P
nhia_hcp_1517,Comprehensive Health Centre,clinic,Plateau,,,Dadin Kowa,,,NHIA directory code PL/0020/P,,,area,https://integratedhealthcareltd.com/provider-directory-nhia/,2026-04-23T11:40:35Z,PL/0020/P
nhia_hcp_1518,"Cottage Hospital, Bokkos",hospital,Plateau,,,Bokkos,,,NHIA directory code PL/0005/P,,,area,https://integratedhealthcareltd.com/provider-directory-nhia/,2026-04-23T11:40:35Z,PL/0005/P
nhia_hcp_1519,Dee Medical Centre,clinic,Plateau,,,"Plot BP 1669/21 Bukuru Express way, Off Kugiya Road, Jos, Plateau State.",,,NHIA directory code PL/0158/P,,,area,https://integratedhealthcareltd.com/provider-directory-nhia/,2026-04-23T11:40:35Z,PL/0158/P
nhia_hcp_1520,Eldin Specialist Hospital,hospital,Plateau,,,"12 Dogon Dutse Road, Jos,P.O BOX 1009 Plateau State.",,,NHIA directory code PL/0007/P,,,area,https://integratedhealthcareltd.com/provider-directory-nhia/,2026-04-23T11:40:35Z,PL/0007/P
nhia_hcp_1521,Federal Lowcost Clinic And Maternity,clinic,Plateau,,,"Federal Lowcost Miango Road Jos, P.O BOX 6190 Jos.",,,NHIA directory code PL/0078/P,,,area,https://integratedhealthcareltd.com/provider-directory-nhia/,2026-04-23T11:40:35Z,PL/0078/P
nhia_hcp_1522,Fertile Ground Hospital,hospital,Plateau,,,"Plot 1234, Zaramaganda, Jos, Adjacent Golden Bread, Plateau State.",,,NHIA directory code PL/0159/P,,,area,https://integratedhealthcareltd.com/provider-directory-nhia/,2026-04-23T11:40:35Z,PL/0159/P
nhia_hcp_1523,Focus Hospital,hospital,Plateau,,,"No. 7 NEPA Close, Tudun Wada Layout, Jos",,,NHIA directory code PL/0116/P,,,area,https://integratedhealthcareltd.com/provider-directory-nhia/,2026-04-23T11:40:35Z,PL/0116/P
nhia_hcp_1524,"General Hospital, Barkin-Ladi",hospital,Plateau,,,Barkin-Ladi,,,NHIA directory code PL/0001/P,,,area,https://integratedhealthcareltd.com/provider-directory-nhia/,2026-04-23T11:40:35Z,PL/0001/P
nhia_hcp_1525,"General Hospital, Langtang",hospital,Plateau,,,"Langtang, Jos",,,NHIA directory code PL/0011/P,,,area,https://integratedhealthcareltd.com/provider-directory-nhia/,2026-04-23T11:40:35Z,PL/0011/P
nhia_hcp_1526,"General Hospital, Pankshin",hospital,Plateau,,,Pankshin,,,NHIA directory code PL/0015/P,,,area,https://integratedhealthcareltd.com/provider-directory-nhia/,2026-04-23T11:40:35Z,PL/0015/P
nhia_hcp_1527,G-ROYAL HOSPITAL AND MATERNITY,clinic,Plateau,,,PLATEAU STATE,,,NHIA directory code PL/0186/P,,,area,https://integratedhealthcareltd.com/provider-directory-nhia/,2026-04-23T11:40:35Z,PL/0186/P
nhia_hcp_1528,Gwash Specialist Hospital,hospital,Plateau,,,"New Abuja, Opp. Summary Hotel Dadin Kowa",,,NHIA directory code PL/0023/P,,,area,https://integratedhealthcareltd.com/provider-directory-nhia/,2026-04-23T11:40:35Z,PL/0023/P
nhia_hcp_1529,Helpang Medical Centre,clinic,Plateau,,,"Helpang Barikin Ladi, Plateau state.",,,NHIA directory code PL/0071/P,,,area,https://integratedhealthcareltd.com/provider-directory-nhia/,2026-04-23T11:40:35Z,PL/0071/P
nhia_hcp_1530,Hope Hill Specialist Medical Centre,clinic,Plateau,,,"No. 7C Hospital Place, Opp. Four Square Gospel Church, Along Green Valley Hotel, Jos",,,NHIA directory code PL/0169/P,,,area,https://integratedhealthcareltd.com/provider-directory-nhia/,2026-04-23T11:40:35Z,PL/0169/P
nhia_hcp_1531,Hwolshe Medical Centre,clinic,Plateau,,,"Tudun Wada Ring Road, P O Box 8103, Anglo, Jos",,,NHIA directory code PL/0108/P,,,area,https://integratedhealthcareltd.com/provider-directory-nhia/,2026-04-23T11:40:35Z,PL/0108/P
nhia_hcp_1532,JANIK SPECIALIST HOSPITAL,hospital,Plateau,,,T78 Tudun Wada Ring Road Beside Coomex Hotel Jos.,,,NHIA directory code PL/0189/P,,,area,https://integratedhealthcareltd.com/provider-directory-nhia/,2026-04-23T11:40:35Z,PL/0189/P
nhia_hcp_1533,Jenvak Hospital,hospital,Plateau,,,"22B, T/Wada Ring Road, Jos. P.O BOX 5698 JOS.",,,NHIA directory code PL/0117/P,,,area,https://integratedhealthcareltd.com/provider-directory-nhia/,2026-04-23T11:40:35Z,PL/0117/P
nhia_hcp_1534,Jos University Teaching Hospital,hospital,Plateau,,,"No. 3 Murtala Mohammed Way, Jos.",,,NHIA directory code PL/0100/P,,,area,https://integratedhealthcareltd.com/provider-directory-nhia/,2026-04-23T11:40:35Z,PL/0100/P
nhia_hcp_1535,Kauna Hospital,hospital,Plateau,,,"35 Ahmadu Bello Way, On Rwang-Pam",,,NHIA directory code PL/0010/P,,,area,https://integratedhealthcareltd.com/provider-directory-nhia/,2026-04-23T11:40:35Z,PL/0010/P
nhia_hcp_1536,Lawrak Hospital,hospital,Plateau,,,"21, Temple Road Off Miango Road Jos,",,,NHIA directory code PL/0080/P,,,area,https://integratedhealthcareltd.com/provider-directory-nhia/,2026-04-23T11:40:35Z,PL/0080/P
nhia_hcp_1537,M & B Medical Centre,clinic,Plateau,,,"Dorowa,Village,P.O.BOX 936 Bukuru.",,,NHIA directory code PL/0139/P,,,area,https://integratedhealthcareltd.com/provider-directory-nhia/,2026-04-23T11:40:35Z,PL/0139/P
nhia_hcp_1538,Marysol Specialist Hospital,hospital,Plateau,,,"Kwang Delimi, Off Rayfield Resort Road, Jos, Plateau State.",,,NHIA directory code PL/0161/P,,,area,https://integratedhealthcareltd.com/provider-directory-nhia/,2026-04-23T11:40:35Z,PL/0161/P
nhia_hcp_1539,Mashiah Foundation Clinic,clinic,Plateau,,,"Behind JMDB Qtrs Tundu Wada, Jos, Plateau State.",,,NHIA directory code PL/0165/P,,,area,https://integratedhealthcareltd.com/provider-directory-nhia/,2026-04-23T11:40:35Z,PL/0165/P
nhia_hcp_1540,Matanmi Hospital,hospital,Plateau,,,89 Masallachin Juma''''a Jos,,,NHIA directory code PL/0067/P,,,area,https://integratedhealthcareltd.com/provider-directory-nhia/,2026-04-23T11:40:35Z,PL/0067/P
nhia_hcp_1541,May Hospital,hospital,Plateau,,,Yelwa Rd Box 181 Shendam,,,NHIA directory code PL/0069/P,,,area,https://integratedhealthcareltd.com/provider-directory-nhia/,2026-04-23T11:40:35Z,PL/0069/P
nhia_hcp_1542,MERCY-SEAT SPECIALIST HOSPITAL-,hospital,Plateau,,,,,,NHIA directory code PL/0184/P,,,area,https://integratedhealthcareltd.com/provider-directory-nhia/,2026-04-23T11:40:35Z,PL/0184/P
nhia_hcp_1543,NA ALLA NA KOWA HOSPITAL,hospital,Plateau,,,,,,NHIA directory code PL/0194/P,,,area,https://integratedhealthcareltd.com/provider-directory-nhia/,2026-04-23T11:40:35Z,PL/0194/P
nhia_hcp_1544,Nassarawa Medical Centre,clinic,Plateau,,,"4B Dogon Dutse Jos,",,,NHIA directory code PL/0079/P,,,area,https://integratedhealthcareltd.com/provider-directory-nhia/,2026-04-23T11:40:35Z,PL/0079/P
nhia_hcp_1545,National Inst. for Policy & Strategic Studies Medical Centre,clinic,Plateau,,,"Jos South, Jos, Plateau State.",,,NHIA directory code PL/0106/P,,,area,https://integratedhealthcareltd.com/provider-directory-nhia/,2026-04-23T11:40:35Z,PL/0106/P
nhia_hcp_1546,New Era Clinic,clinic,Plateau,,,"Jk 27 Chollon Street, Off Apata",,,NHIA directory code PL/0008/P,,,area,https://integratedhealthcareltd.com/provider-directory-nhia/,2026-04-23T11:40:35Z,PL/0008/P
nhia_hcp_1547,NIGERIAN INSTITUTE OF MININGAND,hospital,Plateau,,,"Institute of Mining and Geosciences permanent site. Miango road, Dong, Jos",,,NHIA directory code PL/0183/P,,,area,https://integratedhealthcareltd.com/provider-directory-nhia/,2026-04-23T11:40:35Z,PL/0183/P
nhia_hcp_1548,Nissi Dominus Medical Centre,clinic,Plateau,,,"Jaktu Estate, P.O.Box 75, Mangu, Plateau State,",,,NHIA directory code PL/0070/P,,,area,https://integratedhealthcareltd.com/provider-directory-nhia/,2026-04-23T11:40:35Z,PL/0070/P
nhia_hcp_1549,Oasis Medical Centre,clinic,Plateau,,,"1, Selcan Miner Street after St. Monicaï¿½s Catholic Church, State Lowcost, Rantya, Jos, Plateau State",,,NHIA directory code PL/0164/P,,,area,https://integratedhealthcareltd.com/provider-directory-nhia/,2026-04-23T11:40:35Z,PL/0164/P
nhia_hcp_1550,Ola Hospital & Orphanage Zawan,hospital,Plateau,,,"Ola Hospital, Zawan, Plateau State",,,NHIA directory code PL/0107/P,,,area,https://integratedhealthcareltd.com/provider-directory-nhia/,2026-04-23T11:40:35Z,PL/0107/P
nhia_hcp_1551,Our Lady Of Apostle Hospital ( O. L. A. ),hospital,Plateau,,,"1 Zaria Bye-Pass, Plateau State Nigeria.",,,NHIA directory code PL/0075/P,,,area,https://integratedhealthcareltd.com/provider-directory-nhia/,2026-04-23T11:40:35Z,PL/0075/P
nhia_hcp_1552,Parkview Family Medicine Royal Hospital,hospital,Plateau,,,By Solomon Lar,,,NHIA directory code PL/0167/P,,,area,https://integratedhealthcareltd.com/provider-directory-nhia/,2026-04-23T11:40:35Z,PL/0167/P
nhia_hcp_1553,Plateau Specialist Hospital,hospital,Plateau,,,"Jos, Plateau State",,,NHIA directory code PL/0102/P,,,area,https://integratedhealthcareltd.com/provider-directory-nhia/,2026-04-23T11:40:35Z,PL/0102/P
nhia_hcp_1554,Samantha Lucil Hospital,hospital,Plateau,,,"16, Enugu-Agidi street Jos",,,NHIA directory code PL/0072/P,,,area,https://integratedhealthcareltd.com/provider-directory-nhia/,2026-04-23T11:40:35Z,PL/0072/P
nhia_hcp_1555,Sauki Clinic & Hospital,clinic,Plateau,,,"1 Joseph Gomwalk Road, Jos",,,NHIA directory code PL/0009/P,,,area,https://integratedhealthcareltd.com/provider-directory-nhia/,2026-04-23T11:40:35Z,PL/0009/P
nhia_hcp_1556,Skane Radio-Diagnostic Centre Nig. Ltd,lab,Plateau,,,"32B Ibrahim Taiwo Road, Jos, Opp. Plateau Hospital, Jos",,,NHIA directory code PL/0124/P,,,area,https://integratedhealthcareltd.com/provider-directory-nhia/,2026-04-23T11:40:35Z,PL/0124/P
nhia_hcp_1557,Solat Women Hospital Jos,hospital,Plateau,,,4A Kashim Ibrahim Street Jos,,,NHIA directory code PL/0076/P,,,area,https://integratedhealthcareltd.com/provider-directory-nhia/,2026-04-23T11:40:35Z,PL/0076/P
nhia_hcp_1558,Stahealth Specialist Hospital,hospital,Plateau,,,"Jos, Plateau State",,,NHIA directory code PL/0182/P,,,area,https://integratedhealthcareltd.com/provider-directory-nhia/,2026-04-23T11:40:35Z,PL/0182/P
nhia_hcp_1559,Top-Notch Medicare Hospital,hospital,Plateau,,,,,,NHIA directory code PL/0211/P,,,area,https://integratedhealthcareltd.com/provider-directory-nhia/,2026-04-23T11:40:35Z,PL/0211/P
nhia_hcp_1560,University of Jos Health Centre,clinic,Plateau,,,"Permanent site, Farin Gada road, Jos, P.M.B 2084 Jos, Plateau State.",,,NHIA directory code PL/0064/P,,,area,https://integratedhealthcareltd.com/provider-directory-nhia/,2026-04-23T11:40:35Z,PL/0064/P
nhia_hcp_1561,Virgill Mem Catholic Health Centre,clinic,Plateau,,,"Namu P O Box 10 Shendam, Jos",,,NHIA directory code PL/0112/P,,,area,https://integratedhealthcareltd.com/provider-directory-nhia/,2026-04-23T11:40:35Z,PL/0112/P
nhia_hcp_1562,Vom Christian Hospital,hospital,Plateau,,,"P.M.B 06 Vom Plateau State Vom, Plateau State.",,,NHIA directory code PL/0121/P,,,area,https://integratedhealthcareltd.com/provider-directory-nhia/,2026-04-23T11:40:35Z,PL/0121/P
nhia_hcp_1563,Wase Cottage Hopital,hospital,Plateau,,,"Wase Town, Garkawa Rd",,,NHIA directory code PL/0175/P,,,area,https://integratedhealthcareltd.com/provider-directory-nhia/,2026-04-23T11:40:35Z,PL/0175/P
nhia_hcp_1564,97 SOG Medical Centre,clinic,Rivers,,,NAF Base Port Harcourt,,,NHIA directory code RV/0221/P,,,area,https://integratedhealthcareltd.com/provider-directory-nhia/,2026-04-23T11:40:35Z,RV/0221/P
nhia_hcp_1565,Acron Medical Consultants,hospital,Rivers,,,"14, Andrew's Street, Rumuobiokani",,,NHIA directory code RV/0087/P,,,area,https://integratedhealthcareltd.com/provider-directory-nhia/,2026-04-23T11:40:35Z,RV/0087/P
nhia_hcp_1566,Alphonso Hospital,hospital,Rivers,,,"191A,OLD REFINERY ROADAmadi Bus Stop, Along Refinery Rd., Elelenwon",,,NHIA directory code RV/0097/P,,,area,https://integratedhealthcareltd.com/provider-directory-nhia/,2026-04-23T11:40:35Z,RV/0097/P
nhia_hcp_1567,Anchor Hospital,hospital,Rivers,,,km 15 P/H - Aba Expressway,,,NHIA directory code RV/0007/P,,,area,https://integratedhealthcareltd.com/provider-directory-nhia/,2026-04-23T11:40:35Z,RV/0007/P
nhia_hcp_1568,APRIL HOSPITAL,hospital,Rivers,,,"300B Uniport Road , Ozuoba, Port Harcourt, Rivers state",,,NHIA directory code RV/0495/P,,,area,https://integratedhealthcareltd.com/provider-directory-nhia/,2026-04-23T11:40:35Z,RV/0495/P
nhia_hcp_1569,Cottage Hospital/Comprehensive Health Centre,clinic,Rivers,,,"Rivers State Police Command, Rivers State",,,NHIA directory code RV/0237/P,,,area,https://integratedhealthcareltd.com/provider-directory-nhia/,2026-04-23T11:40:35Z,RV/0237/P
nhia_hcp_1570,Datta Medical Centre,clinic,Rivers,,,"21A Woji Road, Off Old Aba Road, P/H",,,NHIA directory code RV/0246/P,,,area,https://integratedhealthcareltd.com/provider-directory-nhia/,2026-04-23T11:40:35Z,RV/0246/P
nhia_hcp_1571,DSS Clinic,clinic,Rivers,,,"Port Harcourt, Rivers State",,,NHIA directory code RV/0350/P,,,area,https://integratedhealthcareltd.com/provider-directory-nhia/,2026-04-23T11:40:35Z,RV/0350/P
nhia_hcp_1572,Ebony Hospital,hospital,Rivers,,,"9 Orazi Road, Rumuogba -Odio",,,NHIA directory code RV/0017/P,,,area,https://integratedhealthcareltd.com/provider-directory-nhia/,2026-04-23T11:40:35Z,RV/0017/P
nhia_hcp_1573,First Rivers Hospital,hospital,Rivers,,,250a Ph/Aba Expressway,,,NHIA directory code RV/0088/P,,,area,https://integratedhealthcareltd.com/provider-directory-nhia/,2026-04-23T11:40:35Z,RV/0088/P
nhia_hcp_1574,Health Fountains Hospital,hospital,Rivers,,,"NTA/Uniport Road , Ozuoba, P/H",,,NHIA directory code RV/0251/P,,,area,https://integratedhealthcareltd.com/provider-directory-nhia/,2026-04-23T11:40:35Z,RV/0251/P
nhia_hcp_1575,Immanuel Clinic,clinic,Rivers,,,"4, Nkanwa Lane, off NTA Rd Rumnokuta",,,NHIA directory code RV/0215/P,,,area,https://integratedhealthcareltd.com/provider-directory-nhia/,2026-04-23T11:40:35Z,RV/0215/P
nhia_hcp_1576,Maryland Health Care,hospital,Rivers,,,"No.1 Igwuruta Road, Rumuokurushi",,,NHIA directory code RV/0003/P,,,area,https://integratedhealthcareltd.com/provider-directory-nhia/,2026-04-23T11:40:35Z,RV/0003/P
nhia_hcp_1577,Meridian Hospitals,hospital,Rivers,,,"21, Ibokwe Street, D.Line",,,NHIA directory code RV/0040/P,,,area,https://integratedhealthcareltd.com/provider-directory-nhia/,2026-04-23T11:40:35Z,RV/0040/P
nhia_hcp_1578,"Military Hospital, P/Harcourt",hospital,Rivers,,,"Port Harcourt, Rivers State",,,NHIA directory code RV/0220/P,,,area,https://integratedhealthcareltd.com/provider-directory-nhia/,2026-04-23T11:40:35Z,RV/0220/P
nhia_hcp_1579,MINAÃ¢â‚¬â„¢S UROLOGICAL/SPECIALIST HOS,hospital,Rivers,,,,,,NHIA directory code RV/0437/P,,,area,https://integratedhealthcareltd.com/provider-directory-nhia/,2026-04-23T11:40:35Z,RV/0437/P
nhia_hcp_1580,Morning Star Hospital,hospital,Rivers,,,"19 Isiokpo Street, D/Line PH.",,,NHIA directory code RV/0099/P,,,area,https://integratedhealthcareltd.com/provider-directory-nhia/,2026-04-23T11:40:35Z,RV/0099/P
nhia_hcp_1581,Navy Medical Centre - Onne,clinic,Rivers,,,"Onne, Port Harcourt, Rivers State",,,NHIA directory code RV/0239/P,,,area,https://integratedhealthcareltd.com/provider-directory-nhia/,2026-04-23T11:40:35Z,RV/0239/P
nhia_hcp_1582,New Mile One Hospital,hospital,Rivers,,,"15 Emenike Street, Mile 1 Diobu",,,NHIA directory code RV/0090/P,,,area,https://integratedhealthcareltd.com/provider-directory-nhia/,2026-04-23T11:40:35Z,RV/0090/P
nhia_hcp_1583,New Orlins Clinic,clinic,Rivers,,,"9 Orazi Road, Rumola",,,NHIA directory code RV/0010/P,,,area,https://integratedhealthcareltd.com/provider-directory-nhia/,2026-04-23T11:40:35Z,RV/0010/P
nhia_hcp_1584,Palmers Hospital & Mat. Home,hospital,Rivers,,,"5/7 Agip Road Rumueme, P/H.",,,NHIA directory code RV/0102/P,,,area,https://integratedhealthcareltd.com/provider-directory-nhia/,2026-04-23T11:40:35Z,RV/0102/P
nhia_hcp_1585,Pamo Clinics & Hospital Ltd.,hospital,Rivers,,,"300 Aba Rd., Rumuomasi",,,NHIA directory code RV/0210/P,,,area,https://integratedhealthcareltd.com/provider-directory-nhia/,2026-04-23T11:40:35Z,RV/0210/P
nhia_hcp_1586,Princess Medical Centre,clinic,Rivers,,,"No.7 National Supply Road, Canco/Bewac Junction, Trans-Amadi Industrial Layout, P/Harcourt.",,,NHIA directory code RV/0008/P,,,area,https://integratedhealthcareltd.com/provider-directory-nhia/,2026-04-23T11:40:35Z,RV/0008/P
nhia_hcp_1587,Pristine Med. Consultant,hospital,Rivers,,,"7 Nwviuke Rd., Off 125 Okporo Rd., Rumuogba",,,NHIA directory code RV/0094/P,,,area,https://integratedhealthcareltd.com/provider-directory-nhia/,2026-04-23T11:40:35Z,RV/0094/P
nhia_hcp_1588,Providence Clinic & Maternity,clinic,Rivers,,,"11 Railway Close, D-Line Port Harcourt.",,,NHIA directory code RV/0050/P,,,area,https://integratedhealthcareltd.com/provider-directory-nhia/,2026-04-23T11:40:35Z,RV/0050/P
nhia_hcp_1589,Queens Clinic,clinic,Rivers,,,38 Rumuolumini Rd Wimpy Junction Port Harcourt,,,NHIA directory code RV/0016/P,,,area,https://integratedhealthcareltd.com/provider-directory-nhia/,2026-04-23T11:40:35Z,RV/0016/P
nhia_hcp_1590,Raziela Specialist Clinic,clinic,Rivers,,,Rivers State,,,NHIA directory code RV/0486/P,,,area,https://integratedhealthcareltd.com/provider-directory-nhia/,2026-04-23T11:40:35Z,RV/0486/P
nhia_hcp_1591,River State University Teaching Hospital,hospital,Rivers,,,"No. 8, Harley Street,Old GRA Port Harcourt",,,NHIA directory code RV/0048/P,,,area,https://integratedhealthcareltd.com/provider-directory-nhia/,2026-04-23T11:40:35Z,RV/0048/P
nhia_hcp_1592,Rivon Clinic,clinic,Rivers,,,"Aba/Ph Expressway, Genesis Junction",,,NHIA directory code RV/0092/P,,,area,https://integratedhealthcareltd.com/provider-directory-nhia/,2026-04-23T11:40:35Z,RV/0092/P
nhia_hcp_1593,Shammar Christian Hospital,hospital,Rivers,,,"Plot 16 Block 33 Woji Estate, Port Harcourt",,,NHIA directory code RV/0400/P,,,area,https://integratedhealthcareltd.com/provider-directory-nhia/,2026-04-23T11:40:35Z,RV/0400/P
nhia_hcp_1594,SHAWS AND MEDICAL CENTRE,clinic,Rivers,,,,,,NHIA directory code RV/0583/P,,,area,https://integratedhealthcareltd.com/provider-directory-nhia/,2026-04-23T11:40:35Z,RV/0583/P
nhia_hcp_1595,Siya Medical Centre,clinic,Rivers,,,"112, Old Aba Road, Rumuobiakani, Port Harcourt",,,NHIA directory code RV/0019/P,,,area,https://integratedhealthcareltd.com/provider-directory-nhia/,2026-04-23T11:40:35Z,RV/0019/P
nhia_hcp_1596,Sonabel Medical Centre,clinic,Rivers,,,"14 Owabie/ebara Road, Mile 4 Rumueme Olazi Port Harcourt",,,NHIA directory code RV/0089/P,,,area,https://integratedhealthcareltd.com/provider-directory-nhia/,2026-04-23T11:40:35Z,RV/0089/P
nhia_hcp_1597,Spring Rose Hospital,hospital,Rivers,,,No.22 Rumuagbola Road Port Harcourt River State,,,NHIA directory code RV/0403/P,,,area,https://integratedhealthcareltd.com/provider-directory-nhia/,2026-04-23T11:40:35Z,RV/0403/P
nhia_hcp_1598,Springs Hospital,hospital,Rivers,,,"458, Ikwere Road by Kala B/Stop, Mile 5, Diobu",,,NHIA directory code RV/0004/P,,,area,https://integratedhealthcareltd.com/provider-directory-nhia/,2026-04-23T11:40:35Z,RV/0004/P
nhia_hcp_1599,St. Catherines Specialist Clinic,clinic,Rivers,,,"17b Ahiamakara Road, By Nwaya Junction, Trans-Amadi",,,NHIA directory code RV/0093/P,,,area,https://integratedhealthcareltd.com/provider-directory-nhia/,2026-04-23T11:40:35Z,RV/0093/P
nhia_hcp_1600,St. Martins Hospital,hospital,Rivers,,,28b Flaming Avenue Rumuomasi Phc River,,,NHIA directory code RV/0104/P,,,area,https://integratedhealthcareltd.com/provider-directory-nhia/,2026-04-23T11:40:35Z,RV/0104/P
nhia_hcp_1601,St. Mary's Hospital & Maternity,clinic,Rivers,,,"5, Estate Road, Woji",,,NHIA directory code RV/0080/P,,,area,https://integratedhealthcareltd.com/provider-directory-nhia/,2026-04-23T11:40:35Z,RV/0080/P
nhia_hcp_1602,St. Patrick Hospital,hospital,Rivers,,,3 Ogbunabali Street,,,NHIA directory code RV/0096/P,,,area,https://integratedhealthcareltd.com/provider-directory-nhia/,2026-04-23T11:40:35Z,RV/0096/P
nhia_hcp_1603,Sterling Specialist Hospital,hospital,Rivers,,,"5 King Jaja Street, Port Harcourt",,,NHIA directory code RV/0481/P,,,area,https://integratedhealthcareltd.com/provider-directory-nhia/,2026-04-23T11:40:35Z,RV/0481/P
nhia_hcp_1604,SUCCESS LIFE SPECIALIST CLINIC,clinic,Rivers,,,RIVER STATE,,,NHIA directory code RV/0483/P,,,area,https://integratedhealthcareltd.com/provider-directory-nhia/,2026-04-23T11:40:35Z,RV/0483/P
nhia_hcp_1605,Teme Hospital Ltd,hospital,Rivers,,,"10, New Hospital Lane, Mile 1",,,NHIA directory code RV/0081/P,,,area,https://integratedhealthcareltd.com/provider-directory-nhia/,2026-04-23T11:40:35Z,RV/0081/P
nhia_hcp_1606,The Riverside Clinic,clinic,Rivers,,,"21 Harbour Road , P/H",,,NHIA directory code RV/0252/P,,,area,https://integratedhealthcareltd.com/provider-directory-nhia/,2026-04-23T11:40:35Z,RV/0252/P
nhia_hcp_1607,The Shield Clinics,hospital,Rivers,,,"Plot 4 Close D, Peace Estate, Trans Woji Road, Port Harcourt",,,NHIA directory code RV/0378/P,,,area,https://integratedhealthcareltd.com/provider-directory-nhia/,2026-04-23T11:40:35Z,RV/0378/P
nhia_hcp_1608,University of Port Harcourt (Lulu Briggs Health Centre),clinic,Rivers,,,University of Port Harcourt,,,NHIA directory code RV/0387/P,,,area,https://integratedhealthcareltd.com/provider-directory-nhia/,2026-04-23T11:40:35Z,RV/0387/P
nhia_hcp_1609,University Of Port Harcourt Teaching Hospital,hospital,Rivers,,,Port Harcourt,,,NHIA directory code RV/0047/P,,,area,https://integratedhealthcareltd.com/provider-directory-nhia/,2026-04-23T11:40:35Z,RV/0047/P
nhia_hcp_1610,Vita Medical Centre,clinic,Rivers,,,"22, Nsukka Street, Mile1 Diobu,",,,NHIA directory code RV/0051/P,,,area,https://integratedhealthcareltd.com/provider-directory-nhia/,2026-04-23T11:40:35Z,RV/0051/P
nhia_hcp_1611,8 DIVISION MEDICAL SERVICES AND H,hospital,Sokoto,,,"Sokoto, Sokoto State",,,NHIA directory code SO/0031/P,,,area,https://integratedhealthcareltd.com/provider-directory-nhia/,2026-04-23T11:40:35Z,SO/0031/P
nhia_hcp_1612,ASHMED SPECIALIST HOSPITAL,hospital,Sokoto,,,"Ramaniyya, off Sama road, Sokoto, Sokoto State.",,,NHIA directory code SO/0177/P,,,area,https://integratedhealthcareltd.com/provider-directory-nhia/,2026-04-23T11:40:35Z,SO/0177/P
nhia_hcp_1613,Caliphate Multi Specialist Hospital Sokoto.,hospital,Sokoto,,,,,,NHIA directory code SO/0080/P,,,area,https://integratedhealthcareltd.com/provider-directory-nhia/,2026-04-23T11:40:35Z,SO/0080/P
nhia_hcp_1614,Lafiya Clinic & Health Services,clinic,Sokoto,,,"25, Shuni Road, Mararaba, Sokoto",,,NHIA directory code SO/0008/P,,,area,https://integratedhealthcareltd.com/provider-directory-nhia/,2026-04-23T11:40:35Z,SO/0008/P
nhia_hcp_1615,Liberty Clinic,clinic,Sokoto,,,"11, Gummi Road, Hajiya Halima Estate, Sokoto",,,NHIA directory code SO/0040/P,,,area,https://integratedhealthcareltd.com/provider-directory-nhia/,2026-04-23T11:40:35Z,SO/0040/P
nhia_hcp_1616,Police Clinic,clinic,Sokoto,,,Sokoto,,,NHIA directory code SO/0041/P,,,area,https://integratedhealthcareltd.com/provider-directory-nhia/,2026-04-23T11:40:35Z,SO/0041/P
nhia_hcp_1617,Rahamah Clinic And Maternity Home,clinic,Sokoto,,,"No. 55 Opp Masallacin mai Kilishi, Nakasari area, gagi road, Sokoto",,,NHIA directory code SO/0167/P,,,area,https://integratedhealthcareltd.com/provider-directory-nhia/,2026-04-23T11:40:35Z,SO/0167/P
nhia_hcp_1618,Shepherd Specialist Clinic,clinic,Sokoto,,,No. 32 Zaria Rd. Ung. Rogo Area,,,NHIA directory code SO/0004/P,,,area,https://integratedhealthcareltd.com/provider-directory-nhia/,2026-04-23T11:40:35Z,SO/0004/P
nhia_hcp_1619,Sokoto Clinic,clinic,Sokoto,,,"46, Abdullahi Fodio Road Sokoto",,,NHIA directory code SO/0002/P,,,area,https://integratedhealthcareltd.com/provider-directory-nhia/,2026-04-23T11:40:35Z,SO/0002/P
nhia_hcp_1620,Specialist Hospital,hospital,Sokoto,,,"Sultan Abubakar Road, P.M.B 2133,Sokoto",,,NHIA directory code SO/0006/P,,,area,https://integratedhealthcareltd.com/provider-directory-nhia/,2026-04-23T11:40:35Z,SO/0006/P
nhia_hcp_1621,Ubandoma Soecialist Clinic,clinic,Sokoto,,,"# 24, Besse Road, Rujin Sambo Area, Sokoto",,,NHIA directory code SO/0073/P,,,area,https://integratedhealthcareltd.com/provider-directory-nhia/,2026-04-23T11:40:35Z,SO/0073/P
nhia_hcp_1622,Usman Danfodio University Sokoto,hospital,Sokoto,,,Health Services. P.M.B 2346 Sokoto.,,,NHIA directory code SO/0037/P,,,area,https://integratedhealthcareltd.com/provider-directory-nhia/,2026-04-23T11:40:35Z,SO/0037/P
nhia_hcp_1623,Usman Danfodio University Teaching Hospital,hospital,Sokoto,,,"No. 1 Hospital Road, Gawon Nama Area. PMB 2370, Sokoto. (Behind Standard Trust Bank, Kano Rd. Sokoto)",,,NHIA directory code SO/0010/P,,,area,https://integratedhealthcareltd.com/provider-directory-nhia/,2026-04-23T11:40:35Z,SO/0010/P
nhia_hcp_1624,"20 BN MRS, Jalingo",hospital,Taraba,,,Serti Baruwa.,,,NHIA directory code TR/0039/P,,,area,https://integratedhealthcareltd.com/provider-directory-nhia/,2026-04-23T11:40:35Z,TR/0039/P
nhia_hcp_1625,Abdul Medical Centre,clinic,Taraba,,,"No. 5 Donga Road, Jalingo.",,,NHIA directory code TR/0014/P,,,area,https://integratedhealthcareltd.com/provider-directory-nhia/,2026-04-23T11:40:35Z,TR/0014/P
nhia_hcp_1626,Biyama Hospital,hospital,Taraba,,,No 29 Ipris Makeri Str. Wukari-Taraba State.,,,NHIA directory code TR/0003/P,,,area,https://integratedhealthcareltd.com/provider-directory-nhia/,2026-04-23T11:40:35Z,TR/0003/P
nhia_hcp_1627,"Courage Hospital, Mayo Renowo Crescent",hospital,Taraba,,,"Mayo Renowo Crescent, Behind State Legislative Qtrs,Jalingo",,,NHIA directory code TR/0006/P,,,area,https://integratedhealthcareltd.com/provider-directory-nhia/,2026-04-23T11:40:35Z,TR/0006/P
nhia_hcp_1628,"Federal Medical Centre, Jalingo",clinic,Taraba,,,"No. 29 Idris Makeri Street, P.M.B. 1061, Jalingo Taraba State.",,,NHIA directory code TR/0009/P,,,area,https://integratedhealthcareltd.com/provider-directory-nhia/,2026-04-23T11:40:35Z,TR/0009/P
nhia_hcp_1629,First Referral Hospital.,hospital,Taraba,,,Serti Taraba State,,,NHIA directory code TR/0047/P,,,area,https://integratedhealthcareltd.com/provider-directory-nhia/,2026-04-23T11:40:35Z,TR/0047/P
nhia_hcp_1630,Gateway Hospital,hospital,Taraba,,,"No. 46 Abuja street, off Douga Rd.Jalingo.",,,NHIA directory code TR/0005/P,,,area,https://integratedhealthcareltd.com/provider-directory-nhia/,2026-04-23T11:40:35Z,TR/0005/P
nhia_hcp_1631,"General Hospital, Bali",hospital,Taraba,,,"Tkum Road, Bali LGA Taraba State",,,NHIA directory code TR/0037/P,,,area,https://integratedhealthcareltd.com/provider-directory-nhia/,2026-04-23T11:40:35Z,TR/0037/P
nhia_hcp_1632,"General Hospital, Gembu",hospital,Taraba,,,"Gembu, Taraba State.",,,NHIA directory code TR/0038/P,,,area,https://integratedhealthcareltd.com/provider-directory-nhia/,2026-04-23T11:40:35Z,TR/0038/P
nhia_hcp_1633,"General Hospital, Wukari",hospital,Taraba,,,"Wukari, Taraba State",,,NHIA directory code TR/0007/P,,,area,https://integratedhealthcareltd.com/provider-directory-nhia/,2026-04-23T11:40:35Z,TR/0007/P
nhia_hcp_1634,"General Hospital, Zing",hospital,Taraba,,,"BITAKO ROAD, Zing, Taraba State",,,NHIA directory code TR/0013/P,,,area,https://integratedhealthcareltd.com/provider-directory-nhia/,2026-04-23T11:40:35Z,TR/0013/P
nhia_hcp_1635,Taraba Specialist Hospital,hospital,Taraba,,,"1, Jolly Nyame Way, Off By-Pass, Jalingo Taraba state",,,NHIA directory code TR/0045/P,,,area,https://integratedhealthcareltd.com/provider-directory-nhia/,2026-04-23T11:40:35Z,TR/0045/P
nhia_hcp_1636,THE UNITED METHODIST CHURCH HO,hospital,Taraba,,,"Jalingo, Taraba state",,,NHIA directory code TR/0065/P,,,area,https://integratedhealthcareltd.com/provider-directory-nhia/,2026-04-23T11:40:35Z,TR/0065/P
nhia_hcp_1637,University Health Services Centre- TR/00,hospital,Taraba,,,"Wukari, Taraba state",,,NHIA directory code TR/0048/P,,,area,https://integratedhealthcareltd.com/provider-directory-nhia/,2026-04-23T11:40:35Z,TR/0048/P
nhia_hcp_1638,Ajiko Medical Center,clinic,Yobe,,,"Along Gashua Rd, DAMATURU YOBE STATE",,,NHIA directory code YB/0020/P,,,area,https://integratedhealthcareltd.com/provider-directory-nhia/,2026-04-23T11:40:35Z,YB/0020/P
nhia_hcp_1639,Ayaji Medical & Diagnostic Centre,lab,Yobe,,,YOBE STATE,,,NHIA directory code YB/0047/P,,,area,https://integratedhealthcareltd.com/provider-directory-nhia/,2026-04-23T11:40:35Z,YB/0047/P
nhia_hcp_1640,Bade Medical Clinic,clinic,Yobe,,,"P.O Box 199 Sabon Gari Ward, Gashua Yobe State.",,,NHIA directory code YB/0001/P,,,area,https://integratedhealthcareltd.com/provider-directory-nhia/,2026-04-23T11:40:35Z,YB/0001/P
nhia_hcp_1641,Dr(Mrs) Maryam Abacha Fsp,hospital,Yobe,,,"Gashua Rd., Damaturu.",,,NHIA directory code YB/0007/P,,,area,https://integratedhealthcareltd.com/provider-directory-nhia/,2026-04-23T11:40:35Z,YB/0007/P
nhia_hcp_1642,"Federal College Of Education, Potiskum",hospital,Yobe,,,"Muhammad Idrissa Way, Potiskum, Yobe State",,,NHIA directory code YB/0032/P,,,area,https://integratedhealthcareltd.com/provider-directory-nhia/,2026-04-23T11:40:35Z,YB/0032/P
nhia_hcp_1643,"Federal Medical Center, Nguru",clinic,Yobe,,,Along Gashua Rd.,,,NHIA directory code YB/0017/P,,,area,https://integratedhealthcareltd.com/provider-directory-nhia/,2026-04-23T11:40:35Z,YB/0017/P
nhia_hcp_1644,GENERAL HOSPITAL DAMAGUM- YB/0,hospital,Yobe,,,,,,NHIA directory code YB/0044/P,,,area,https://integratedhealthcareltd.com/provider-directory-nhia/,2026-04-23T11:40:35Z,YB/0044/P
nhia_hcp_1645,General Hospital Potiskum,hospital,Yobe,,,Along Hospital Road,,,NHIA directory code YB/0019/P,,,area,https://integratedhealthcareltd.com/provider-directory-nhia/,2026-04-23T11:40:35Z,YB/0019/P
nhia_hcp_1646,"General Hospital, Gashua",hospital,Yobe,,,"Gashua,Along Nguru Rd., Gashua",,,NHIA directory code YB/0002/P,,,area,https://integratedhealthcareltd.com/provider-directory-nhia/,2026-04-23T11:40:35Z,YB/0002/P
nhia_hcp_1647,General Sani Abacha Specialist Hospital,hospital,Yobe,,,"Along Gujba Rd., Damaturu",,,NHIA directory code YB/0004/P,,,area,https://integratedhealthcareltd.com/provider-directory-nhia/,2026-04-23T11:40:35Z,YB/0004/P
nhia_hcp_1648,Nasarawa Potiskum Clinic and Maternity,clinic,Yobe,,,YOBE STATE,,,NHIA directory code YB/0055/P,,,area,https://integratedhealthcareltd.com/provider-directory-nhia/,2026-04-23T11:40:35Z,YB/0055/P
nhia_hcp_1649,"Police Clinics, Yobe",hospital,Yobe,,,Yobe State,,,NHIA directory code YB/0031/P,,,area,https://integratedhealthcareltd.com/provider-directory-nhia/,2026-04-23T11:40:35Z,YB/0031/P
nhia_hcp_1650,Potiskum Medical Clinic,clinic,Yobe,,,"No. 166 Mohammed Idriss Way, Potiskum",,,NHIA directory code YB/0022/P,,,area,https://integratedhealthcareltd.com/provider-directory-nhia/,2026-04-23T11:40:35Z,YB/0022/P
nhia_hcp_1651,REGIS MEDICAL CENTERI,hospital,Yobe,,,Yobe state,,,NHIA directory code YB/0239/P,,,area,https://integratedhealthcareltd.com/provider-directory-nhia/,2026-04-23T11:40:35Z,YB/0239/P
nhia_hcp_1652,Yobe State University Teaching Hospital,hospital,Yobe,,,Yobe state,,,NHIA directory code YB/0046/P,,,area,https://integratedhealthcareltd.com/provider-directory-nhia/,2026-04-23T11:40:35Z,YB/0046/P
nhia_hcp_1653,Nigerian Law School Clinic,clinic,Yola,,,"Nigerian Law School, Yola Campus",,,NHIA directory code AD/0127/P,,,area,https://integratedhealthcareltd.com/provider-directory-nhia/,2026-04-23T11:40:35Z,AD/0127/P
nhia_hcp_1654,Daula Hospital & Mat. Home,hospital,Zamfara,,,"Millionaires Qtrs., off K/Namoda Road, Lebin-Lebin Gusau, Zamfara State.",,,NHIA directory code ZF/0006/P,,,area,https://integratedhealthcareltd.com/provider-directory-nhia/,2026-04-23T11:40:35Z,ZF/0006/P
nhia_hcp_1655,Federal Medical Centre Gusau,clinic,Zamfara,,,Gusau P.M.B 1008 BYEPASS ROAD GUSAU,,,NHIA directory code ZF/0021/P,,,area,https://integratedhealthcareltd.com/provider-directory-nhia/,2026-04-23T11:40:35Z,ZF/0021/P
nhia_hcp_1656,"Federal Polytechnic, Kaura Namoda",hospital,Zamfara,,,"Kaura Namoda, Zamfara State",,,NHIA directory code ZF/0027/P,,,area,https://integratedhealthcareltd.com/provider-directory-nhia/,2026-04-23T11:40:35Z,ZF/0027/P
nhia_hcp_1657,"General Hospital, Kaura Namoda",hospital,Zamfara,,,Kaura Namoda,,,NHIA directory code ZF/0017/P,,,area,https://integratedhealthcareltd.com/provider-directory-nhia/,2026-04-23T11:40:35Z,ZF/0017/P
nhia_hcp_1658,"General Hospital, Talata Mafara",hospital,Zamfara,,,"Talata Mafara, Zamfara State",,,NHIA directory code ZF/0019/P,,,area,https://integratedhealthcareltd.com/provider-directory-nhia/,2026-04-23T11:40:35Z,ZF/0019/P
nhia_hcp_1659,Gusau General Hospital - Gusau,clinic,Zamfara,,,"General Sani Abacha way, opposite Federal Medical Centre, Gusau",,,NHIA directory code ZF/0005/P,,,area,https://integratedhealthcareltd.com/provider-directory-nhia/,2026-04-23T11:40:35Z,ZF/0005/P
nhia_hcp_1660,Gusau Medical Clinic,clinic,Zamfara,,,Opp. Govt. House,,,NHIA directory code ZF/0009/P,,,area,https://integratedhealthcareltd.com/provider-directory-nhia/,2026-04-23T11:40:35Z,ZF/0009/P
nhia_hcp_1661,Tsafe General Hospital,hospital,Zamfara,,,Hospital Tsafe Along gusau zaria road tsafe,,,NHIA directory code ZF/0020/P,,,area,https://integratedhealthcareltd.com/provider-directory-nhia/,2026-04-23T11:40:35Z,ZF/0020/P
nhia_hcp_1662,Yariman Bakura Specialist Hospital,hospital,Zamfara,,,"Kawa Namoda Road, Tudun Wada, Gusau, Zamfara State",,,NHIA directory code ZF/0029/P,,,area,https://integratedhealthcareltd.com/provider-directory-nhia/,2026-04-23T11:40:35Z,ZF/0029/P
